entity	יֵשׁוּת
abstraction	הַפְשָׁטָה
abstract entity	הַפְשָׁטָה
object	אוֹבְּיֶקְט
object	חֵפֶץ
physical object	אוֹבְּיֶקְט
physical object	חֵפֶץ
burp	גִּהֵק
bubble	גִּהֵק
belch	גִּהֵק
eruct	גִּהֵק
whole	מִכְלוֹל
unit	מִכְלוֹל
hiccup	שִׁהֵק
hiccough	שִׁהֵק
exhale	נָפַח
exhale	נָשַׁף
expire	נָפַח
expire	נָשַׁף
breathe out	נָפַח
breathe out	נָשַׁף
organism	חַי
being	חַי
sneeze	הִתְעַטֵּשׁ
inhale	שָׁאַף
inspire	שָׁאַף
breathe in	שָׁאַף
cough	הִשְׁתַּעֵל
relative	יַחֲסִי
comparative	יַחֲסִי
life	חַיִּים
cell	תָּא
approximately	כְּ
approximately	לְעֵרֶךְ
approximately	בְּעֶרֶךְ
approximately	פָּחוֹת-אוֹ-יוֹתֵר
about	כְּ
about	לְעֵרֶךְ
about	בְּעֶרֶךְ
about	פָּחוֹת-אוֹ-יוֹתֵר
close to	כְּ
close to	לְעֵרֶךְ
close to	בְּעֶרֶךְ
close to	פָּחוֹת-אוֹ-יוֹתֵר
just about	כְּ
just about	לְעֵרֶךְ
just about	בְּעֶרֶךְ
just about	פָּחוֹת-אוֹ-יוֹתֵר
some	כְּ
some	לְעֵרֶךְ
some	בְּעֶרֶךְ
some	פָּחוֹת-אוֹ-יוֹתֵר
roughly	כְּ
roughly	לְעֵרֶךְ
roughly	בְּעֶרֶךְ
roughly	פָּחוֹת-אוֹ-יוֹתֵר
more or less	כְּ
more or less	לְעֵרֶךְ
more or less	בְּעֶרֶךְ
more or less	פָּחוֹת-אוֹ-יוֹתֵר
around	כְּ
around	לְעֵרֶךְ
around	בְּעֶרֶךְ
around	פָּחוֹת-אוֹ-יוֹתֵר
or so	כְּ
or so	לְעֵרֶךְ
or so	בְּעֶרֶךְ
or so	פָּחוֹת-אוֹ-יוֹתֵר
causal agent	יֵשׁוּת-גּוֹרֶמֶת
cause	יֵשׁוּת-גּוֹרֶמֶת
causal agency	יֵשׁוּת-גּוֹרֶמֶת
person	מִישֶׁהוּ
person	אָדָם
person	אִישׁ
individual	מִישֶׁהוּ
individual	אָדָם
individual	אִישׁ
someone	מִישֶׁהוּ
someone	אָדָם
someone	אִישׁ
somebody	מִישֶׁהוּ
somebody	אָדָם
somebody	אִישׁ
mortal	מִישֶׁהוּ
mortal	אָדָם
mortal	אִישׁ
soul	מִישֶׁהוּ
soul	אָדָם
soul	אִישׁ
wholly	לְגַמְרֵי
wholly	לַחֲלוּטִין
entirely	לְגַמְרֵי
entirely	לַחֲלוּטִין
completely	לְגַמְרֵי
completely	לַחֲלוּטִין
totally	לְגַמְרֵי
totally	לַחֲלוּטִין
all	לְגַמְרֵי
all	לַחֲלוּטִין
altogether	לְגַמְרֵי
altogether	לַחֲלוּטִין
whole	לְגַמְרֵי
whole	לַחֲלוּטִין
entirely	רַק
entirely	בִּלְבַד
exclusively	רַק
exclusively	בִּלְבַד
solely	רַק
solely	בִּלְבַד
alone	רַק
alone	בִּלְבַד
only	רַק
only	בִּלְבַד
well	הֵיטֵב
well	טוֹב
good	הֵיטֵב
good	טוֹב
conceptual	מֻשָּׂגִי
conceptual	קוֹנְסֶפְּטוּאָלִי
ideological	!רַעְיוֹנִי
ideologic	!רַעְיוֹנִי
concrete	מוּחָשׁ
concrete	מוּחָשִׁי
concrete	קוֹנְקְרֶטִי
abundant	שׁוֹפֵעַ
shake	!רָעַד
didder	!רָעַד
snooze	הִתְנַמְנֵם
snooze	נִמְנֵם
drowse	הִתְנַמְנֵם
drowse	נִמְנֵם
doze	הִתְנַמְנֵם
doze	נִמְנֵם
animal	בַּעַל-חַיִּים
animal	חַיָּה
animate being	בַּעַל-חַיִּים
animate being	חַיָּה
beast	בַּעַל-חַיִּים
beast	חַיָּה
brute	בַּעַל-חַיִּים
brute	חַיָּה
creature	בַּעַל-חַיִּים
creature	חַיָּה
fauna	בַּעַל-חַיִּים
fauna	חַיָּה
okay	מֵאָה-אָחוּז
O.K.	מֵאָה-אָחוּז
all right	מֵאָה-אָחוּז
alright	מֵאָה-אָחוּז
snore	נָחַר
saw wood	נָחַר
saw logs	נָחַר
plant	צֶמַח
flora	צֶמַח
plant life	צֶמַח
even	אֲפִלּוּ
even	אַף
yet	אֲפִלּוּ
yet	אַף
still	אֲפִלּוּ
still	אַף
quite	לְמַדַּי
quite	דַּי
rather	לְמַדַּי
rather	דַּי
natural object	עֶצֶם-טִבְעִי
matter	עֶצֶם
anesthetize	אִלְחֵשׁ
anesthetize	הִרְדִּים
anaesthetize	אִלְחֵשׁ
anaesthetize	הִרְדִּים
anesthetise	אִלְחֵשׁ
anesthetise	הִרְדִּים
anaesthetise	אִלְחֵשׁ
anaesthetise	הִרְדִּים
put under	אִלְחֵשׁ
put under	הִרְדִּים
put out	אִלְחֵשׁ
put out	הִרְדִּים
food	אֹכֶל
nutrient	אֹכֶל
sometimes	מִדֵּי-פַּעַם
sometimes	לִפְעָמִים
sometimes	לִפְרָקִים
artifact	חֵפֶץ מְלָאכוּתִי
artifact	אַרְטִיפָקְט
artefact	חֵפֶץ מְלָאכוּתִי
artefact	אַרְטִיפָקְט
bring to	!הוֹבִיל
bring to	!הֵבִיא
bring back	!הוֹבִיל
bring back	!הֵבִיא
bring round	!הוֹבִיל
bring round	!הֵבִיא
bring around	!הוֹבִיל
bring around	!הֵבִיא
psychological feature	מַהוּת-פְּסִיכוֹלוֹגִית
cognition	קוֹגְנִיצְיָה
knowledge	קוֹגְנִיצְיָה
noesis	קוֹגְנִיצְיָה
faint	הִתְעַלֵּף
conk	הִתְעַלֵּף
swoon	הִתְעַלֵּף
pass out	הִתְעַלֵּף
motivation	מֵנִיעַ
motive	מֵנִיעַ
need	מֵנִיעַ
not	!לֹא
not	לֹא
non	!לֹא
non	לֹא
no	לֹא
no	!לֹא
no	!לא
used to	רָגִיל
wont to	רָגִיל
none	!אַיִן
state	מַצָּב
wash up	GAP!
lave	GAP!
alkaline	בְּסִיסִי
alkalic	בְּסִיסִי
feeling	הַרְגָּשָׁה
anyhow	בְּלָאו הָכֵי
anyhow	בֵּין כֹּה וָכֹה
anyway	בְּלָאו הָכֵי
anyway	בֵּין כֹּה וָכֹה
anyways	בְּלָאו הָכֵי
anyways	בֵּין כֹּה וָכֹה
in any case	בְּלָאו הָכֵי
in any case	בֵּין כֹּה וָכֹה
at any rate	בְּלָאו הָכֵי
at any rate	בֵּין כֹּה וָכֹה
in any event	בְּלָאו הָכֵי
in any event	בֵּין כֹּה וָכֹה
location	מִקּוּם
anyhow	!בְּלָאו הָכִי
anyway	!בְּלָאו הָכִי
however	לַמְרוֹת-זֹאת
however	בְּכָל-זֹאת
however	אַף-עַל-פִּי-כֵן
nevertheless	לַמְרוֹת-זֹאת
nevertheless	בְּכָל-זֹאת
nevertheless	אַף-עַל-פִּי-כֵן
withal	לַמְרוֹת-זֹאת
withal	בְּכָל-זֹאת
withal	אַף-עַל-פִּי-כֵן
still	לַמְרוֹת-זֹאת
still	בְּכָל-זֹאת
still	אַף-עַל-פִּי-כֵן
yet	לַמְרוֹת-זֹאת
yet	בְּכָל-זֹאת
yet	אַף-עַל-פִּי-כֵן
all the same	לַמְרוֹת-זֹאת
all the same	בְּכָל-זֹאת
all the same	אַף-עַל-פִּי-כֵן
even so	לַמְרוֹת-זֹאת
even so	בְּכָל-זֹאת
even so	אַף-עַל-פִּי-כֵן
nonetheless	לַמְרוֹת-זֹאת
nonetheless	בְּכָל-זֹאת
nonetheless	אַף-עַל-פִּי-כֵן
notwithstanding	לַמְרוֹת-זֹאת
notwithstanding	בְּכָל-זֹאת
notwithstanding	אַף-עַל-פִּי-כֵן
furthermore	יְתֵרָה-מִזּוֹ
furthermore	יָתֵר-עַל-כֵּן
moreover	יְתֵרָה-מִזּוֹ
moreover	יָתֵר-עַל-כֵּן
what is more	יְתֵרָה-מִזּוֹ
what is more	יָתֵר-עַל-כֵּן
event	אֵרוּעַ
giggle	!צִחְקֵק
titter	!צִחְקֵק
act	פְּעֻלָּה
act	מַעֲשֶׂה
act	אַקְט
deed	פְּעֻלָּה
deed	מַעֲשֶׂה
deed	אַקְט
human action	פְּעֻלָּה
human action	מַעֲשֶׂה
human action	אַקְט
human activity	פְּעֻלָּה
human activity	מַעֲשֶׂה
human activity	אַקְט
group	קְבוּצָה
grouping	קְבוּצָה
already	כְּבָר
very	מְאוֹד
very	מַה-זֶּה
very	נוֹרָא
really	מְאוֹד
really	מַה-זֶּה
really	נוֹרָא
real	מְאוֹד
real	מַה-זֶּה
real	נוֹרָא
rattling	מְאוֹד
rattling	מַה-זֶּה
rattling	נוֹרָא
relation	קֶשֶׁר
agile	זָרִיז
agile	מָהִיר
agile	קַל-תְּנוּעָה
nimble	זָרִיז
nimble	מָהִיר
nimble	קַל-תְּנוּעָה
quick	זָרִיז
quick	מָהִיר
quick	קַל-תְּנוּעָה
spry	זָרִיז
spry	מָהִיר
spry	קַל-תְּנוּעָה
social relation	קֶשֶׁר-חֶבְרָתִי
communication	תִּקְשֹׁרֶת
measure	!כַּמּוּת
measure	מִדָּה
quantity	!כַּמּוּת
quantity	מִדָּה
amount	!כַּמּוּת
amount	מִדָּה
a bit	!מְעַט
a bit	!קְצָת
a little	!מְעַט
a little	!קְצָת
a trifle	!מְעַט
a trifle	!קְצָת
soon	כְּבָר
soon	בִּמְהֵרָה
soon	בְּקָרוֹב
soon	עוֹד-מְעַט
shortly	כְּבָר
shortly	בִּמְהֵרָה
shortly	בְּקָרוֹב
shortly	עוֹד-מְעַט
presently	כְּבָר
presently	בִּמְהֵרָה
presently	בְּקָרוֹב
presently	עוֹד-מְעַט
before long	כְּבָר
before long	בִּמְהֵרָה
before long	בְּקָרוֹב
before long	עוֹד-מְעַט
frequently	לְעִתִּים-קְרוֹבוֹת
often	לְעִתִּים-קְרוֹבוֹת
oftentimes	לְעִתִּים-קְרוֹבוֹת
oft	לְעִתִּים-קְרוֹבוֹת
ofttimes	לְעִתִּים-קְרוֹבוֹת
accomplishment	הֶשֵּׂג
achievement	הֶשֵּׂג
rarely	לְעִתִּים-רְחוֹקוֹת
seldom	לְעִתִּים-רְחוֹקוֹת
reasonably	!לְמַדַּי
reasonably	!דֵּי
moderately	!לְמַדַּי
moderately	!דֵּי
pretty	!לְמַדַּי
pretty	!דֵּי
jolly	!לְמַדַּי
jolly	!דֵּי
somewhat	!לְמַדַּי
somewhat	!דֵּי
fairly	!לְמַדַּי
fairly	!דֵּי
middling	!לְמַדַּי
middling	!דֵּי
passably	!לְמַדַּי
passably	!דֵּי
bustling	הוֹמֶה
bustling	סוֹאֵן
gargle	גִּרְגֵּר
rinse	גִּרְגֵּר
truly	בֶּאֱמֶת
genuinely	בֶּאֱמֶת
really	בֶּאֱמֶת
indeed	!אָכֵן
indeed	אָכֵן
so	אָכֵן
in truth	בֶּאֱמֶת
in truth	אַשְׁכָּרָה
in truth	מַמָּשׁ
really	אַשְׁכָּרָה
really	מַמָּשׁ
truly	אַשְׁכָּרָה
truly	מַמָּשׁ
naturally	כַּמּוּבָן
of course	כַּמּוּבָן
course	כַּמּוּבָן
again	שׁוּב
again	עוֹד-פַּעַם
once again	שׁוּב
once again	עוֹד-פַּעַם
once more	שׁוּב
once more	עוֹד-פַּעַם
over again	שׁוּב
over again	עוֹד-פַּעַם
clean up	הִסְתַּדֵּר
dealings	!תְּנוּעָה
traffic	!תְּנוּעָה
specifically	סְפֶּצִיפִית
acquiring	הַשָּׂגָה
acquiring	רְכִישָׁה
getting	הַשָּׂגָה
getting	רְכִישָׁה
generally	בִּכְלָל
generally	בְּאֹפֶן-כְּלָלִי
in general	בִּכְלָל
in general	בְּאֹפֶן-כְּלָלִי
in the main	בִּכְלָל
in the main	בְּאֹפֶן-כְּלָלִי
shampoo	חָפַף
passive	פָּסִיבִי
passive	סָבִיל
causing	גְּרִימָה
causation	גְּרִימָה
departure	עֲזִיבָה
departure	הִסְתַּלְּקוּת
going	עֲזִיבָה
going	הִסְתַּלְּקוּת
going away	עֲזִיבָה
going away	הִסְתַּלְּקוּת
leaving	עֲזִיבָה
leaving	הִסְתַּלְּקוּת
implementation	מִמּוּשׁ
effectuation	מִמּוּשׁ
equalization	הַשְׁוָאָה
equalisation	הַשְׁוָאָה
leveling	הַשְׁוָאָה
reduce	אִבֵּד-מִשְׁקָל
reduce	רָזָה
reduce	יָרַד-בַּמִּשְׁקָל
reduce	הוֹרִיד
reduce	הִרְזָה
melt off	אִבֵּד-מִשְׁקָל
melt off	רָזָה
melt off	יָרַד-בַּמִּשְׁקָל
melt off	הוֹרִיד
melt off	הִרְזָה
lose weight	אִבֵּד-מִשְׁקָל
lose weight	רָזָה
lose weight	יָרַד-בַּמִּשְׁקָל
lose weight	הוֹרִיד
lose weight	הִרְזָה
slim	אִבֵּד-מִשְׁקָל
slim	רָזָה
slim	יָרַד-בַּמִּשְׁקָל
slim	הוֹרִיד
slim	הִרְזָה
slenderize	אִבֵּד-מִשְׁקָל
slenderize	רָזָה
slenderize	יָרַד-בַּמִּשְׁקָל
slenderize	הוֹרִיד
slenderize	הִרְזָה
thin	אִבֵּד-מִשְׁקָל
thin	רָזָה
thin	יָרַד-בַּמִּשְׁקָל
thin	הוֹרִיד
thin	הִרְזָה
slim down	אִבֵּד-מִשְׁקָל
slim down	רָזָה
slim down	יָרַד-בַּמִּשְׁקָל
slim down	הוֹרִיד
slim down	הִרְזָה
recovery	!הַחְלָמָה
retrieval	!הַחְלָמָה
otherwise	!אַחֶרֶת
additionally	בְּנוֹסָף
additionally	מִלְּבַד-זֹאת
to boot	בְּנוֹסָף
to boot	מִלְּבַד-זֹאת
running away	בְּרִיחָה
try on	מָדַד
try	מָדַד
excessively	מִדַּי
overly	מִדַּי
to a fault	מִדַּי
too	מִדַּי
besides	גַּם
too	גַּם
also	גַּם
likewise	גַּם
as well	גַּם
presently	!כָּעֵת
presently	!כַּיּוֹם
presently	!הַיּוֹם
presently	!עַתָּה
presently	!עַכְשָׁו
currently	!כָּעֵת
currently	!כַּיּוֹם
currently	!הַיּוֹם
currently	!עַתָּה
currently	!עַכְשָׁו
nowadays	הַיּוֹם
nowadays	כַּיּוֹם
nowadays	עַכְשָׁו
now	הַיּוֹם
now	כַּיּוֹם
now	עַכְשָׁו
today	הַיּוֹם
today	כַּיּוֹם
today	עַכְשָׁו
immediately	מִיָּד
immediately	מִיָּדִית
immediately	לְלֹא-דִּחוּי
immediately	תֵּכֶף-וּמִיָּד
instantly	מִיָּד
instantly	מִיָּדִית
instantly	לְלֹא-דִּחוּי
instantly	תֵּכֶף-וּמִיָּד
straightaway	מִיָּד
straightaway	מִיָּדִית
straightaway	לְלֹא-דִּחוּי
straightaway	תֵּכֶף-וּמִיָּד
straight off	מִיָּד
straight off	מִיָּדִית
straight off	לְלֹא-דִּחוּי
straight off	תֵּכֶף-וּמִיָּד
directly	מִיָּד
directly	מִיָּדִית
directly	לְלֹא-דִּחוּי
directly	תֵּכֶף-וּמִיָּד
now	מִיָּד
now	מִיָּדִית
now	לְלֹא-דִּחוּי
now	תֵּכֶף-וּמִיָּד
right away	מִיָּד
right away	מִיָּדִית
right away	לְלֹא-דִּחוּי
right away	תֵּכֶף-וּמִיָּד
at once	מִיָּד
at once	מִיָּדִית
at once	לְלֹא-דִּחוּי
at once	תֵּכֶף-וּמִיָּד
forthwith	מִיָּד
forthwith	מִיָּדִית
forthwith	לְלֹא-דִּחוּי
forthwith	תֵּכֶף-וּמִיָּד
like a shot	מִיָּד
like a shot	מִיָּדִית
like a shot	לְלֹא-דִּחוּי
like a shot	תֵּכֶף-וּמִיָּד
entrance	כְּנִיסָה
entering	כְּנִיסָה
entry	כְּנִיסָה
ingress	כְּנִיסָה
incoming	כְּנִיסָה
at present	עַכְשָׁו
undress	!הִפְשִׁיט
discase	!הִפְשִׁיט
uncase	!הִפְשִׁיט
unclothe	!הִפְשִׁיט
strip	!הִפְשִׁיט
strip down	!הִפְשִׁיט
disrobe	!הִפְשִׁיט
peel	!הִפְשִׁיט
registration	הַרְשָׁמָה
enrollment	הַרְשָׁמָה
enrolment	הַרְשָׁמָה
no more	!לֹא
no more	לֹא
no more	!לא
deficient	חָסֵר
lacking	חָסֵר
wanting	חָסֵר
wear	!לָבַשׁ
have on	!לָבַשׁ
openly	גְּלוּיוֹת
openly	בְּגָּלוּי
for the moment	לְעֵת-עַתָּה
for the moment	בֵּינְתַיִם
for the time being	לְעֵת-עַתָּה
for the time being	בֵּינְתַיִם
evacuation	פִּנּוּי
adorned	מְקֻשָּׁט
decorated	מְקֻשָּׁט
emigration	הֲגִירָה-יוֹצֵאת
out-migration	הֲגִירָה-יוֹצֵאת
expatriation	הֲגִירָה-יוֹצֵאת
immigration	הֲגִירָה-נִכְנֶסֶת
in-migration	הֲגִירָה-נִכְנֶסֶת
greatly	!מְאוֹד
at all	בִּכְלָל
at all	כְּלָל
in the least	בִּכְלָל
in the least	כְּלָל
the least bit	בִּכְלָל
the least bit	כְּלָל
indirectly	בַּעֲקִיפִין
indirectly	סְחוֹר-סְחוֹר
escape	מְנוּסָה
flight	מְנוּסָה
evasion	GAP!
a lot	מְאוֹד-מְאוֹד
a lot	עַד-מְאֹד
lots	מְאוֹד-מְאוֹד
lots	עַד-מְאֹד
a good deal	מְאוֹד-מְאוֹד
a good deal	עַד-מְאֹד
a great deal	מְאוֹד-מְאוֹד
a great deal	עַד-מְאֹד
much	מְאוֹד-מְאוֹד
much	עַד-מְאֹד
very much	מְאוֹד-מְאוֹד
very much	עַד-מְאֹד
studded	זָרוּעַ
effectively	!לְמַעֲשֶׂה
in effect	!לְמַעֲשֶׂה
previously	קֹדֶם
previously	קֹדֶם-לָכֵן
antecedently	קֹדֶם
antecedently	קֹדֶם-לָכֵן
suddenly	!לְפֶתַע
all of a sudden	!לְפֶתַע
of a sudden	!לְפֶתַע
intentionally	בְּמַחְשָׁבָה-תְּחִלָּה
intentionally	בְּמִתְכַּוֵּן
intentionally	בְּכַוָּנָה
deliberately	בְּמַחְשָׁבָה-תְּחִלָּה
deliberately	בְּמִתְכַּוֵּן
deliberately	בְּכַוָּנָה
designedly	בְּמַחְשָׁבָה-תְּחִלָּה
designedly	בְּמִתְכַּוֵּן
designedly	בְּכַוָּנָה
on purpose	בְּמַחְשָׁבָה-תְּחִלָּה
on purpose	בְּמִתְכַּוֵּן
on purpose	בְּכַוָּנָה
purposely	בְּמַחְשָׁבָה-תְּחִלָּה
purposely	בְּמִתְכַּוֵּן
purposely	בְּכַוָּנָה
advisedly	בְּמַחְשָׁבָה-תְּחִלָּה
advisedly	בְּמִתְכַּוֵּן
advisedly	בְּכַוָּנָה
by choice	בְּמַחְשָׁבָה-תְּחִלָּה
by choice	בְּמִתְכַּוֵּן
by choice	בְּכַוָּנָה
by design	בְּמַחְשָׁבָה-תְּחִלָּה
by design	בְּמִתְכַּוֵּן
by design	בְּכַוָּנָה
record	שִׂיא
hit	לָהִיט
smash	לָהִיט
smasher	לָהִיט
strike	לָהִיט
bang	לָהִיט
meanwhile	בֵּינְתַיִם
meantime	בֵּינְתַיִם
in the meantime	בֵּינְתַיִם
discriminatory	מַפְלֶה
preferential	מַפְלֶה
meanwhile	GAP!
conquest	כִּבּוּשׁ
coup	!הֲפֵכָה
last	לָאַחֲרוֹנָה
adventurous	הַרְפַּתְקָנִי
adventuresome	הַרְפַּתְקָנִי
last	לְבַסּוֹף
lastly	לְבַסּוֹף
in conclusion	לְבַסּוֹף
finally	לְבַסּוֹף
wail	!יִבֵּב
whimper	!יִבֵּב
mewl	!יִבֵּב
pule	!יִבֵּב
ahead	מֵרֹאשׁ
in advance	מֵרֹאשׁ
beforehand	מֵרֹאשׁ
sob	יִבֵּב
sob	הִתְיַפֵּחַ
sweat	הֵזִּיעַ
sudate	הֵזִּיעַ
perspire	הֵזִּיעַ
disappointment	GAP!
dashing hopes	GAP!
mistake	טָעוּת
error	טָעוּת
fault	טָעוּת
round	!סָבִיב
around	!סָבִיב
make	הֵטִיל-מַיִם
make	הִשְׁתִּין
make	עָשָׂה-פִּיפִּי
urinate	הֵטִיל-מַיִם
urinate	הִשְׁתִּין
urinate	עָשָׂה-פִּיפִּי
piddle	הֵטִיל-מַיִם
piddle	הִשְׁתִּין
piddle	עָשָׂה-פִּיפִּי
puddle	הֵטִיל-מַיִם
puddle	הִשְׁתִּין
puddle	עָשָׂה-פִּיפִּי
micturate	הֵטִיל-מַיִם
micturate	הִשְׁתִּין
micturate	עָשָׂה-פִּיפִּי
piss	הֵטִיל-מַיִם
piss	הִשְׁתִּין
piss	עָשָׂה-פִּיפִּי
pee	הֵטִיל-מַיִם
pee	הִשְׁתִּין
pee	עָשָׂה-פִּיפִּי
pee-pee	הֵטִיל-מַיִם
pee-pee	הִשְׁתִּין
pee-pee	עָשָׂה-פִּיפִּי
make water	הֵטִיל-מַיִם
make water	הִשְׁתִּין
make water	עָשָׂה-פִּיפִּי
relieve oneself	הֵטִיל-מַיִם
relieve oneself	הִשְׁתִּין
relieve oneself	עָשָׂה-פִּיפִּי
take a leak	הֵטִיל-מַיִם
take a leak	הִשְׁתִּין
take a leak	עָשָׂה-פִּיפִּי
spend a penny	הֵטִיל-מַיִם
spend a penny	הִשְׁתִּין
spend a penny	עָשָׂה-פִּיפִּי
wee	הֵטִיל-מַיִם
wee	הִשְׁתִּין
wee	עָשָׂה-פִּיפִּי
wee-wee	הֵטִיל-מַיִם
wee-wee	הִשְׁתִּין
wee-wee	עָשָׂה-פִּיפִּי
pass water	הֵטִיל-מַיִם
pass water	הִשְׁתִּין
pass water	עָשָׂה-פִּיפִּי
confusion	בִּלְבּוּל
mix-up	בִּלְבּוּל
about	כִּמְעַט
almost	כִּמְעַט
most	כִּמְעַט
nearly	כִּמְעַט
near	כִּמְעַט
nigh	כִּמְעַט
virtually	כִּמְעַט
well-nigh	כִּמְעַט
chiefly	בְּעִקָּר
principally	בְּעִקָּר
primarily	בְּעִקָּר
mainly	בְּעִקָּר
in the main	בְּעִקָּר
vomit	הֵקִיא
vomit up	הֵקִיא
purge	הֵקִיא
cast	הֵקִיא
sick	הֵקִיא
cat	הֵקִיא
be sick	הֵקִיא
disgorge	הֵקִיא
regorge	הֵקִיא
retch	הֵקִיא
puke	הֵקִיא
barf	הֵקִיא
spew	הֵקִיא
spue	הֵקִיא
chuck	הֵקִיא
upchuck	הֵקִיא
honk	הֵקִיא
regurgitate	הֵקִיא
throw up	הֵקִיא
aghast	מְזֻעֲזָע
aghast	מְזֻעְזָע
appalled	מְזֻעֲזָע
appalled	מְזֻעְזָע
dismayed	מְזֻעֲזָע
dismayed	מְזֻעְזָע
shocked	מְזֻעֲזָע
shocked	מְזֻעְזָע
above	!לְמַעְלָה
higher up	!לְמַעְלָה
in a higher place	!לְמַעְלָה
to a higher place	!לְמַעְלָה
buying	קְנִיָּה
purchasing	קְנִיָּה
help	עָזַר
help	סִיֵּעַ
aid	עָזַר
aid	סִיֵּעַ
procurement	!רְכִישָׁה
procurance	!רְכִישָׁה
procural	!רְכִישָׁה
particularly	בִּמְיֻחָד
peculiarly	בִּמְיֻחָד
especially	בִּמְיֻחָד
specially	בִּמְיֻחָד
anoint	סָךְ
inunct	סָךְ
oil	סָךְ
anele	סָךְ
embrocate	סָךְ
confiscation	חִלּוּט
confiscation	הַחְרָמָה
arrogation	חִלּוּט
arrogation	הַחְרָמָה
quickly	!מַהֵר
rapidly	!מַהֵר
speedily	!מַהֵר
chop-chop	!מַהֵר
apace	!מַהֵר
expropriation	הַפְקָעָה
feverish	קַדַּחְתָּנִי
hectic	קַדַּחְתָּנִי
immunize	חִסֵּן
immunize	הִרְכִּיב
immunise	חִסֵּן
immunise	הִרְכִּיב
inoculate	חִסֵּן
inoculate	הִרְכִּיב
vaccinate	חִסֵּן
vaccinate	הִרְכִּיב
award	פְּסִיקַת-הוֹצָאוֹת
awarding	פְּסִיקַת-הוֹצָאוֹת
conquering	כִּבּוּשׁ
subjection	כִּבּוּשׁ
subjugation	כִּבּוּשׁ
highly	בְּיוֹתֵר
extremely	בְּיוֹתֵר
annoying	מְעַצְבֵּן
annoying	מֵצִיק
annoying	מַרְגִּיז
annoying	טוֹרְדָנִי
bothersome	מְעַצְבֵּן
bothersome	מֵצִיק
bothersome	מַרְגִּיז
bothersome	טוֹרְדָנִי
galling	מְעַצְבֵּן
galling	מֵצִיק
galling	מַרְגִּיז
galling	טוֹרְדָנִי
irritating	מְעַצְבֵּן
irritating	מֵצִיק
irritating	מַרְגִּיז
irritating	טוֹרְדָנִי
nettlesome	מְעַצְבֵּן
nettlesome	מֵצִיק
nettlesome	מַרְגִּיז
nettlesome	טוֹרְדָנִי
pesky	מְעַצְבֵּן
pesky	מֵצִיק
pesky	מַרְגִּיז
pesky	טוֹרְדָנִי
pestering	מְעַצְבֵּן
pestering	מֵצִיק
pestering	מַרְגִּיז
pestering	טוֹרְדָנִי
pestiferous	מְעַצְבֵּן
pestiferous	מֵצִיק
pestiferous	מַרְגִּיז
pestiferous	טוֹרְדָנִי
plaguy	מְעַצְבֵּן
plaguy	מֵצִיק
plaguy	מַרְגִּיז
plaguy	טוֹרְדָנִי
plaguey	מְעַצְבֵּן
plaguey	מֵצִיק
plaguey	מַרְגִּיז
plaguey	טוֹרְדָנִי
teasing	מְעַצְבֵּן
teasing	מֵצִיק
teasing	מַרְגִּיז
teasing	טוֹרְדָנִי
vexatious	מְעַצְבֵּן
vexatious	מֵצִיק
vexatious	מַרְגִּיז
vexatious	טוֹרְדָנִי
vexing	מְעַצְבֵּן
vexing	מֵצִיק
vexing	מַרְגִּיז
vexing	טוֹרְדָנִי
reception	קַבָּלָה
receipt	קַבָּלָה
argus-eyed	עֵרָנִי
open-eyed	עֵרָנִי
vigilant	עֵרָנִי
wakeful	עֵרָנִי
relapse	חָזַר-לְסוּרוֹ
lapse	חָזַר-לְסוּרוֹ
recidivate	חָזַר-לְסוּרוֹ
regress	חָזַר-לְסוּרוֹ
retrogress	חָזַר-לְסוּרוֹ
fall back	חָזַר-לְסוּרוֹ
upstairs	!לְמַעְלָה
up the stairs	!לְמַעְלָה
on a higher floor	!לְמַעְלָה
expiation	כַּפָּרָה
atonement	כַּפָּרָה
propitiation	כַּפָּרָה
liberation	שִׁחְרוּר
release	שִׁחְרוּר
freeing	שִׁחְרוּר
up	לְמַעְלָה
up	מַעְלָה
upwards	לְמַעְלָה
upwards	מַעְלָה
upward	לְמַעְלָה
upward	מַעְלָה
upwardly	לְמַעְלָה
upwardly	מַעְלָה
ransom	פִּדְיוֹן
performance	בִּצּוּעַ
execution	בִּצּוּעַ
carrying out	בִּצּוּעַ
carrying into action	בִּצּוּעַ
resuscitate	הֶחֱיָה
revive	הֶחֱיָה
more	GAP!
to a greater extent	GAP!
encore	הַדְרָן
extemporization	אִלְתּוּר
extemporisation	אִלְתּוּר
improvisation	אִלְתּוּר
more	יוֹתֵר
train	הִתְאַמֵּן
automation	!מִכּוּן
mechanization	!מִכּוּן
mechanisation	!מִכּוּן
harm	פָּגַע
second	שֵׁנִית
secondly	שֵׁנִית
initially	בַּתְּחִלָּה
initially	תְּחִלָּה
ab initio	בַּתְּחִלָּה
ab initio	תְּחִלָּה
exhaust	פָּלַט
discharge	פָּלַט
expel	פָּלַט
eject	פָּלַט
release	פָּלַט
promptly	!מִיָּד
readily	!מִיָּד
pronto	!מִיָּד
right away	!מִיָּד
joke	הִתְבַּדֵּחַ
joke	צָחַק
jest	הִתְבַּדֵּחַ
jest	צָחַק
quickly	!מִיָּד
quick	!מִיָּד
fair	!דֵּי
evenhandedly	!דֵּי
as usual	כָּרָגִיל
there	שָׁם
there	שָׁמָּה
at that place	שָׁם
at that place	שָׁמָּה
in that location	שָׁם
in that location	שָׁמָּה
there	לְשָׁם
thither	שָׁמָּה
thither	לְשָׁם
there	!שָׁם
in that respect	!שָׁם
on that point	!שָׁם
change	הִתְחַלֵּף
change	הִשְׁתַּנָּה
mutely	!דּוּמָם
mutely	!דֹּם
wordlessly	!דּוּמָם
wordlessly	!דֹּם
silently	!דּוּמָם
silently	!דֹּם
taciturnly	!דּוּמָם
taciturnly	!דֹּם
afresh	מֵחָדָשׁ
anew	מֵחָדָשׁ
differently	אַחֶרֶת
otherwise	אַחֶרֶת
other than	אַחֶרֶת
angered	נִזְעָם
angered	זוֹעֵם
enraged	נִזְעָם
enraged	זוֹעֵם
furious	נִזְעָם
furious	זוֹעֵם
infuriated	נִזְעָם
infuriated	זוֹעֵם
maddened	נִזְעָם
maddened	זוֹעֵם
tow	גְּרִירָה
towage	גְּרִירָה
lift	הַעֲלָאָה
lift	הֲרָמָה
raise	הַעֲלָאָה
raise	הֲרָמָה
heave	הַעֲלָאָה
heave	הֲרָמָה
expulsion	!גֵּרוּשׁ
projection	!גֵּרוּשׁ
ejection	!גֵּרוּשׁ
forcing out	!גֵּרוּשׁ
belch	גְּרֶפְּץ
belch	גִּהוּק
belching	גְּרֶפְּץ
belching	גִּהוּק
burp	גְּרֶפְּץ
burp	גִּהוּק
burping	גְּרֶפְּץ
burping	גִּהוּק
eructation	גְּרֶפְּץ
eructation	גִּהוּק
then	אָז
so	אָז
and so	אָז
and then	אָז
blink	מִצְמוּץ
blink	עִפְעוּף
eye blink	מִצְמוּץ
eye blink	עִפְעוּף
blinking	מִצְמוּץ
blinking	עִפְעוּף
wink	מִצְמוּץ
wink	עִפְעוּף
winking	מִצְמוּץ
winking	עִפְעוּף
nictitation	מִצְמוּץ
nictitation	עִפְעוּף
nictation	מִצְמוּץ
nictation	עִפְעוּף
stay	!נִשְׁאַר
remain	!נִשְׁאַר
rest	!נִשְׁאַר
regardless	!לֹא
irrespective	!לֹא
disregardless	!לֹא
no matter	!לֹא
disregarding	!לֹא
vomit	הֲקָאָה
vomiting	הֲקָאָה
emesis	הֲקָאָה
regurgitation	הֲקָאָה
disgorgement	הֲקָאָה
puking	הֲקָאָה
once	!פַּעַם
one time	!פַּעַם
in one case	!פַּעַם
once	לְפָנִים
once	פַּעַם
formerly	לְפָנִים
formerly	פַּעַם
at one time	לְפָנִים
at one time	פַּעַם
erstwhile	לְפָנִים
erstwhile	פַּעַם
erst	לְפָנִים
erst	פַּעַם
hop	!נִתּוּר
simultaneously	בְּמַקְבִּיל
simultaneously	בּוֹזְמַנִּית
simultaneously	בּוֹ-זְמַנִּית
simultaneously	בָּהּ-בָּעֵת
simultaneously	בַּד-בְּבַד
at the same time	בְּמַקְבִּיל
at the same time	בּוֹזְמַנִּית
at the same time	בּוֹ-זְמַנִּית
at the same time	בָּהּ-בָּעֵת
at the same time	בַּד-בְּבַד
concurrently	!בְּעוֹד
at the same time	!בְּעוֹד
thus	כָּךְ
thus	כֹּה
thus	כָּכָה
thus	כֵּן
thusly	כָּךְ
thusly	כֹּה
thusly	כָּכָה
thusly	כֵּן
so	כָּךְ
so	כֹּה
so	כָּכָה
so	כֵּן
mailing	!הַצָּבָה
posting	!הַצָּבָה
change	שִׁנָּה
alter	שִׁנָּה
vary	שִׁנָּה
gunfire	יֶרִי
gunshot	יֶרִי
modify	שִׁנָּה
previous	קוֹדֵם
old	קוֹדֵם
back-to-back	!רָצוּף
consecutive	!רָצוּף
following	בָּא
next	בָּא
foul ball	GAP!
out	חוּץ
personally	אִישִׁית
in person	אִישִׁית
mouth-watering	טָעִים
savory	טָעִים
savoury	טָעִים
whip	הַצְלָפָה
whip	צְלִיפָה
lash	הַצְלָפָה
lash	צְלִיפָה
whiplash	הַצְלָפָה
whiplash	צְלִיפָה
punch	אֶגְרוֹף
punch	בּוֹקְס
punch	סְנוֹקֶרֶת
clout	אֶגְרוֹף
clout	בּוֹקְס
clout	סְנוֹקֶרֶת
poke	אֶגְרוֹף
poke	בּוֹקְס
poke	סְנוֹקֶרֶת
lick	אֶגְרוֹף
lick	בּוֹקְס
lick	סְנוֹקֶרֶת
biff	אֶגְרוֹף
biff	בּוֹקְס
biff	סְנוֹקֶרֶת
slug	אֶגְרוֹף
slug	בּוֹקְס
slug	סְנוֹקֶרֶת
proper	מַתְאִים
proper	נָכוֹן
right	מַתְאִים
right	נָכוֹן
free kick	קֶרֶן
alternately	לְסֵרוּגִין
alternately	חֲלִיפוֹת
probably	מִן-הַסְּתָם
probably	קָרוֹב-לְוַדַּאי
probably	כַּנִּרְאֶה
likely	מִן-הַסְּתָם
likely	קָרוֹב-לְוַדַּאי
likely	כַּנִּרְאֶה
in all likelihood	מִן-הַסְּתָם
in all likelihood	קָרוֹב-לְוַדַּאי
in all likelihood	כַּנִּרְאֶה
in all probability	מִן-הַסְּתָם
in all probability	קָרוֹב-לְוַדַּאי
in all probability	כַּנִּרְאֶה
belike	מִן-הַסְּתָם
belike	קָרוֹב-לְוַדַּאי
belike	כַּנִּרְאֶה
interception	חֲטִיפָה
comparison	הַשְׁוָאָה
comparing	הַשְׁוָאָה
tickle	!דִּגְדּוּג
tickling	!דִּגְדּוּג
titillation	!דִּגְדּוּג
surely	בְּוַדַּאי
surely	בֶּטַח
certainly	בְּוַדַּאי
certainly	בֶּטַח
sure	בְּוַדַּאי
sure	בֶּטַח
for sure	בְּוַדַּאי
for sure	בֶּטַח
for certain	בְּוַדַּאי
for certain	בֶּטַח
sure enough	בְּוַדַּאי
sure enough	בֶּטַח
sure as shooting	בְּוַדַּאי
sure as shooting	בֶּטַח
caress	לִטּוּף
caress	לְטִיפָה
joining	חִבּוּר
connection	חִבּוּר
connexion	חִבּוּר
sufficiently	!דֵּי
enough	!דֵּי
plenty	!דֵּי
such	!כָּל כָּךְ
tightening	חִזּוּק
tightening	הִדּוּק
crafty	תַּחְבְּלָן
crafty	עָרוּם
crafty	עַרְמוּמִי
cunning	תַּחְבְּלָן
cunning	עָרוּם
cunning	עַרְמוּמִי
dodgy	תַּחְבְּלָן
dodgy	עָרוּם
dodgy	עַרְמוּמִי
foxy	תַּחְבְּלָן
foxy	עָרוּם
foxy	עַרְמוּמִי
guileful	תַּחְבְּלָן
guileful	עָרוּם
guileful	עַרְמוּמִי
knavish	תַּחְבְּלָן
knavish	עָרוּם
knavish	עַרְמוּמִי
slick	תַּחְבְּלָן
slick	עָרוּם
slick	עַרְמוּמִי
sly	תַּחְבְּלָן
sly	עָרוּם
sly	עַרְמוּמִי
tricksy	תַּחְבְּלָן
tricksy	עָרוּם
tricksy	עַרְמוּמִי
tricky	תַּחְבְּלָן
tricky	עָרוּם
tricky	עַרְמוּמִי
wily	תַּחְבְּלָן
wily	עָרוּם
wily	עַרְמוּמִי
bonding	!הַלְחָמָה
soldering	!הַלְחָמָה
grounding	הַאֲרָקָה
earthing	הַאֲרָקָה
in fact	!לְמַעֲשֶׂה
in fact	!בְּעֶצֶם
in fact	!דַּוְקָא
in fact	!בְּפֹעַל
in point of fact	!לְמַעֲשֶׂה
in point of fact	!בְּעֶצֶם
in point of fact	!דַּוְקָא
in point of fact	!בְּפֹעַל
as a matter of fact	!לְמַעֲשֶׂה
as a matter of fact	!בְּעֶצֶם
as a matter of fact	!דַּוְקָא
as a matter of fact	!בְּפֹעַל
tying	קְשִׁירָה
ligature	קְשִׁירָה
welding	רִתּוּךְ
actually	!לְמַעֲשֶׂה
really	!לְמַעֲשֶׂה
decrease	יָרַד
decrease	קָטַן
decrease	הִצְטַמְצֵם
diminish	יָרַד
diminish	קָטַן
diminish	הִצְטַמְצֵם
lessen	יָרַד
lessen	קָטַן
lessen	הִצְטַמְצֵם
fall	יָרַד
fall	קָטַן
fall	הִצְטַמְצֵם
diagnosis	אִבְחוּן
diagnosis	אַבְחָנָה
diagnosing	אִבְחוּן
diagnosing	אַבְחָנָה
medical diagnosis	אַבְחָנָה
medical diagnosis	דִּיאַגְנוֹזָה
increase	הִגְדִּיל
rise	עָלָה
go up	עָלָה
climb	עָלָה
by heart	בְּעַל-פֶּה
by heart	עַל-פֶּה
by memory	בְּעַל-פֶּה
by memory	עַל-פֶּה
increase	גָּדַל
completely	בִּמְלוֹאוֹ
precisely	בְּדִיּוּק
exactly	בְּדִיּוּק
just	בְּדִיּוּק
raise	הֶעֱלָה
seduction	כִּבּוּשׁ
closely	!כִּמְעַט
intimately	!כִּמְעַט
nearly	!כִּמְעַט
relatively	יַחֲסִית
relatively	בְּאֹפֶן-יַחֲסִי
comparatively	יַחֲסִית
comparatively	בְּאֹפֶן-יַחֲסִי
change	הֵמִיר
exchange	שִׁנָּה
exchange	הֵמִיר
commute	שִׁנָּה
commute	הֵמִיר
convert	שִׁנָּה
convert	הֵמִיר
choice	בְּחִירָה
selection	בְּחִירָה
option	בְּחִירָה
pick	בְּחִירָה
slowly	לְאַט
slow	לְאַט
easy	לְאַט
tardily	לְאַט
in case	!בְּמִקְרֶה
just in case	!בְּמִקְרֶה
ordination	!הַסְמָכָה
ordinance	!הַסְמָכָה
in practice	!לְמַעֲשֶׂה
secretly	בַּחֲשַׁאי
in secret	בַּחֲשַׁאי
on the Q.T.	בַּחֲשַׁאי
on the QT	בַּחֲשַׁאי
vainly	לַשָּׁוְא
vainly	לְלֹא-הוֹעִיל
in vain	לַשָּׁוְא
in vain	לְלֹא-הוֹעִיל
change	הֶחְלִיף
on the spur of the moment	!לְפֶתַע
big	GAP!
enceinte	GAP!
expectant	GAP!
gravid	GAP!
great	GAP!
large	GAP!
heavy	GAP!
with child	GAP!
instrument	מַכְשִׁיר
instrument	כְּלִי
tool	מַכְשִׁיר
tool	כְּלִי
road	!דֶּרֶךְ
temporary expedient	אִלְתּוּר
empowered	!מֻרְשֶׁה
sceptered	!מֻרְשֶׁה
sceptred	!מֻרְשֶׁה
husk	!קִלֵּף
shell	!קִלֵּף
once	בְּרֶגַע-שֶׁ
clear off	פִּנָּה
clear away	פִּנָּה
vigorously	!נִמְרָצוֹת
smartly	!נִמְרָצוֹת
election	בְּחִירוֹת
manual	יְדָנִי
true	!נָכוֹן
admittedly	!נָכוֹן
avowedly	!נָכוֹן
confessedly	!נָכוֹן
equation	!מִשְׁוָאָה
equating	!מִשְׁוָאָה
midwifery	יִלּוּד
goal	גּוֹל
goal	שַׁעַר
namely	דְּהַיְנוּ
namely	הַיְנוּ
namely	כְּלוֹמַר
viz.	דְּהַיְנוּ
viz.	הַיְנוּ
viz.	כְּלוֹמַר
that is to say	דְּהַיְנוּ
that is to say	הַיְנוּ
that is to say	כְּלוֹמַר
to wit	דְּהַיְנוּ
to wit	הַיְנוּ
to wit	כְּלוֹמַר
videlicet	דְּהַיְנוּ
videlicet	הַיְנוּ
videlicet	כְּלוֹמַר
sleepy	יַשְׁנוּנִי
sleepy-eyed	יַשְׁנוּנִי
sleepyheaded	יַשְׁנוּנִי
punctuate	פִּסֵּק
mark	פִּסֵּק
basket	סַל
field goal	סַל
stealthily	בִּגְנֵבָה
awful	נוֹרָא
awful	אָיֹם
dire	נוֹרָא
dire	אָיֹם
direful	נוֹרָא
direful	אָיֹם
dread	נוֹרָא
dread	אָיֹם
dreaded	נוֹרָא
dreaded	אָיֹם
dreadful	נוֹרָא
dreadful	אָיֹם
fearful	נוֹרָא
fearful	אָיֹם
fearsome	נוֹרָא
fearsome	אָיֹם
frightening	נוֹרָא
frightening	אָיֹם
horrendous	נוֹרָא
horrendous	אָיֹם
horrific	נוֹרָא
horrific	אָיֹם
terrible	נוֹרָא
terrible	אָיֹם
hairy	GAP!
properly	כַּהֹגֶן
properly	כַּהֲלָכָה
properly	כַּיָּאוּת
properly	כָּרָאוּי
decently	כַּהֹגֶן
decently	כַּהֲלָכָה
decently	כַּיָּאוּת
decently	כָּרָאוּי
decent	כַּהֹגֶן
decent	כַּהֲלָכָה
decent	כַּיָּאוּת
decent	כָּרָאוּי
in good order	כַּהֹגֶן
in good order	כַּהֲלָכָה
in good order	כַּיָּאוּת
in good order	כָּרָאוּי
right	כַּהֹגֶן
right	כַּהֲלָכָה
right	כַּיָּאוּת
right	כָּרָאוּי
the right way	כַּהֹגֶן
the right way	כַּהֲלָכָה
the right way	כַּיָּאוּת
the right way	כָּרָאוּי
scald	!הִגְעִיל
replacement	הַחְלָפָה
replacing	הַחְלָפָה
promotion	הַעֲלָאָה-בְּדַרְגָּה
promotion	קִדּוּם
edit	עָרַךְ
redact	עָרַךְ
passage	!מַעֲבָר
transition	!מַעֲבָר
meddling	בְּחִישָׁה
tampering	בְּחִישָׁה
resistance	!הִתְנַגְּדוּת
opposition	!הִתְנַגְּדוּת
avoidance	הִמָּנְעוּת
turning away	הִמָּנְעוּת
shunning	הִמָּנְעוּת
dodging	הִמָּנְעוּת
correctly	נְכוֹנָה
correctly	נָכוֹן
right	נְכוֹנָה
aright	נְכוֹנָה
aright	נָכוֹן
brash	!חָצוּף
cheeky	!חָצוּף
nervy	!חָצוּף
fresh	!חָצוּף
impertinent	!חָצוּף
impudent	!חָצוּף
overbold	!חָצוּף
smart	!חָצוּף
saucy	!חָצוּף
sassy	!חָצוּף
wise	!חָצוּף
abnegation	הִתְעַלּוּת
self-abnegation	הִתְעַלּוּת
denial	הִתְעַלּוּת
self-denial	הִתְעַלּוּת
self-renunciation	הִתְעַלּוּת
boycott	חֵרֶם
ejection	גֵּרוּשׁ
exclusion	גֵּרוּשׁ
expulsion	גֵּרוּשׁ
riddance	גֵּרוּשׁ
individually	לְחוּד
individually	בְּנִפְרָד
separately	לְחוּד
separately	בְּנִפְרָד
singly	לְחוּד
singly	בְּנִפְרָד
severally	לְחוּד
severally	בְּנִפְרָד
one by one	לְחוּד
one by one	בְּנִפְרָד
on an individual basis	לְחוּד
on an individual basis	בְּנִפְרָד
exile	גֵּרוּשׁ
exile	הַגְלָיָה
deportation	גֵּרוּשׁ
deportation	הַגְלָיָה
expatriation	גֵּרוּשׁ
expatriation	הַגְלָיָה
transportation	גֵּרוּשׁ
transportation	הַגְלָיָה
termination	סִיּוּם
termination	חֲתִימָה
ending	סִיּוּם
ending	חֲתִימָה
conclusion	סִיּוּם
conclusion	חֲתִימָה
spoil	הִתְקַלְקֵל
go bad	הִתְקַלְקֵל
freely	חָפְשִׁי
freely	בְּחָפְשִׁיּוּת
balding	מַקְרִיחַ
completion	הַשְׁלָמָה
completion	!סִיּוּם
culmination	הַשְׁלָמָה
culmination	!סִיּוּם
closing	הַשְׁלָמָה
closing	!סִיּוּם
windup	הַשְׁלָמָה
windup	!סִיּוּם
mop up	הַשְׁלָמָה
mop up	!סִיּוּם
hairy	שָׂעִיר
haired	שָׂעִיר
hirsute	שָׂעִיר
pickle	הֶחְמִיץ
pickle	כָּבַשׁ
extradition	הַסְגָּרָה
exemption	!חֲסִינוּת
immunity	!חֲסִינוּת
granting immunity	!חֲסִינוּת
destruction	!הֶרֶס
destruction	!הַחְרָבָה
devastation	!הֶרֶס
devastation	!הַחְרָבָה
beautiful	יָפֶה
dry	יִבֵּשׁ
dry out	יִבֵּשׁ
dry	הִתְיַבֵּשׁ
dry out	הִתְיַבֵּשׁ
upside down	הָפוּךְ
murder	רֶצַח
slaying	רֶצַח
execution	רֶצַח
strengthen	גִּבֵּר
strengthen	חִזֵּק
beef up	גִּבֵּר
beef up	חִזֵּק
fortify	גִּבֵּר
fortify	חִזֵּק
grotesque	מִפְלַצְתִּי
grotesque	גְּרוֹטֶסְקִי
monstrous	מִפְלַצְתִּי
monstrous	גְּרוֹטֶסְקִי
big-bellied	עַב-כָּרֶס
great bellied	עַב-כָּרֶס
malevolent	!מַמְאִיר
suffocation	!מַחֲנָק
suffocation	!חֶנֶק
asphyxiation	!מַחֲנָק
asphyxiation	!חֶנֶק
choking	!חֲנִיקָה
strangling	!חֲנִיקָה
strangulation	!חֲנִיקָה
throttling	!חֲנִיקָה
poisonous	אַרְסִי
venomous	אַרְסִי
vicious	אַרְסִי
intensify	הִתְגַּבֵּר
intensify	הִתְעַצֵּם
intensify	הִתְחַזֵּק
intensify	גָּבַר
deepen	הִתְגַּבֵּר
deepen	הִתְעַצֵּם
deepen	הִתְחַזֵּק
deepen	גָּבַר
angrily	בְּזַעַם
angrily	בְּכַעַס
abolition	בִּטּוּל
abolishment	בִּטּוּל
enhance	הִגְבִּיר
heighten	הִגְבִּיר
raise	הִגְבִּיר
abortion	הַפָּלָה
spontaneous abortion	הַפָּלָה-טִבְעִית
miscarriage	הַפָּלָה-טִבְעִית
stillbirth	הַפָּלָה-טִבְעִית
grow	!גִּדֵּל
abrogation	בִּטּוּל
repeal	בִּטּוּל
annulment	בִּטּוּל
cancellation	בִּטּוּל
beginning	!הַתְחָלָה
start	!הַתְחָלָה
commencement	!הַתְחָלָה
joint	GAP!
quadrilateral	מְרֻבָּע
four-sided	מְרֻבָּע
oxidize	הִתְחַמְצֵן
oxidize	חִמְצֵן
oxidise	הִתְחַמְצֵן
oxidise	חִמְצֵן
oxidate	הִתְחַמְצֵן
oxidate	חִמְצֵן
initiation	בְּרִיאַת הָעוֹלָם
founding	בְּרִיאַת הָעוֹלָם
foundation	בְּרִיאַת הָעוֹלָם
institution	בְּרִיאַת הָעוֹלָם
origination	בְּרִיאַת הָעוֹלָם
creation	בְּרִיאַת הָעוֹלָם
innovation	בְּרִיאַת הָעוֹלָם
introduction	בְּרִיאַת הָעוֹלָם
instauration	בְּרִיאַת הָעוֹלָם
shrivel	הִצְטַמֵּק
shrivel up	הִצְטַמֵּק
shrink	הִצְטַמֵּק
wither	הִצְטַמֵּק
resumption	חִדּוּשׁ
recommencement	חִדּוּשׁ
unionization	הִתְאַגְּדוּת
unionisation	הִתְאַגְּדוּת
unite	אִחֵד
unify	אִחֵד
merge	אִחֵד
cooking	בִּשּׁוּל
cookery	בִּשּׁוּל
preparation	בִּשּׁוּל
bronzed	שָׁזוּף
suntanned	שָׁזוּף
tanned	שָׁזוּף
frying	טִגּוּן
sauteing	טִגּוּן
unblemished	!חָלָק
unmarred	!חָלָק
unmutilated	!חָלָק
roasting	!צְלִיָּה
seasoning	תִּבְלוּן
seasoning	תִּבּוּל
progress	הִתְקַדֵּם
come on	הִתְקַדֵּם
come along	הִתְקַדֵּם
advance	הִתְקַדֵּם
get on	הִתְקַדֵּם
get along	הִתְקַדֵּם
shape up	הִתְקַדֵּם
particularly	בִּפְרָט
in particular	בִּמְיֻחָד
in particular	בִּפְרָט
improvement	!שִׁפּוּר
advancement	קִדּוּם
advancement	הִתְקַדְּמוּת
progress	קִדּוּם
progress	הִתְקַדְּמוּת
audacious	לְלֹא-חַת
audacious	עַז-נֶפֶשׁ
audacious	אַמִּיץ-לֵב
brave	לְלֹא-חַת
brave	עַז-נֶפֶשׁ
brave	אַמִּיץ-לֵב
dauntless	לְלֹא-חַת
dauntless	עַז-נֶפֶשׁ
dauntless	אַמִּיץ-לֵב
fearless	לְלֹא-חַת
fearless	עַז-נֶפֶשׁ
fearless	אַמִּיץ-לֵב
hardy	לְלֹא-חַת
hardy	עַז-נֶפֶשׁ
hardy	אַמִּיץ-לֵב
intrepid	לְלֹא-חַת
intrepid	עַז-נֶפֶשׁ
intrepid	אַמִּיץ-לֵב
unfearing	לְלֹא-חַת
unfearing	עַז-נֶפֶשׁ
unfearing	אַמִּיץ-לֵב
cleaning	נִקָּיוֹן
cleaning	נִקּוּי
cleansing	נִקָּיוֹן
cleansing	נִקּוּי
cleanup	נִקָּיוֹן
cleanup	נִקּוּי
sweeping	טִאטוּא
sweeping	טֵאוּט
purification	טִהוּר
chained	כָּבוּל
enchained	כָּבוּל
tied	קָשׁוּר
fastened	קָשׁוּר
shave	גִּלּוּחַ
shaving	גִּלּוּחַ
ibid.	שָׁם
ib.	שָׁם
ibidem	שָׁם
bath	אַמְבַּטְיָה
leak	!דָּלַף
reform	!תִּקּוּן
beautification	יִפּוּי
decoration	קִשּׁוּט
decoration	עִטּוּר
ornamentation	!עִטּוּר
embellishment	!עִטּוּר
brave	אַמִּיץ
courageous	אַמִּיץ
repair	תִּקּוּן
fix	תִּקּוּן
fixing	תִּקּוּן
fixture	תִּקּוּן
mend	תִּקּוּן
mending	תִּקּוּן
reparation	תִּקּוּן
care	תַּחְזוּקָה
maintenance	תַּחְזוּקָה
upkeep	תַּחְזוּקָה
dwindle	!הִתְדַּלְדֵּל
dwindle away	!הִתְדַּלְדֵּל
dwindle down	!הִתְדַּלְדֵּל
get worse	GAP!
relapse	GAP!
coaching	GAP!
coaching job	GAP!
dark	אָפֵל
dark	חָשׁוּךְ
steel oneself against	!נֶעֱרַךְ
steel onself for	!נֶעֱרַךְ
brace oneself for	!נֶעֱרַךְ
prepare for	!נֶעֱרַךְ
humiliation	!הַשְׁפָּלָה
abasement	!הַשְׁפָּלָה
bleach	!מַלְבִּין
regularize	הִסְדִּיר
regularise	הִסְדִּיר
tidy	סִדֵּר
tidy up	סִדֵּר
clean up	סִדֵּר
neaten	סִדֵּר
straighten	סִדֵּר
straighten out	סִדֵּר
square away	סִדֵּר
mess	בִּלְגֵּן
mess	הָפַךְ
mess	בִּרְדֵּק
mess up	בִּלְגֵּן
mess up	הָפַךְ
mess up	בִּרְדֵּק
murky	קוֹדֵר
mirky	קוֹדֵר
staining	הַכְתָּמָה
spotting	הַכְתָּמָה
maculation	הַכְתָּמָה
contamination	זִהוּם
pollution	זִהוּם
wetting	הַרְטָבָה
barefooted	יָחֵף
barefoot	יָחֵף
aglitter	!נוֹצֵץ
coruscant	!נוֹצֵץ
fulgid	!נוֹצֵץ
glinting	!נוֹצֵץ
glistering	!נוֹצֵץ
glittering	!נוֹצֵץ
glittery	!נוֹצֵץ
scintillant	!נוֹצֵץ
scintillating	!נוֹצֵץ
sparkly	!נוֹצֵץ
motion	תְּנוּעָה
motion	מַעֲבָר
motion	תְּזוּזָה
movement	תְּנוּעָה
movement	מַעֲבָר
movement	תְּזוּזָה
move	תְּנוּעָה
move	מַעֲבָר
move	תְּזוּזָה
whiten	הִלְבִּין
white	הִלְבִּין
beaming	!קוֹרֵן
beamy	!קוֹרֵן
effulgent	!קוֹרֵן
radiant	!קוֹרֵן
refulgent	!קוֹרֵן
progress	!עֲלִיָּה
progression	!עֲלִיָּה
procession	!עֲלִיָּה
advance	!עֲלִיָּה
advancement	!עֲלִיָּה
forward motion	!עֲלִיָּה
onward motion	!עֲלִיָּה
silver	מֻכְסָף
silver	כַּסְפִּי
silvern	מֻכְסָף
silvern	כַּסְפִּי
silvery	מֻכְסָף
silvery	כַּסְפִּי
dimmed	מוּעָם
dimmed	מְעֻמְעָם
dim	מוּעָם
dim	מְעֻמְעָם
clean	!דֵּי
racist	GAP!
antiblack	GAP!
anti-Semite	GAP!
petty	קַטְנוּנִי
small-minded	קַטְנוּנִי
gallop	!דְּהִירָה
yellow	הִצְהִיב
cursorily	בְּרִפְרוּף
quickly	בְּרִפְרוּף
turn	סִיבוּב
drudging	GAP!
laboring	GAP!
labouring	GAP!
toiling	GAP!
run	רִיצָה
running	רִיצָה
bloom	לִבְלֵב
bloom	פָּרַח
blossom	לִבְלֵב
blossom	פָּרַח
flower	לִבְלֵב
flower	פָּרַח
faineant	עַצְלָן
faineant	עָצֵל
indolent	עַצְלָן
indolent	עָצֵל
lazy	עַצְלָן
lazy	עָצֵל
otiose	עַצְלָן
otiose	עָצֵל
slothful	עַצְלָן
slothful	עָצֵל
work-shy	עַצְלָן
work-shy	עָצֵל
lap	!מַעְגָּל
circle	!מַעְגָּל
circuit	!מַעְגָּל
travel	!נְסִיעָה
traveling	!נְסִיעָה
travelling	!נְסִיעָה
procession	!תַּהֲלוּכָה
wandering	!נְדִידָה
wandering	!נְדוּדִים
wandering	!נְדוֹד
roving	!נְדִידָה
roving	!נְדוּדִים
roving	!נְדוֹד
vagabondage	!נְדִידָה
vagabondage	!נְדוּדִים
vagabondage	!נְדוֹד
tourism	!תַּיָּרוּת
touristry	!תַּיָּרוּת
collective	שִׁתּוּפִי
riding	רְכִיבָה
horseback riding	רְכִיבָה
gruff	צָרוּד
hoarse	צָרוּד
husky	צָרוּד
possibly	יִתָּכֵן
possibly	אוּלַי
perchance	יִתָּכֵן
perchance	אוּלַי
perhaps	יִתָּכֵן
perhaps	אוּלַי
maybe	יִתָּכֵן
maybe	אוּלַי
mayhap	יִתָּכֵן
mayhap	אוּלַי
peradventure	יִתָּכֵן
peradventure	אוּלַי
domesticate	בִּיֵּת
domesticate	בֻּיַּת
tame	בִּיֵּת
tame	בֻּיַּת
countless	אֵין-סְפֹר
countless	אֵינְסוֹף
infinite	אֵין-סְפֹר
infinite	אֵינְסוֹף
innumerable	אֵין-סְפֹר
innumerable	אֵינְסוֹף
innumerous	אֵין-סְפֹר
innumerous	אֵינְסוֹף
multitudinous	אֵין-סְפֹר
multitudinous	אֵינְסוֹף
myriad	אֵין-סְפֹר
myriad	אֵינְסוֹף
numberless	אֵין-סְפֹר
numberless	אֵינְסוֹף
uncounted	אֵין-סְפֹר
uncounted	אֵינְסוֹף
unnumberable	אֵין-סְפֹר
unnumberable	אֵינְסוֹף
unnumbered	אֵין-סְפֹר
unnumbered	אֵינְסוֹף
unnumerable	אֵין-סְפֹר
unnumerable	אֵינְסוֹף
domesticate	אִלֵּף
domesticate	אֻלַּף
domesticize	בִּיֵּת
domesticize	בֻּיַּת
domesticize	אִלֵּף
domesticize	אֻלַּף
domesticise	בִּיֵּת
domesticise	בֻּיַּת
domesticise	אִלֵּף
domesticise	אֻלַּף
reclaim	בִּיֵּת
reclaim	בֻּיַּת
reclaim	אִלֵּף
reclaim	אֻלַּף
tame	אִלֵּף
tame	אֻלַּף
cultivate	בִּיֵּת
cultivate	בֻּיַּת
naturalize	בִּיֵּת
naturalize	בֻּיַּת
naturalise	בִּיֵּת
naturalise	בֻּיַּת
toughen	חִשֵּׁל
take in	הֵצֵר
tailspin	סִחְרוּר
spin	סִחְרוּר
journey	!מַסָּע
journey	!נְסִיעָה
journeying	!מַסָּע
journeying	!נְסִיעָה
drive	!נְסִיעָה
ride	!נְסִיעָה
neglected	עָזוּב
neglected	מֻזְנָח
unattended	עָזוּב
unattended	מֻזְנָח
lift	טְרֶמְפּ
digression	!טִיּוּל
excursion	!טִיּוּל
boom	!שִׂגְשֵׂג
thrive	!שִׂגְשֵׂג
flourish	!שִׂגְשֵׂג
expand	!שִׂגְשֵׂג
detailed	מְפֹרָט
elaborate	מְפֹרָט
elaborated	מְפֹרָט
jaunt	!טִיּוּל
outing	!טִיּוּל
junket	!טִיּוּל
pleasure trip	!טִיּוּל
expedition	!טִיּוּל
sashay	!טִיּוּל
casual	חָטוּף
cursory	חָטוּף
passing	חָטוּף
perfunctory	חָטוּף
cruise	שַׁיִט
cruise	הַפְלָגָה
sail	שַׁיִט
sail	הַפְלָגָה
weed	!נִכֵּשׁ
seafaring	!נִוּוּט
navigation	!נִוּוּט
sailing	!נִוּוּט
lengthen	הִתְאָרֵךְ
delivery	מְסִירָה
bringing	מְסִירָה
engraved	חָרוּת
engraved	חָקוּק
etched	חָרוּת
etched	חָקוּק
graven	חָרוּת
graven	חָקוּק
incised	חָרוּת
incised	חָקוּק
inscribed	חָרוּת
inscribed	חָקוּק
lengthen	הֶאֱרִיךְ
passage	!מַתָּן
handing over	!מַתָּן
pursuit	רְדִיפָה
pursuit	מִרְדָּף
pursuit	דְּלִיקָה
chase	רְדִיפָה
chase	מִרְדָּף
chase	דְּלִיקָה
pursual	רְדִיפָה
pursual	מִרְדָּף
pursual	דְּלִיקָה
following	רְדִיפָה
following	מִרְדָּף
following	דְּלִיקָה
trailing	!הִתְחַקּוּת
tracking	!הִתְחַקּוּת
insertion	הַכְנָסָה
introduction	הַכְנָסָה
intromission	הַכְנָסָה
double	!כִּפְלַיִם
west	GAP!
westward	מַעֲרָבָה
westwards	מַעֲרָבָה
eastward	קֵדְמָה
eastward	מִזְרָחָה
eastwards	קֵדְמָה
eastwards	מִזְרָחָה
lowering	הַנְמָכָה
lowering	הוֹרָדָה
letting down	הַנְמָכָה
letting down	הוֹרָדָה
remand	!מַעֲצָר
crawl	זְחִילָה
crawl	הִזְדַּחֲלוּת
motion	!תְּנוּעָה
movement	!תְּנוּעָה
move	!תְּנוּעָה
motility	!תְּנוּעָה
gesture	מֶחֱוָה
happen	הִתְרַחֵשׁ
happen	קָרָה
happen	הִתְקַיֵּם
hap	הִתְרַחֵשׁ
hap	קָרָה
hap	הִתְקַיֵּם
go on	הִתְרַחֵשׁ
go on	קָרָה
go on	הִתְקַיֵּם
pass off	הִתְרַחֵשׁ
pass off	קָרָה
pass off	הִתְקַיֵּם
occur	הִתְרַחֵשׁ
occur	קָרָה
occur	הִתְקַיֵּם
pass	הִתְרַחֵשׁ
pass	קָרָה
pass	הִתְקַיֵּם
fall out	הִתְרַחֵשׁ
fall out	קָרָה
fall out	הִתְקַיֵּם
come about	הִתְרַחֵשׁ
come about	קָרָה
come about	הִתְקַיֵּם
take place	הִתְרַחֵשׁ
take place	קָרָה
take place	הִתְקַיֵּם
rotation	סִיבוּב
rotation	סֶבֶב
rotation	הִסְתּוֹבְבוּת
rotary motion	סִיבוּב
rotary motion	סֶבֶב
rotary motion	הִסְתּוֹבְבוּת
forcefully	בְּכֹחַ
forcefully	חָזָק
twirl	סִחְרוּר
twist	סִחְרוּר
twisting	סִחְרוּר
whirl	סִחְרוּר
evitable	בַּר-מְנִיעָה
avoidable	בַּר-מְנִיעָה
avertible	בַּר-מְנִיעָה
avertable	בַּר-מְנִיעָה
squat	קְרִיסָה
squatting	קְרִיסָה
get down	הֵחֵל
get down	הִתְחִיל
begin	הֵחֵל
begin	הִתְחִיל
get	הֵחֵל
get	הִתְחִיל
start out	הֵחֵל
start out	הִתְחִיל
start	הֵחֵל
start	הִתְחִיל
set about	הֵחֵל
set about	הִתְחִיל
set out	הֵחֵל
set out	הִתְחִיל
commence	הֵחֵל
commence	הִתְחִיל
begin	!נִכְנַס
begin	!הִתְחִיל
lead off	!נִכְנַס
lead off	!הִתְחִיל
start	!נִכְנַס
start	!הִתְחִיל
commence	!נִכְנַס
commence	!הִתְחִיל
decrease	הַפְחָתָה
diminution	הַפְחָתָה
reduction	הַפְחָתָה
step-down	הַפְחָתָה
finish up	!גִּמֵּר
land up	!גִּמֵּר
fetch up	!גִּמֵּר
end up	!גִּמֵּר
wind up	!גִּמֵּר
finish	!גִּמֵּר
emended	עָרוּךְ
edited	עָרוּךְ
extenuation	הַמְתָּקַת-דִּין
mitigation	הַמְתָּקַת-דִּין
palliation	הַמְתָּקַת-דִּין
consumption	!הוֹצָאָה
using up	!הוֹצָאָה
expenditure	!הוֹצָאָה
compression	!דְּחִיסָה
compressing	!דְּחִיסָה
characteristic	אָפְיָנִי
shoot	נָבַט
spud	נָבַט
germinate	נָבַט
pullulate	נָבַט
bourgeon	נָבַט
burgeon forth	נָבַט
sprout	נָבַט
distinctive	טִפּוּסִי
typical	טִפּוּסִי
extrusion	!גֵּרוּשׁ
shortening	קִצּוּר
chartered	GAP!
hired	GAP!
leased	GAP!
come to life	הִתְהַוָּה
come to life	נוֹצַר
come into being	הִתְהַוָּה
come into being	נוֹצַר
break	הִפְסִיק
break off	הִפְסִיק
discontinue	הִפְסִיק
stop	הִפְסִיק
weakening	הַחְלָשָׁה
wilt	!קְמִילָה
wilting	!קְמִילָה
advance	עֲלִיָּה
rise	עֲלִיָּה
amplification	הֶגְבֵּר
amplification	הַגְבָּרָה
escalation	!הַסְלָמָה
evaporate	הִתְאַדָּה
evaporate	הִתְנַדֵּף
vaporize	הִתְאַדָּה
vaporize	הִתְנַדֵּף
vaporise	הִתְאַדָּה
vaporise	הִתְנַדֵּף
exaggeration	הַגְזָמָה
unify	הִתְאַחֵד
unite	הִתְאַחֵד
merge	הִתְאַחֵד
precisely	בִּמְדֻיָּק
incisively	בִּמְדֻיָּק
exactly	בִּמְדֻיָּק
dispersion	פִּזּוּר
dispersal	פִּזּוּר
dissemination	פִּזּוּר
diffusion	פִּזּוּר
precisely	!מַמָּשׁ
exactly	!מַמָּשׁ
on the nose	בְּדִיּוּק
on the nose	!מַמָּשׁ
on the dot	בְּדִיּוּק
on the dot	!מַמָּשׁ
on the button	בְּדִיּוּק
on the button	!מַמָּשׁ
indifferently	בַּאֲדִישׁוּת
inclusion	כְּלִילָה
inclusion	הַכְלָלָה
chestnut	עַרְמוֹנִי
intensification	הַעֲצָמָה
intensification	הַגְבָּרָה
intensification	אִינְטֶנְסִיפִיקַצְיָה
boil over	גָּלַשׁ
overboil	גָּלַשׁ
smashing	רִיצוּץ
smashing	נִתּוּץ
smashing	רִסּוּק
smashing	נִפּוּץ
shattering	רִיצוּץ
shattering	נִתּוּץ
shattering	רִסּוּק
shattering	נִפּוּץ
explosion	פִּצּוּץ
burst	פִּצּוּץ
burn	!שָׂרַף
incinerate	!שָׂרַף
arson	!הַצָּתָה
incendiarism	!הַצָּתָה
fire-raising	!הַצָּתָה
orange	כָּתֹם
orangish	כָּתֹם
graft	הַרְכָּבָה
grafting	הַרְכָּבָה
mix	!תַּעֲרֹבֶת
commixture	!תַּעֲרֹבֶת
admixture	!תַּעֲרֹבֶת
mixture	!תַּעֲרֹבֶת
intermixture	!תַּעֲרֹבֶת
mixing	!תַּעֲרֹבֶת
blend	עִרְבּוּב
blending	עִרְבּוּב
confluence	!הִתְמַזְּגוּת
conflux	!הִתְמַזְּגוּת
merging	!הִתְמַזְּגוּת
red	אָדֹם
reddish	אָדֹם
ruddy	אָדֹם
blood-red	אָדֹם
carmine	אָדֹם
cerise	אָדֹם
cherry	אָדֹם
cherry-red	אָדֹם
crimson	אָדֹם
ruby	אָדֹם
ruby-red	אָדֹם
scarlet	אָדֹם
union	אִחוּד
unification	אִחוּד
uniting	אִחוּד
conjugation	אִחוּד
jointure	אִחוּד
umbrella	!מִטְרִיָּה
break	הֶפְסֵק
interruption	הֶפְסֵק
disruption	הֶפְסֵק
gap	הֶפְסֵק
argent	כָּסוּף
silver	כָּסוּף
silvery	כָּסוּף
silverish	כָּסוּף
blackish	שְׁחַרְחַר
lento	לֶנְטוֹ
slowly	לֶנְטוֹ
grey	אָפֹר
gray	אָפֹר
greyish	אָפֹר
grayish	אָפֹר
punctuation	פִּסּוּק
threshing	!דַּיִשׁ
color	צִבְעוֹנִי
colour	צִבְעוֹנִי
emptying	רִקּוּן
voidance	רִקּוּן
evacuation	רִקּוּן
censoring	צֶנְזוּרָה
censorship	צֶנְזוּרָה
ginger	גִ'ינְגִ'י
gingery	גִ'ינְגִ'י
motley	רַבְגּוֹנִי
motley	רַב-צִבְעִי
motley	רַב-גּוֹנִי
motley	סַסְגּוֹנִי
calico	רַבְגּוֹנִי
calico	רַב-צִבְעִי
calico	רַב-גּוֹנִי
calico	סַסְגּוֹנִי
multicolor	רַבְגּוֹנִי
multicolor	רַב-צִבְעִי
multicolor	רַב-גּוֹנִי
multicolor	סַסְגּוֹנִי
multi-color	רַבְגּוֹנִי
multi-color	רַב-צִבְעִי
multi-color	רַב-גּוֹנִי
multi-color	סַסְגּוֹנִי
multicolour	רַבְגּוֹנִי
multicolour	רַב-צִבְעִי
multicolour	רַב-גּוֹנִי
multicolour	סַסְגּוֹנִי
multi-colour	רַבְגּוֹנִי
multi-colour	רַב-צִבְעִי
multi-colour	רַב-גּוֹנִי
multi-colour	סַסְגּוֹנִי
multicolored	רַבְגּוֹנִי
multicolored	רַב-צִבְעִי
multicolored	רַב-גּוֹנִי
multicolored	סַסְגּוֹנִי
multi-colored	רַבְגּוֹנִי
multi-colored	רַב-צִבְעִי
multi-colored	רַב-גּוֹנִי
multi-colored	סַסְגּוֹנִי
multicoloured	רַבְגּוֹנִי
multicoloured	רַב-צִבְעִי
multicoloured	רַב-גּוֹנִי
multicoloured	סַסְגּוֹנִי
multi-coloured	רַבְגּוֹנִי
multi-coloured	רַב-צִבְעִי
multi-coloured	רַב-גּוֹנִי
multi-coloured	סַסְגּוֹנִי
painted	רַבְגּוֹנִי
painted	רַב-צִבְעִי
painted	רַב-גּוֹנִי
painted	סַסְגּוֹנִי
particolored	רַבְגּוֹנִי
particolored	רַב-צִבְעִי
particolored	רַב-גּוֹנִי
particolored	סַסְגּוֹנִי
particoloured	רַבְגּוֹנִי
particoloured	רַב-צִבְעִי
particoloured	רַב-גּוֹנִי
particoloured	סַסְגּוֹנִי
piebald	רַבְגּוֹנִי
piebald	רַב-צִבְעִי
piebald	רַב-גּוֹנִי
piebald	סַסְגּוֹנִי
pied	רַבְגּוֹנִי
pied	רַב-צִבְעִי
pied	רַב-גּוֹנִי
pied	סַסְגּוֹנִי
varicolored	רַבְגּוֹנִי
varicolored	רַב-צִבְעִי
varicolored	רַב-גּוֹנִי
varicolored	סַסְגּוֹנִי
varicoloured	רַבְגּוֹנִי
varicoloured	רַב-צִבְעִי
varicoloured	רַב-גּוֹנִי
varicoloured	סַסְגּוֹנִי
afforestation	יִעוּר
colorful	צִבְעוֹנִי
colourful	צִבְעוֹנִי
defacement	!הַשְׁחָתָה
disfigurement	!הַשְׁחָתָה
disfiguration	!הַשְׁחָתָה
wound	פְּצִיעָה
wounding	פְּצִיעָה
updating	עִדְכּוּן
centralize	מִרְכֵּז
centralise	מִרְכֵּז
concentrate	מִרְכֵּז
colorful	סַסְגּוֹנִי
colourful	סַסְגּוֹנִי
protrusion	הִתְבַּלְּטוּת
projection	הִתְבַּלְּטוּת
jut	הִתְבַּלְּטוּת
jutting	הִתְבַּלְּטוּת
widening	הַרְחָבָה
broadening	הַרְחָבָה
near	קָרוֹב
nigh	קָרוֹב
close	קָרוֹב
nationalize	הִלְאִים
nationalise	הִלְאִים
way	!דֶּרֶךְ
path	!דֶּרֶךְ
way of life	!דֶּרֶךְ
emigrate	הִגֵּר
crude	גָּלְמִי
raw	גָּלְמִי
cuddle	!חִבּוּק
nestle	!חִבּוּק
snuggle	!חִבּוּק
starch	עִמְלֵן
hug	!חִבּוּק
clinch	!חִבּוּק
squeeze	!חִבּוּק
annoyance	!הַטְרָדָה
annoying	!הַטְרָדָה
irritation	!הַטְרָדָה
vexation	!הַטְרָדָה
maltreatment	הִתְעַלְּלוּת
ill-treatment	הִתְעַלְּלוּת
ill-usage	הִתְעַלְּלוּת
abuse	הִתְעַלְּלוּת
persecution	רְדִיפָה
pogrom	פְּרָעוֹת
pogrom	פּוֹגְרוֹם
get on	!דָּלַק
be on	!דָּלַק
diversion	בִּלּוּי
recreation	בִּלּוּי
disappear	הָלַךְ-לְאִבּוּד
disappear	אָבַד
disappear	נֶעֱלַם
vanish	הָלַךְ-לְאִבּוּד
vanish	אָבַד
vanish	נֶעֱלַם
go away	הָלַךְ-לְאִבּוּד
go away	אָבַד
go away	נֶעֱלַם
vanish	נָגוֹז
disappear	נָגוֹז
unclean	טָמֵא
impure	טָמֵא
entertainment	בִּדּוּר
amusement	בִּדּוּר
jest	הִתְבַּדְּחוּת
joke	הִתְבַּדְּחוּת
jocularity	הִתְבַּדְּחוּת
house	אִמָּא וְאַבָּא
avocation	תַּחְבִּיב
avocation	הוֹבִּי
by-line	תַּחְבִּיב
by-line	הוֹבִּי
hobby	תַּחְבִּיב
hobby	הוֹבִּי
pursuit	תַּחְבִּיב
pursuit	הוֹבִּי
sideline	תַּחְבִּיב
sideline	הוֹבִּי
spare-time activity	תַּחְבִּיב
spare-time activity	הוֹבִּי
opaque	אָטוּם
cloudy	עָכוּר
muddy	עָכוּר
mirky	עָכוּר
murky	עָכוּר
turbid	עָכוּר
gymnastics	הִתְעַמְּלוּת
gymnastic exercise	הִתְעַמְּלוּת
dazed	מְטֻשְׁטָשׁ
stunned	מְטֻשְׁטָשׁ
stupefied	מְטֻשְׁטָשׁ
stupid	מְטֻשְׁטָשׁ
accelerate	!הֵאִיץ
speed up	!הֵאִיץ
speed	!הֵאִיץ
quicken	!הֵאִיץ
somersault	הִפּוּךְ
somersault	הִתְהַפְּכוּת
somerset	הִפּוּךְ
somerset	הִתְהַפְּכוּת
summersault	הִפּוּךְ
summersault	הִתְהַפְּכוּת
summerset	הִפּוּךְ
summerset	הִתְהַפְּכוּת
somersaulting	הִפּוּךְ
somersaulting	הִתְהַפְּכוּת
flip	הִפּוּךְ
flip	הִתְהַפְּכוּת
stupid	!טִפְּשִׁי
stupid	!טִפֵּשׁ
decrease	הִקְטִין
lessen	הִקְטִין
minify	הִקְטִין
dive	צְלִילָה
diving	צְלִילָה
distant	!רָחוֹק
remote	!רָחוֹק
removed	!רָחוֹק
nearby	בְּקִרְבַת-מָקוֹם
fight	GAP!
react	!הֵגִיב
adjacent	סָמוּךְ
next	סָמוּךְ
side by side	סָמוּךְ
equitation	רְכִיבָה
hunt	צַיִד
hunting	צַיִד
fishing	!דַּיִג
sportfishing	!דַּיִג
attack	!הִתְנַפְּלוּת
bare	עֵירֹם
bare	בִּלְבוּשׁ-חַוָּה
bare	מְעֻרְטָל
bare	עָרוּם
au naturel	עֵירֹם
au naturel	בִּלְבוּשׁ-חַוָּה
au naturel	מְעֻרְטָל
au naturel	עָרוּם
naked	עֵירֹם
naked	בִּלְבוּשׁ-חַוָּה
naked	מְעֻרְטָל
naked	עָרוּם
nude	עֵירֹם
nude	בִּלְבוּשׁ-חַוָּה
nude	מְעֻרְטָל
nude	עָרוּם
sour	הֶחְמִיץ
turn	הֶחְמִיץ
ferment	הֶחְמִיץ
work	הֶחְמִיץ
exposed	חָשׂוּף
uncovered	חָשׂוּף
cloudy	מְעֻנָּן
brumous	מְעֻרְפָּל
brumous	אָבִיךְ
foggy	מְעֻרְפָּל
foggy	אָבִיךְ
hazy	מְעֻרְפָּל
hazy	אָבִיךְ
misty	מְעֻרְפָּל
misty	אָבִיךְ
curling	קֶרלִינְג
dull	אָפֹר
leaden	אָפֹר
maritime	!יַמִּי
foldable	מִתְקַפֵּל
foldaway	מִתְקַפֵּל
folding	מִתְקַפֵּל
collective	!שִׁתּוּפִי
football	GAP!
football game	GAP!
commercialize	מִסְחֵר
commercialise	מִסְחֵר
market	מִסְחֵר
burnable	מִתְלַקֵּחַ
burnable	דָּלִיק
burnable	בָּעִיר
ignitable	מִתְלַקֵּחַ
ignitable	דָּלִיק
ignitable	בָּעִיר
ignitible	מִתְלַקֵּחַ
ignitible	דָּלִיק
ignitible	בָּעִיר
precipitate	שִׁקֵּעַ
precipitate	הִשְׁקִיעַ
precipitate	!הִשְׁקִיעַ
cricket	קְרִיקֶט
soccer	כַּדּוּרֶגֶל
association football	כַּדּוּרֶגֶל
tomorrow	מָחָר
volleyball	כַּדּוּרְעָף
volleyball game	כַּדּוּרְעָף
basketball	כַּדּוּרְסַל
basketball game	כַּדּוּרְסַל
hoops	כַּדּוּרְסַל
proportional	פְּרוֹפּוֹרְצְיוֹנָלִי
proportional	פְּרוֹפּוֹרְצְיוֹנִי
relative	פְּרוֹפּוֹרְצְיוֹנָלִי
relative	פְּרוֹפּוֹרְצְיוֹנִי
commercialized	מְמֻסְחָר
commercialised	מְמֻסְחָר
complete	חָתַם
complete	סִיֵּם
complete	גָּמַר
finish	חָתַם
finish	סִיֵּם
finish	גָּמַר
follow through	הִשְׁלִים
follow up	הִשְׁלִים
follow out	הִשְׁלִים
carry out	הִשְׁלִים
implement	הִשְׁלִים
put through	הִשְׁלִים
go through	הִשְׁלִים
vent	אִוְרֵר
ventilate	אִוְרֵר
air out	אִוְרֵר
air	אִוְרֵר
usual	רָגִיל
communal	קְבוּצָתִי
public	!צִבּוּרִי
respective	!מִסְפָּר
respective	!כַּמָּה
several	!מִסְפָּר
several	!כַּמָּה
various	!מִסְפָּר
various	!כַּמָּה
solitaire	פַּסְיַאנְס
solitaire	סוֹלִיטֶר
patience	פַּסְיַאנְס
patience	סוֹלִיטֶר
narrative	סִפּוּרִי
urbanize	!תִּעֵשׂ
urbanise	!תִּעֵשׂ
uncommunicative	!מְסֻגָּר
incommunicative	!מְסֻגָּר
specially	!בְּיִחוּד
especially	!בְּיִחוּד
chess	שַׁח
chess	מִשְׂחַק-הַמְּלָכִים
chess	שַׁחְמָט
chess	אִשְׁקוּקָה
chess	שַׁח-מָט
chess game	שַׁח
chess game	מִשְׂחַק-הַמְּלָכִים
chess game	שַׁחְמָט
chess game	אִשְׁקוּקָה
chess game	שַׁח-מָט
immediately	!מִיָּד
by rights	!כַּהֲלָכָה
properly	!כַּהֲלָכָה
yesterday	אֶתְמוֹל
effective	!יָעִיל
efficient	!יָעִיל
very	GAP!
tan	!הִשְׁתַּזֵּף
flirt	אֲהַבְהָבִים
flirt	פְלִרְטוּט
flirting	אֲהַבְהָבִים
flirting	פְלִרְטוּט
flirtation	אֲהַבְהָבִים
flirtation	פְלִרְטוּט
coquetry	אֲהַבְהָבִים
coquetry	פְלִרְטוּט
dalliance	אֲהַבְהָבִים
dalliance	פְלִרְטוּט
toying	אֲהַבְהָבִים
toying	פְלִרְטוּט
enable	אִפְשֵׁר
foreground	!הִדְגִּישׁ
highlight	!הִדְגִּישׁ
spotlight	!הִדְגִּישׁ
play up	!הִדְגִּישׁ
whole	מָלֵא
whole	שָׁלֵם
entire	!מָלֵא
entire	!שָׁלֵם
full	!מָלֵא
full	!שָׁלֵם
total	!מָלֵא
total	!שָׁלֵם
fragmental	פְרַגְמֶנְטָרִי
fragmentary	פְרַגְמֶנְטָרִי
festival	פֶסְטִיבָל
fete	פֶסְטִיבָל
whole	GAP!
gala	גָּאלָה
gala affair	גָּאלָה
jamboree	גָּאלָה
blowout	גָּאלָה
devoted	מֻקְדָּשׁ
devoted	מָסוּר
parade	!מִסְדָּר
parade	!מִצְעָד
display	מֻצָּג
exhibit	מֻצָּג
showing	מֻצָּג
exhibition	!תַּעֲרוּכָה
exhaustive	מְמַצֶּה
thorough	מְמַצֶּה
thoroughgoing	מְמַצֶּה
across-the-board	כּוֹלֵל
all-embracing	כּוֹלֵל
all-encompassing	כּוֹלֵל
all-inclusive	כּוֹלֵל
blanket	כּוֹלֵל
broad	כּוֹלֵל
encompassing	כּוֹלֵל
extensive	כּוֹלֵל
panoptic	כּוֹלֵל
wide	כּוֹלֵל
all-around	!רַבְגּוֹנִי
all-round	!רַבְגּוֹנִי
well-rounded	!רַבְגּוֹנִי
desalinate	הִמְתִּיק
desalinate	הִתְפִּיל
desalt	הִמְתִּיק
desalt	הִתְפִּיל
desalinize	הִמְתִּיק
desalinize	הִתְפִּיל
desalinise	הִמְתִּיק
desalinise	הִתְפִּיל
convex	קָמוּר
convex	מְקֻמָּר
bulging	קָמוּר
bulging	מְקֻמָּר
widen	!רָחַב
broaden	!רָחַב
extend	!רָחַב
sparse	דָּלִיל
thin	דָּלִיל
drumming	תִּפוּף
singing	שִׁירָה
singing	זִמְרָה
vocalizing	שִׁירָה
vocalizing	זִמְרָה
concise	מְתֻמְצָת
concise	תַּמְצִיתִי
brief	!קָצָר
come back	!רֻפָּא
return	!רֻפָּא
acting	מִשְׂחָק
playing	מִשְׂחָק
playacting	מִשְׂחָק
performing	מִשְׂחָק
switch	הֶחְלִיף
shift	הֶחְלִיף
surprise	!הַפְתָּעָה
surprisal	!הַפְתָּעָה
commotion	!מְהוּמָה
din	!מְהוּמָה
ruction	!מְהוּמָה
ruckus	!מְהוּמָה
rumpus	!מְהוּמָה
tumult	!מְהוּמָה
agitation	!מְהוּמָה
excitement	!מְהוּמָה
turmoil	!מְהוּמָה
upheaval	!מְהוּמָה
hullabaloo	!מְהוּמָה
outburst	!הִתְפָּרְצוּת
tumultuous disturbance	!הִתְפָּרְצוּת
contracted	!מְכֻוָּץ
probationary	טֶנְטָטִיבִי
provisional	טֶנְטָטִיבִי
provisionary	טֶנְטָטִיבִי
tentative	טֶנְטָטִיבִי
make	הָפַךְ
completion	GAP!
pass completion	GAP!
run	!רִיצָה
running	!רִיצָה
running play	!רִיצָה
running game	!רִיצָה
pent	!מְסֻגָּר
shut up	!מְסֻגָּר
crowded	עָמוּס
crowded	צָפוּף
adjacent	שָׁכֵן
conterminous	שָׁכֵן
contiguous	שָׁכֵן
neighboring	שָׁכֵן
let	!הַשְׂכָּרָה
net ball	!הַשְׂכָּרָה
crawl	חֲתִירָה
crawl	שְׂחִיַּת-חֲתִירָה
front crawl	חֲתִירָה
front crawl	שְׂחִיַּת-חֲתִירָה
Australian crawl	חֲתִירָה
Australian crawl	שְׂחִיַּת-חֲתִירָה
butterfly	שְׂחִיַּת-פַּרְפַּר
butterfly	פַּרְפַּר
butterfly stroke	שְׂחִיַּת-פַּרְפַּר
butterfly stroke	פַּרְפַּר
innocent	GAP!
works	!מַעֲלָלִים
deeds	!מַעֲלָלִים
shining	הַבְרָקָה
shining	צִחְצוּחַ
shining	מֵרוּק
polishing	הַבְרָקָה
polishing	צִחְצוּחַ
polishing	מֵרוּק
big	גָּדוֹל
big	חָשׁוּב
large	גָּדוֹל
large	חָשׁוּב
prominent	גָּדוֹל
prominent	חָשׁוּב
ironing	גִּהוּץ
paperwork	נַיֶּרֶת
occupation	עֲבוֹדָה
business	עֲבוֹדָה
job	עֲבוֹדָה
line of work	עֲבוֹדָה
line	עֲבוֹדָה
career	!יִעוּד
calling	!יִעוּד
vocation	!יִעוּד
position	!מָקוֹם
post	!מָקוֹם
berth	!מָקוֹם
office	!מָקוֹם
spot	!מָקוֹם
billet	!מָקוֹם
place	!מָקוֹם
situation	!מָקוֹם
crushing	!מוֹחֵץ
devastating	!מוֹחֵץ
contented	מְרֻצֶּה
content	מְרֻצֶּה
understand	הֵבִין
chairmanship	נְשִׂיאוּת
chairmanship	רָאשׁוּת
realize	הֵבִין
realise	הֵבִין
see	הֵבִין
infer	הֵבִין
read	הֵבִין
interpret	הֵבִין
translate	הֵבִין
sympathize	הֵבִין
sympathise	הֵבִין
empathize	הֵבִין
empathise	הֵבִין
librarianship	סַפְרָנוּת
know	יָדַע
cognize	יָדַע
cognise	יָדַע
experience	יָדַע
live	יָדַע
harnessed	!רָתוּם
take up	GAP!
latch on	GAP!
fasten on	GAP!
hook on	GAP!
seize on	GAP!
drill	הִתְאַמֵּן
drill	תִּרְגֵּל
exercise	הִתְאַמֵּן
exercise	תִּרְגֵּל
practice	הִתְאַמֵּן
practice	תִּרְגֵּל
practise	הִתְאַמֵּן
practise	תִּרְגֵּל
carpentry	נַגָּרוּת
woodworking	נַגָּרוּת
woodwork	נַגָּרוּת
plumbing	אִינְסְטֶלַצְיָה
plumbing	שְׁרַבְרָבוּת
plumbery	אִינְסְטֶלַצְיָה
plumbery	שְׁרַבְרָבוּת
traditional	מָסָרְתִּי
medicine	רְפוּאָה
practice of medicine	רְפוּאָה
writing	כְּתִיבָה
committal to writing	כְּתִיבָה
cooked	מְבֻשָּׁל
boiled	מְבֻשָּׁל
poached	מְבֻשָּׁל
stewed	מְבֻשָּׁל
fried	מְטֻגָּן
deep-fried	מְטֻגָּן
roast	!צָלוּי
roasted	!צָלוּי
accountancy	חֶשְׁבּוֹנָאוּת
accounting	חֶשְׁבּוֹנָאוּת
steamed	מְאֻדֶּה
photography	!צִלּוּם
labor	GAP!
labour	GAP!
toil	GAP!
clear	הִבְהִיר
clear	הִסְבִּיר
clear up	הִבְהִיר
clear up	הִסְבִּיר
shed light on	הִבְהִיר
shed light on	הִסְבִּיר
crystallize	הִבְהִיר
crystallize	הִסְבִּיר
crystallise	הִבְהִיר
crystallise	הִסְבִּיר
crystalize	הִבְהִיר
crystalize	הִסְבִּיר
crystalise	הִבְהִיר
crystalise	הִסְבִּיר
straighten out	הִבְהִיר
straighten out	הִסְבִּיר
sort out	הִבְהִיר
sort out	הִסְבִּיר
enlighten	הִבְהִיר
enlighten	הִסְבִּיר
illuminate	הִבְהִיר
illuminate	הִסְבִּיר
elucidate	הִבְהִיר
elucidate	הִסְבִּיר
effort	מַאֲמָץ
elbow grease	מַאֲמָץ
exertion	מַאֲמָץ
travail	מַאֲמָץ
sweat	מַאֲמָץ
struggle	!מַאֲבָק
goodly	הָגוּן
goodly	נָאֶה
goodly	רְצִינִי
goodly	נִכְבָּד
goodish	הָגוּן
goodish	נָאֶה
goodish	רְצִינִי
goodish	נִכְבָּד
healthy	הָגוּן
healthy	נָאֶה
healthy	רְצִינִי
healthy	נִכְבָּד
hefty	הָגוּן
hefty	נָאֶה
hefty	רְצִינִי
hefty	נִכְבָּד
respectable	הָגוּן
respectable	נָאֶה
respectable	רְצִינִי
respectable	נִכְבָּד
sizable	הָגוּן
sizable	נָאֶה
sizable	רְצִינִי
sizable	נִכְבָּד
sizeable	הָגוּן
sizeable	נָאֶה
sizeable	רְצִינִי
sizeable	נִכְבָּד
tidy	הָגוּן
tidy	נָאֶה
tidy	רְצִינִי
tidy	נִכְבָּד
exercise	הִתְעַמְּלוּת
exercising	הִתְעַמְּלוּת
physical exercise	הִתְעַמְּלוּת
physical exertion	הִתְעַמְּלוּת
workout	הִתְעַמְּלוּת
dictate	הִכְתִּיב
think	חָשַׁב
cogitate	חָשַׁב
cerebrate	חָשַׁב
philosophize	הִתְפַּלְסֵף
philosophise	הִתְפַּלְסֵף
correct	נָכוֹן
think	הִנִּיחַ
opine	הִנִּיחַ
opine	חָשַׁב
suppose	הִנִּיחַ
suppose	חָשַׁב
imagine	הִנִּיחַ
imagine	חָשַׁב
reckon	הִנִּיחַ
reckon	חָשַׁב
guess	הִנִּיחַ
guess	חָשַׁב
assume	הִנִּיחַ
assume	חָשַׁב
presume	הִנִּיחַ
presume	חָשַׁב
take for granted	הִנִּיחַ
take for granted	חָשַׁב
false	מֻטְעֶה
mistaken	מֻטְעֶה
right	!נָכוֹן
correct	!נָכוֹן
investigation	חֲקִירָה
investigating	חֲקִירָה
count	סְפִירָה
counting	סְפִירָה
numeration	סְפִירָה
enumeration	סְפִירָה
reckoning	סְפִירָה
tally	סְפִירָה
examination	בְּדִיקָה
examination	בְּחִינָה
scrutiny	בְּדִיקָה
scrutiny	בְּחִינָה
inquiry	חֲקִירָה
enquiry	חֲקִירָה
establish	בִּסֵּס
base	בִּסֵּס
ground	בִּסֵּס
found	בִּסֵּס
research	מֶחְקָר
calculate	חִשֵּׁב
cipher	חִשֵּׁב
cypher	חִשֵּׁב
compute	חִשֵּׁב
work out	חִשֵּׁב
reckon	חִשֵּׁב
figure	חִשֵּׁב
laxative	מְשַׁלְשֵׁל
add	חִבֵּר
add together	חִבֵּר
polite	מְנֻמָּס
halve	חָצָה
uncivil	גַּס-רוּחַ
uncivil	גַּס
rude	גַּס-רוּחַ
rude	גַּס
survey	סְקִירָה
study	סְקִירָה
diagnose	אִבְחֵן
name	אִבְחֵן
diagnose	!אִבְחֵן
distinguish	הִפְרִיד
distinguish	הִבְדִּיל
distinguish	הִבְחִין
separate	הִפְרִיד
separate	הִבְדִּיל
separate	הִבְחִין
differentiate	הִפְרִיד
differentiate	הִבְדִּיל
differentiate	הִבְחִין
secern	הִפְרִיד
secern	הִבְדִּיל
secern	הִבְחִין
secernate	הִפְרִיד
secernate	הִבְדִּיל
secernate	הִבְחִין
severalize	הִפְרִיד
severalize	הִבְדִּיל
severalize	הִבְחִין
severalise	הִפְרִיד
severalise	הִבְדִּיל
severalise	הִבְחִין
tell	הִפְרִיד
tell	הִבְדִּיל
tell	הִבְחִין
tell apart	הִפְרִיד
tell apart	הִבְדִּיל
tell apart	הִבְחִין
dangerous	חָמוּר
dangerous	רְצִינִי
grave	חָמוּר
grave	רְצִינִי
grievous	חָמוּר
grievous	רְצִינִי
serious	חָמוּר
serious	רְצִינִי
severe	חָמוּר
severe	רְצִינִי
life-threatening	חָמוּר
life-threatening	רְצִינִי
mark	הִבְדִּיל
census	מִפְקַד-אֻכְלוּסִין
census	מִפְקָד
nose count	מִפְקַד-אֻכְלוּסִין
nose count	מִפְקָד
nosecount	מִפְקַד-אֻכְלוּסִין
nosecount	מִפְקָד
cross-eyed	GAP!
reconsider	עִיֵּן-מֵחָדָשׁ
reconsider	שָׁקַל-מֵחָדָשׁ
classify	סִוֵּג
class	סִוֵּג
sort	סִוֵּג
assort	סִוֵּג
sort out	סִוֵּג
separate	סִוֵּג
cubic	מְעֻקָּב
three-dimensional	מְעֻקָּב
hospitalization	אִשְׁפּוּז
hospitalisation	אִשְׁפּוּז
hospital care	אִשְׁפּוּז
massage	עִסּוּי
planate	פָּחוּס
flattened	פָּחוּס
three-dimensional	תְּלַת-מְמַדִּי
3-dimensional	תְּלַת-מְמַדִּי
third-dimensional	תְּלַת-מְמַדִּי
three-d	תְּלַת-מְמַדִּי
rate	!הֶעֱרִיךְ
value	!הֶעֱרִיךְ
chopped	קָצוּץ
chopped	חָתוּךְ
chopped	מְקֻצָּץ
shredded	קָצוּץ
shredded	חָתוּךְ
shredded	מְקֻצָּץ
sliced	קָצוּץ
sliced	חָתוּךְ
sliced	מְקֻצָּץ
pierced	מְנֻקָּב
pierced	נָקוּב
perforated	מְנֻקָּב
perforated	נָקוּב
perforate	מְנֻקָּב
perforate	נָקוּב
punctured	מְנֻקָּב
punctured	נָקוּב
severed	כָּרוּת
cut off	כָּרוּת
medication	!תְּרוּפָה
confirm	!קִיֵּם
corroborate	!קִיֵּם
sustain	!קִיֵּם
substantiate	!קִיֵּם
support	!קִיֵּם
affirm	!קִיֵּם
current	נוֹכְחִי
cursed	מְקֻלָּל
cursed	אָרוּר
curst	מְקֻלָּל
curst	אָרוּר
accursed	מְקֻלָּל
accursed	אָרוּר
accurst	מְקֻלָּל
accurst	אָרוּר
maledict	מְקֻלָּל
maledict	אָרוּר
operation	נִתּוּחַ
surgery	נִתּוּחַ
surgical operation	נִתּוּחַ
surgical procedure	נִתּוּחַ
surgical process	נִתּוּחַ
prefab	טְרוֹמִי
choose	בָּרַר
choose	בָּחַר
take	בָּרַר
take	בָּחַר
select	בָּרַר
select	בָּחַר
pick out	בָּרַר
pick out	בָּחַר
dial	GAP!
bedraggled	!רָעוּעַ
broken-down	!רָעוּעַ
derelict	!רָעוּעַ
dilapidated	!רָעוּעַ
ramshackle	!רָעוּעַ
tatterdemalion	!רָעוּעַ
tumble-down	!רָעוּעַ
measure	שָׁם
measure	הֶעֱרִיךְ
evaluate	שָׁם
evaluate	הֶעֱרִיךְ
valuate	שָׁם
valuate	הֶעֱרִיךְ
assess	שָׁם
assess	הֶעֱרִיךְ
appraise	שָׁם
appraise	הֶעֱרִיךְ
value	שָׁם
value	הֶעֱרִיךְ
deaf	חֵרֵשׁ
believe	הֶאֱמִין
crude	ווּלְגָּרִי
crude	גַּס
earthy	ווּלְגָּרִי
earthy	גַּס
gross	ווּלְגָּרִי
gross	גַּס
vulgar	ווּלְגָּרִי
vulgar	גַּס
think	סָבַר
believe	סָבַר
believe	חָשַׁב
consider	סָבַר
consider	חָשַׁב
conceive	סָבַר
conceive	חָשַׁב
respect	הֶעֱרִיךְ
esteem	הֶעֱרִיךְ
prize	הֶעֱרִיךְ
prise	הֶעֱרִיךְ
enema	חֹקֶן
clyster	חֹקֶן
undefined	מְעֻרְפָּל
vague	מְעֻרְפָּל
implosion therapy	הֲצָפָה
flooding	הֲצָפָה
fragile	שַׁבְרִירִי
breakable	שָׁבִיר
crumbly	!פָּרִיךְ
friable	!פָּרִיךְ
delicate	עָדִין
fragile	עָדִין
frail	עָדִין
intend	נוֹעַד
destine	נוֹעַד
designate	נוֹעַד
specify	נוֹעַד
acupuncture	!דִּקּוּר
stylostixis	!דִּקּוּר
friction	חִכּוּךְ
detrition	חִכּוּךְ
rubbing	חִכּוּךְ
calculate	סָמַךְ
estimate	סָמַךְ
reckon	סָמַךְ
count on	סָמַךְ
figure	סָמַךְ
forecast	סָמַךְ
clamant	!מִיָּדִי
crying	!מִיָּדִי
exigent	!מִיָּדִי
insistent	!מִיָּדִי
instant	!מִיָּדִי
pressing	בָּהוּל
pressing	דָּחוּף
urgent	בָּהוּל
urgent	דָּחוּף
unloading	פְּרִיקָה
pickings	!נְטִילָה
pickings	!לְקִיחָה
taking	!נְטִילָה
taking	!לְקִיחָה
classless	שִׁוְיוֹנִי
egalitarian	שִׁוְיוֹנִי
baking	אֲפִיָּה
rule	פָּסַק
decree	פָּסַק
lubrication	שִׁמּוּן
lubrication	סִיכָה
react	הֵגִיב
respond	הֵגִיב
plastering	טִיּוּחַ
daubing	טִיּוּחַ
arbitrary	שְׁרִירוּתִי
duty	!תַּפְקִיד
function	תַּפְקִיד
office	תַּפְקִיד
part	תַּפְקִיד
role	תַּפְקִיד
concentrate	מִקֵּד
concentrate	רִכֵּז
focus	מִקֵּד
focus	רִכֵּז
center	מִקֵּד
center	רִכֵּז
centre	מִקֵּד
centre	רִכֵּז
pore	מִקֵּד
pore	רִכֵּז
rivet	מִקֵּד
rivet	רִכֵּז
allow	הֶחְשִׁיב
allow	לָקַח-בְּחֶשְׁבּוֹן
take into account	הֶחְשִׁיב
take into account	לָקַח-בְּחֶשְׁבּוֹן
budget	תִּקְצֵב
reliable	אָמִין
reliable	מְהֵימָן
dependable	אָמִין
dependable	מְהֵימָן
allow	הִפְרִישׁ
appropriate	הִפְרִישׁ
earmark	הִפְרִישׁ
set aside	הִפְרִישׁ
reserve	הִפְרִישׁ
forward	!חָלוּץ
impute	יִחֵס
ascribe	יִחֵס
assign	יִחֵס
attribute	יִחֵס
classroom project	!פְּרוֹיֶקְט
independent	עִקָּרִי
main	עִקָּרִי
tendentious	מְגַמָּתִי
tendencious	מְגַמָּתִי
reassignment	!הֲסָבָה
descriptive	!תֵּאוּרִי
prescriptive	פּוֹסְקָנִי
prescriptive	פּוֹסֵק
prescriptive	נוֹרְמָטִיבִי
normative	פּוֹסְקָנִי
normative	פּוֹסֵק
normative	נוֹרְמָטִיבִי
descriptive	דֶּסְקְרִיפְּטִיבִי
descriptive	תֵּאוּרִי
preferable	עָדִיף
preferred	עָדִיף
believe in	הֶאֱמִין בְּ
blighted	!שָׁדוּף
spoilt	!שָׁדוּף
mischief	תַּעֲלוּל
mischief	מַעֲשֵׂה-קֻנְדָּס
mischief-making	תַּעֲלוּל
mischief-making	מַעֲשֵׂה-קֻנְדָּס
mischievousness	תַּעֲלוּל
mischievousness	מַעֲשֵׂה-קֻנְדָּס
deviltry	תַּעֲלוּל
deviltry	מַעֲשֵׂה-קֻנְדָּס
devilry	תַּעֲלוּל
devilry	מַעֲשֵׂה-קֻנְדָּס
devilment	תַּעֲלוּל
devilment	מַעֲשֵׂה-קֻנְדָּס
rascality	תַּעֲלוּל
rascality	מַעֲשֵׂה-קֻנְדָּס
roguery	תַּעֲלוּל
roguery	מַעֲשֵׂה-קֻנְדָּס
roguishness	תַּעֲלוּל
roguishness	מַעֲשֵׂה-קֻנְדָּס
shenanigan	תַּעֲלוּל
shenanigan	מַעֲשֵׂה-קֻנְדָּס
negligence	רַשְׁלָנוּת
carelessness	רַשְׁלָנוּת
neglect	רַשְׁלָנוּת
nonperformance	רַשְׁלָנוּת
fixed	מְתֻקָּן
evasion	הִתְחַמְּקוּת
evasion	הִשְׁתַּמְּטוּת
escape	הִתְחַמְּקוּת
escape	הִשְׁתַּמְּטוּת
dodging	הִתְחַמְּקוּת
dodging	הִשְׁתַּמְּטוּת
shirking	!שְׁתַמְּטָנוּת
slacking	!שְׁתַמְּטָנוּת
soldiering	!שְׁתַמְּטָנוּת
goofing off	!שְׁתַמְּטָנוּת
goldbricking	!שְׁתַמְּטָנוּת
perversion	!סְטִיָּה
extravagance	!פַּזְרָנוּת
prodigality	!פַּזְרָנוּת
lavishness	!פַּזְרָנוּת
highlife	!פַּזְרָנוּת
high life	!פַּזְרָנוּת
injustice	עָוֶל
injustice	עַוְלָה
injustice	אִי-צֶדֶק
unfairness	עָוֶל
unfairness	עַוְלָה
unfairness	אִי-צֶדֶק
iniquity	עָוֶל
iniquity	עַוְלָה
iniquity	אִי-צֶדֶק
shabbiness	עָוֶל
shabbiness	עַוְלָה
shabbiness	אִי-צֶדֶק
difficult	!קָשֶׁה
difficult	קָשֶׁה
hard	!קָשֶׁה
hard	קָשֶׁה
evil	אָוֶן
evil	רֶשַׁע
immorality	אָוֶן
immorality	רֶשַׁע
wickedness	אָוֶן
wickedness	רֶשַׁע
iniquity	אָוֶן
iniquity	רֶשַׁע
order	הִגִּיד
order	אָמַר
order	הוֹרָה
tell	הִגִּיד
tell	אָמַר
tell	הוֹרָה
enjoin	הִגִּיד
enjoin	אָמַר
enjoin	הוֹרָה
say	הִגִּיד
say	אָמַר
say	הוֹרָה
order	הִכְתִּיב
prescribe	הִכְתִּיב
begin	פָּתַח-וְאָמַר
prostitution	זְנוּת
harlotry	זְנוּת
whoredom	זְנוּת
troublesome	מַטְרִיד
treachery	בְּגִידָה
betrayal	בְּגִידָה
treason	בְּגִידָה
perfidy	בְּגִידָה
elementary	אֶלֶמֶנְטָרִי
simple	אֶלֶמֶנְטָרִי
uncomplicated	אֶלֶמֶנְטָרִי
unproblematic	אֶלֶמֶנְטָרִי
lying	בִּלּוּף
lying	שִׁקּוּר
prevarication	בִּלּוּף
prevarication	שִׁקּוּר
fabrication	בִּלּוּף
fabrication	שִׁקּוּר
deception	!רְמִיָּה
deception	!רַמָּאוּת
deceit	!רְמִיָּה
deceit	!רַמָּאוּת
dissembling	!רְמִיָּה
dissembling	!רַמָּאוּת
dissimulation	!רְמִיָּה
dissimulation	!רַמָּאוּת
demeaning	!מַשְׁפִּיל
humbling	!מַשְׁפִּיל
humiliating	!מַשְׁפִּיל
mortifying	!מַשְׁפִּיל
request	בִּקֵּשׁ
bespeak	בִּקֵּשׁ
call for	בִּקֵּשׁ
quest	בִּקֵּשׁ
request	GAP!
fraud	!רַמַּאי
fraudulence	!רַמַּאי
dupery	!רַמַּאי
hoax	!רַמַּאי
humbug	!רַמַּאי
put-on	!רַמַּאי
diligent	שַׁקְדָן
hardworking	חָרוּץ
industrious	חָרוּץ
tireless	חָרוּץ
untiring	חָרוּץ
petition	!עָתַר
appearance	!הוֹפָעָה
show	!הוֹפָעָה
wrath	GAP!
anger	GAP!
ire	GAP!
ira	GAP!
lust	!תַּאֲוָה
luxuria	!תַּאֲוָה
bid	הִפְצִיר
beseech	הִפְצִיר
entreat	הִפְצִיר
adjure	הִפְצִיר
press	הִפְצִיר
conjure	הִפְצִיר
pray	הִתְפַּלֵּל
settle	יִשֵּׁב
settle	הִסְדִּיר
square off	יִשֵּׁב
square off	הִסְדִּיר
square up	יִשֵּׁב
square up	הִסְדִּיר
determine	יִשֵּׁב
determine	הִסְדִּיר
crime	פֶּשַׁע
crime	עֲבֵרָה
offense	פֶּשַׁע
offense	עֲבֵרָה
criminal offense	פֶּשַׁע
criminal offense	עֲבֵרָה
criminal offence	פֶּשַׁע
criminal offence	עֲבֵרָה
offence	פֶּשַׁע
offence	עֲבֵרָה
law-breaking	פֶּשַׁע
law-breaking	עֲבֵרָה
wheedle	דִּבֵּר-עַל-לִבּוֹ
wheedle	שִׁדֵּל
cajole	דִּבֵּר-עַל-לִבּוֹ
cajole	שִׁדֵּל
palaver	דִּבֵּר-עַל-לִבּוֹ
palaver	שִׁדֵּל
blarney	דִּבֵּר-עַל-לִבּוֹ
blarney	שִׁדֵּל
coax	דִּבֵּר-עַל-לִבּוֹ
coax	שִׁדֵּל
sweet-talk	דִּבֵּר-עַל-לִבּוֹ
sweet-talk	שִׁדֵּל
inveigle	דִּבֵּר-עַל-לִבּוֹ
inveigle	שִׁדֵּל
forgery	זִיּוּף
convert	שִׁכְנֵעַ
win over	שִׁכְנֵעַ
convince	שִׁכְנֵעַ
induce	!גָּרַם
stimulate	!גָּרַם
cause	!גָּרַם
have	!גָּרַם
get	!גָּרַם
make	!גָּרַם
obtuse	אָטוּם
purblind	אָטוּם
attack	!נִסָּיוֹן
attempt	!נִסָּיוֹן
quibble	!הִתְפַּלְפֵּל
niggle	!הִתְפַּלְפֵּל
pettifog	!הִתְפַּלְפֵּל
bicker	!הִתְפַּלְפֵּל
squabble	!הִתְפַּלְפֵּל
brabble	!הִתְפַּלְפֵּל
fall out	!נָשַׁר
kidnapping	חֲטִיפָה
snatch	חֲטִיפָה
oppose	!נָגַד
controvert	!נָגַד
contradict	!נָגַד
embezzlement	מְעִילָה
peculation	מְעִילָה
defalcation	מְעִילָה
misapplication	מְעִילָה
misappropriation	מְעִילָה
raid	!פְּשִׁיטָה
larceny	גְּנֵבָה
theft	גְּנֵבָה
thievery	גְּנֵבָה
thieving	גְּנֵבָה
stealing	גְּנֵבָה
bleary	מְטֻשְׁטָשׁ
blurred	מְטֻשְׁטָשׁ
blurry	מְטֻשְׁטָשׁ
foggy	מְטֻשְׁטָשׁ
fuzzy	מְטֻשְׁטָשׁ
hazy	מְטֻשְׁטָשׁ
muzzy	מְטֻשְׁטָשׁ
robbery	שֹׁד
robbery	שְׁדִידָה
cloudy	!מְעֻנָּן
nebulose	!מְעֻנָּן
nebulous	!מְעֻנָּן
high treason	בְּגִידָה
lese majesty	בְּגִידָה
highjacking	חֲטִיפָה
hijacking	חֲטִיפָה
ask	שָׁאַל
inquire	שָׁאַל
enquire	שָׁאַל
blackmail	!סַחְטָנוּת
blackmail	!סְחִיטָה
burglary	פְּרִיצָה
housebreaking	הִתְפָּרְצוּת
break-in	הִתְפָּרְצוּת
breaking and entering	הִתְפָּרְצוּת
attempt	מַאֲמָץ
attempt	נִסָּיוֹן
effort	נִסָּיוֹן
endeavor	מַאֲמָץ
endeavor	נִסָּיוֹן
endeavour	מַאֲמָץ
endeavour	נִסָּיוֹן
try	מַאֲמָץ
try	נִסָּיוֹן
crack	GAP!
fling	GAP!
go	GAP!
pass	GAP!
whirl	GAP!
offer	GAP!
essay	!מַסָּה
contribution	תְּרוּמָה
contribution	חֵלֶק
part	תְּרוּמָה
part	חֵלֶק
share	תְּרוּמָה
share	חֵלֶק
struggle	מַאֲבָק
battle	מַאֲבָק
dial	חִיֵּג
summon	!קָרָא
summons	!קָרָא
cite	!קָרָא
test	!נִסּוּי
trial	!נִסּוּי
undertaking	!פְּרוֹיֶקְט
undertaking	!מִפְעָל
undertaking	מְשִׂימָה
project	!פְּרוֹיֶקְט
project	!מִפְעָל
project	מְשִׂימָה
task	!פְּרוֹיֶקְט
task	!מִפְעָל
task	מְשִׂימָה
labor	!פְּרוֹיֶקְט
labor	!מִפְעָל
labor	מְשִׂימָה
forbid	אָסַר
prohibit	אָסַר
interdict	אָסַר
proscribe	אָסַר
veto	אָסַר
disallow	אָסַר
nix	אָסַר
adventure	הַרְפַּתְקָה
escapade	הַרְפַּתְקָה
risky venture	הַרְפַּתְקָה
dangerous undertaking	הַרְפַּתְקָה
refuse	מֵאֵן
refuse	סֵרֵב
decline	מֵאֵן
decline	סֵרֵב
accept	הִסְכִּים
accept	הֵשִׁיב-בְּחִיּוּב
consent	הִסְכִּים
consent	הֵשִׁיב-בְּחִיּוּב
go for	הִסְכִּים
go for	הֵשִׁיב-בְּחִיּוּב
campaigning	!מֻעְמָדוּת
candidacy	!מֻעְמָדוּת
candidature	!מֻעְמָדוּת
electioneering	!מֻעְמָדוּת
political campaign	!מֻעְמָדוּת
reform	תִּקּוּן
reform	רֶפוֹרְמָה
youth movement	תְּנוּעָה
youth movement	תְּנוּעַת-נֹעַר
youth crusade	תְּנוּעָה
youth crusade	תְּנוּעַת-נֹעַר
risk	סִכּוּן
peril	סִכּוּן
danger	סִכּוּן
permit	אִפְשֵׁר
allow	אִפְשֵׁר
let	אִפְשֵׁר
countenance	אִפְשֵׁר
allow	!אִפְשֵׁר
permit	!אִפְשֵׁר
tolerate	!אִפְשֵׁר
gamble	הִמּוּר
assent	!הִסְכִּים
accede	!הִסְכִּים
acquiesce	!הִסְכִּים
uneventful	חָלָק
regulation	וִסּוּת
regulation	הַסְדָּרָה
regulation	רֶגוּלַצְיָה
regulating	וִסּוּת
regulating	הַסְדָּרָה
regulating	רֶגוּלַצְיָה
object	!הִתְנַגֵּד
limitation	הַגְבָּלָה
restriction	הַגְבָּלָה
retention	הַחְזָקָה
keeping	הַחְזָקָה
holding	הַחְזָקָה
clasp	אֲחִיזָה
clench	אֲחִיזָה
clutch	אֲחִיזָה
clutches	אֲחִיזָה
grasp	אֲחִיזָה
grip	אֲחִיזָה
hold	אֲחִיזָה
earlier	!רִאשׁוֹן
earliest	!רִאשׁוֹן
refute	!הִפְרִיךְ
rebut	!הִפְרִיךְ
previous	!קוֹדֵם
premature	!קוֹדֵם
steering	!הַדְרָכָה
steering	!הַנְחָיָה
guidance	!הַדְרָכָה
guidance	!הַנְחָיָה
direction	!הַדְרָכָה
direction	!הַנְחָיָה
answer	הֵשִׁיב
answer	עָנָה
answer	הֵגִיב
reply	הֵשִׁיב
reply	עָנָה
reply	הֵגִיב
respond	הֵשִׁיב
respond	עָנָה
pilotage	!נִוּוּט
piloting	!נִוּוּט
new	!צָעִיר
young	!צָעִיר
crude	פְּרִימִיטִיבִי
primitive	פְּרִימִיטִיבִי
rude	פְּרִימִיטִיבִי
hands	!מַעֲצָר
custody	!מַעֲצָר
conservation	שִׁמּוּר
censoring	!צֶנְזוּרָה
censorship	!צֶנְזוּרָה
security review	!צֶנְזוּרָה
east	!מִזְרָחִי
inoculation	הַרְכָּבָה
vaccination	הַרְכָּבָה
west	!מַעֲרָבִי
call on the carpet	נָזַף
call on the carpet	נָתַן-לוֹ-עַל-הָרֹאשׁ
call on the carpet	גָּעַר
call on the carpet	שָׁטַף-אֶת
take to task	נָזַף
take to task	נָתַן-לוֹ-עַל-הָרֹאשׁ
take to task	גָּעַר
take to task	שָׁטַף-אֶת
rebuke	נָזַף
rebuke	נָתַן-לוֹ-עַל-הָרֹאשׁ
rebuke	גָּעַר
rebuke	שָׁטַף-אֶת
rag	נָזַף
rag	נָתַן-לוֹ-עַל-הָרֹאשׁ
rag	גָּעַר
rag	שָׁטַף-אֶת
trounce	נָזַף
trounce	נָתַן-לוֹ-עַל-הָרֹאשׁ
trounce	גָּעַר
trounce	שָׁטַף-אֶת
reproof	נָזַף
reproof	נָתַן-לוֹ-עַל-הָרֹאשׁ
reproof	גָּעַר
reproof	שָׁטַף-אֶת
lecture	נָזַף
lecture	נָתַן-לוֹ-עַל-הָרֹאשׁ
lecture	גָּעַר
lecture	שָׁטַף-אֶת
reprimand	נָזַף
reprimand	נָתַן-לוֹ-עַל-הָרֹאשׁ
reprimand	גָּעַר
reprimand	שָׁטַף-אֶת
jaw	נָזַף
jaw	נָתַן-לוֹ-עַל-הָרֹאשׁ
jaw	גָּעַר
jaw	שָׁטַף-אֶת
dress down	נָזַף
dress down	נָתַן-לוֹ-עַל-הָרֹאשׁ
dress down	גָּעַר
dress down	שָׁטַף-אֶת
call down	נָזַף
call down	נָתַן-לוֹ-עַל-הָרֹאשׁ
call down	גָּעַר
call down	שָׁטַף-אֶת
scold	נָזַף
scold	נָתַן-לוֹ-עַל-הָרֹאשׁ
scold	גָּעַר
scold	שָׁטַף-אֶת
chide	נָזַף
chide	נָתַן-לוֹ-עַל-הָרֹאשׁ
chide	גָּעַר
chide	שָׁטַף-אֶת
berate	נָזַף
berate	נָתַן-לוֹ-עַל-הָרֹאשׁ
berate	גָּעַר
berate	שָׁטַף-אֶת
bawl out	נָזַף
bawl out	נָתַן-לוֹ-עַל-הָרֹאשׁ
bawl out	גָּעַר
bawl out	שָׁטַף-אֶת
remonstrate	נָזַף
remonstrate	נָתַן-לוֹ-עַל-הָרֹאשׁ
remonstrate	גָּעַר
remonstrate	שָׁטַף-אֶת
chew out	נָזַף
chew out	נָתַן-לוֹ-עַל-הָרֹאשׁ
chew out	גָּעַר
chew out	שָׁטַף-אֶת
chew up	נָזַף
chew up	נָתַן-לוֹ-עַל-הָרֹאשׁ
chew up	גָּעַר
chew up	שָׁטַף-אֶת
have words	נָזַף
have words	נָתַן-לוֹ-עַל-הָרֹאשׁ
have words	גָּעַר
have words	שָׁטַף-אֶת
lambaste	נָזַף
lambaste	נָתַן-לוֹ-עַל-הָרֹאשׁ
lambaste	גָּעַר
lambaste	שָׁטַף-אֶת
lambast	נָזַף
lambast	נָתַן-לוֹ-עַל-הָרֹאשׁ
lambast	גָּעַר
lambast	שָׁטַף-אֶת
self-defense	הֲגָנָה-עַצְמִית
self-defense	הִתְגּוֹנְנוּת
self-defence	הֲגָנָה-עַצְמִית
self-defence	הִתְגּוֹנְנוּת
self-protection	הֲגָנָה-עַצְמִית
self-protection	הִתְגּוֹנְנוּת
oriental	אוֹרְיֶנְטָלִי
oriental	מִזְרָחִי
knock	בִּקֵּר
knock	הִשִּׂיג
knock	מָתַח-בִּקֹּרֶת
criticize	בִּקֵּר
criticize	הִשִּׂיג
criticize	מָתַח-בִּקֹּרֶת
criticise	בִּקֵּר
criticise	הִשִּׂיג
criticise	מָתַח-בִּקֹּרֶת
pick apart	בִּקֵּר
pick apart	הִשִּׂיג
pick apart	מָתַח-בִּקֹּרֶת
insulation	בִּדּוּד
locking	נְעִילָה
lockup	נְעִילָה
sermonize	!דָּרַשׁ
sermonise	!דָּרַשׁ
preachify	!דָּרַשׁ
moralize	!דָּרַשׁ
moralise	!דָּרַשׁ
immunization	!חִסּוּן
immunisation	!חִסּוּן
umbrella	מִטְרִיָּה-אֲוִירִית
knowing	יַדְעָן
knowledgeable	יַדְעָן
learned	יַדְעָן
lettered	יַדְעָן
well-educated	יַדְעָן
well-read	יַדְעָן
waterproofing	GAP!
sealing	GAP!
ignorant	בּוּר
ignorant	אַנְאַלְפָבֵּיתִי
ignorant	לֹא-בָּקִי
illiterate	בּוּר
illiterate	אַנְאַלְפָבֵּיתִי
illiterate	לֹא-בָּקִי
breathing	נְשִׁימָה
external respiration	נְשִׁימָה
respiration	נְשִׁימָה
ventilation	נְשִׁימָה
nescient	בּוּר
unlearned	בּוּר
unlettered	בּוּר
brief	תִּדְרֵךְ
debrief	תִּחְקֵר
inform	הוֹדִיעַ
inform	יִדֵּעַ
coach	אִמֵּן
train	אִמֵּן
smoke	עִשּׁוּן
smoking	עִשּׁוּן
exhalation	!נְשִׁיפָה
expiration	!נְשִׁיפָה
breathing out	!נְשִׁיפָה
impressive	!מַרְשִׁים
telling	!מַרְשִׁים
snore	נְחִירָה
snore	נַחַר
snore	נַחֲרָה
snoring	נְחִירָה
snoring	נַחַר
snoring	נַחֲרָה
stertor	נְחִירָה
stertor	נַחַר
stertor	נַחֲרָה
exhausting	מְעַיֵּף
exhausting	מְיַגֵּעַ
exhausting	מַלְאֶה
tiring	מְעַיֵּף
tiring	מְיַגֵּעַ
tiring	מַלְאֶה
wearing	מְעַיֵּף
wearing	מְיַגֵּעַ
wearing	מַלְאֶה
wearying	מְעַיֵּף
wearying	מְיַגֵּעַ
wearying	מַלְאֶה
yawn	פִּהוּק
yawning	פִּהוּק
oscitance	פִּהוּק
oscitancy	פִּהוּק
eating	אֲכִילָה
feeding	אֲכִילָה
bite	!נְגִיסָה
chomp	!נְגִיסָה
efficient	יָעִיל
overstate	נִפֵּחַ
overstate	הִפְרִיז
overstate	הִגְזִים
exaggerate	נִפֵּחַ
exaggerate	הִפְרִיז
exaggerate	הִגְזִים
overdraw	נִפֵּחַ
overdraw	הִפְרִיז
overdraw	הִגְזִים
hyperbolize	נִפֵּחַ
hyperbolize	הִפְרִיז
hyperbolize	הִגְזִים
hyperbolise	נִפֵּחַ
hyperbolise	הִפְרִיז
hyperbolise	הִגְזִים
magnify	נִפֵּחַ
magnify	הִפְרִיז
magnify	הִגְזִים
amplify	נִפֵּחַ
amplify	הִפְרִיז
amplify	הִגְזִים
sucking	מְצִיצָה
suck	מְצִיצָה
suction	מְצִיצָה
elastic	אֶלַסְטִי
elastic	גָּמִישׁ
sip	שְׁלוּק
sip	לְגִימָה
sexual activity	!מִין
sexual practice	!מִין
sex	!מִין
sex activity	!מִין
insemination	הַזְרָעָה
disparage	!זִלְזֵל
belittle	!זִלְזֵל
pick at	!זִלְזֵל
elective	!נִבְחָר
elected	!נִבְחָר
defame	!הִשְׁמִיץ
slander	!הִשְׁמִיץ
smirch	!הִשְׁמִיץ
asperse	!הִשְׁמִיץ
denigrate	!הִשְׁמִיץ
calumniate	!הִשְׁמִיץ
smear	!הִשְׁמִיץ
sully	!הִשְׁמִיץ
besmirch	!הִשְׁמִיץ
vilify	הִכְפִּישׁ
revile	הִכְפִּישׁ
vituperate	הִכְפִּישׁ
rail	הִכְפִּישׁ
diss	הֶעֱלִיב
insult	הֶעֱלִיב
affront	הֶעֱלִיב
ridicule	לִגְלֵג
ridicule	עָשָׂה-מִמֶּנּוּ-צְחוֹק
ridicule	שִׁטָּה
ridicule	לָעַג
ridicule	הִסְתַּלְבֵּט
ridicule	הִתֵּל
roast	לִגְלֵג
roast	עָשָׂה-מִמֶּנּוּ-צְחוֹק
roast	שִׁטָּה
roast	לָעַג
roast	הִסְתַּלְבֵּט
roast	הִתֵּל
guy	לִגְלֵג
guy	עָשָׂה-מִמֶּנּוּ-צְחוֹק
guy	שִׁטָּה
guy	לָעַג
guy	הִסְתַּלְבֵּט
guy	הִתֵּל
blackguard	לִגְלֵג
blackguard	עָשָׂה-מִמֶּנּוּ-צְחוֹק
blackguard	שִׁטָּה
blackguard	לָעַג
blackguard	הִסְתַּלְבֵּט
blackguard	הִתֵּל
laugh at	לִגְלֵג
laugh at	עָשָׂה-מִמֶּנּוּ-צְחוֹק
laugh at	שִׁטָּה
laugh at	לָעַג
laugh at	הִסְתַּלְבֵּט
laugh at	הִתֵּל
jest at	לִגְלֵג
jest at	עָשָׂה-מִמֶּנּוּ-צְחוֹק
jest at	שִׁטָּה
jest at	לָעַג
jest at	הִסְתַּלְבֵּט
jest at	הִתֵּל
rib	לִגְלֵג
rib	עָשָׂה-מִמֶּנּוּ-צְחוֹק
rib	שִׁטָּה
rib	לָעַג
rib	הִסְתַּלְבֵּט
rib	הִתֵּל
make fun	לִגְלֵג
make fun	עָשָׂה-מִמֶּנּוּ-צְחוֹק
make fun	שִׁטָּה
make fun	לָעַג
make fun	הִסְתַּלְבֵּט
make fun	הִתֵּל
poke fun	לִגְלֵג
poke fun	עָשָׂה-מִמֶּנּוּ-צְחוֹק
poke fun	שִׁטָּה
poke fun	לָעַג
poke fun	הִסְתַּלְבֵּט
poke fun	הִתֵּל
deceive	רִמָּה
deceive	מָכַר-לוֹ-לוֹקְשִׁים
deceive	הוֹנָה
deceive	מָכַר
betray	רִמָּה
betray	מָכַר-לוֹ-לוֹקְשִׁים
betray	הוֹנָה
betray	מָכַר
lead astray	רִמָּה
lead astray	מָכַר-לוֹ-לוֹקְשִׁים
lead astray	הוֹנָה
lead astray	מָכַר
perversion	סְטִיָּה
perversion	סְטִיָּה-מִינִית
sexual perversion	סְטִיָּה
sexual perversion	סְטִיָּה-מִינִית
gull	סִדֵּר
gull	עָבַד
dupe	סִדֵּר
dupe	עָבַד
slang	סִדֵּר
slang	עָבַד
befool	סִדֵּר
befool	עָבַד
cod	סִדֵּר
cod	עָבַד
fool	סִדֵּר
fool	עָבַד
put on	סִדֵּר
put on	עָבַד
take in	סִדֵּר
take in	עָבַד
put one over	סִדֵּר
put one over	עָבַד
put one across	סִדֵּר
put one across	עָבַד
doze	!נִמְנוּם
drowse	!נִמְנוּם
reaction	תְּגוּבָה
response	תְּגוּבָה
unemployed	מֻבְטָל
discharged	מְפֻטָּר
dismissed	מְפֻטָּר
fired	מְפֻטָּר
laid-off	מְפֻטָּר
pink-slipped	מְפֻטָּר
beguiled	מְשֻׁעְבָּד
captivated	מְשֻׁעְבָּד
charmed	מְשֻׁעְבָּד
delighted	מְשֻׁעְבָּד
enthralled	מְשֻׁעְבָּד
entranced	מְשֻׁעְבָּד
fascinated	שָׁבוּי-בְּקִסְמוֹ
fascinated	מְהֻפְּנָט
hypnotized	שָׁבוּי-בְּקִסְמוֹ
hypnotized	מְהֻפְּנָט
hypnotised	שָׁבוּי-בְּקִסְמוֹ
hypnotised	מְהֻפְּנָט
mesmerized	שָׁבוּי-בְּקִסְמוֹ
mesmerized	מְהֻפְּנָט
mesmerised	שָׁבוּי-בְּקִסְמוֹ
mesmerised	מְהֻפְּנָט
spellbound	שָׁבוּי-בְּקִסְמוֹ
spellbound	מְהֻפְּנָט
spell-bound	שָׁבוּי-בְּקִסְמוֹ
spell-bound	מְהֻפְּנָט
transfixed	שָׁבוּי-בְּקִסְמוֹ
transfixed	מְהֻפְּנָט
heartening	!מְלַבֵּב
inspiriting	!מְלַבֵּב
frustrating	מְתַסְכֵּל
defy	GAP!
dare	GAP!
crying	בֶּכִי
weeping	בֶּכִי
tears	בֶּכִי
mortgaged	מְמֻשְׁכָּן
calculation	חִשּׁוּב
computation	חִשּׁוּב
computing	חִשּׁוּב
contest	!הִתְמוֹדֵד
contend	!הִתְמוֹדֵד
repugn	!הִתְמוֹדֵד
caution	הִתְרָה
admonish	הִתְרָה
monish	הִתְרָה
subtraction	חִסּוּר
minus	חִסּוּר
summation	חִבּוּר
addition	חִבּוּר
plus	חִבּוּר
advise	מָסַר
notify	מָסַר
give notice	מָסַר
send word	מָסַר
apprise	מָסַר
apprize	מָסַר
familiarize	הִתְוַדֵּעַ
familiarise	הִתְוַדֵּעַ
acquaint	הִתְוַדֵּעַ
adjudication	פְּסִיקָה
evaluation	!הַעֲרָכָה
rating	!הַעֲרָכָה
propose	הִצִּיעַ
suggest	הִצִּיעַ
advise	הִצִּיעַ
peek	הֲצָצָה
peep	הֲצָצָה
gaze	GAP!
regard	GAP!
observation	הִתְבּוֹנְנוּת
observation	תַּצְפִּית
observance	הִתְבּוֹנְנוּת
observance	תַּצְפִּית
watching	הִתְבּוֹנְנוּת
watching	תַּצְפִּית
eulogize	!הִסְפִּיד
eulogise	!הִסְפִּיד
hyperbolic	מֻגְזָם
hyperbolic	מֻפְרָז
inflated	מֻגְזָם
inflated	מֻפְרָז
exaggerated	!מֻגְזָם
magnified	!מֻגְזָם
enlarged	!מֻגְזָם
view	סְקִירָה
sight	סְקִירָה
boast	הִשְׁוִיץ
boast	הִתְרַבְרֵב
boast	הִשְׁתַּחְצֵן
tout	הִשְׁוִיץ
tout	הִתְרַבְרֵב
tout	הִשְׁתַּחְצֵן
swash	הִשְׁוִיץ
swash	הִתְרַבְרֵב
swash	הִשְׁתַּחְצֵן
shoot a line	הִשְׁוִיץ
shoot a line	הִתְרַבְרֵב
shoot a line	הִשְׁתַּחְצֵן
brag	הִשְׁוִיץ
brag	הִתְרַבְרֵב
brag	הִשְׁתַּחְצֵן
gas	הִשְׁוִיץ
gas	הִתְרַבְרֵב
gas	הִשְׁתַּחְצֵן
blow	הִשְׁוִיץ
blow	הִתְרַבְרֵב
blow	הִשְׁתַּחְצֵן
bluster	הִשְׁוִיץ
bluster	הִתְרַבְרֵב
bluster	הִשְׁתַּחְצֵן
vaunt	הִשְׁוִיץ
vaunt	הִתְרַבְרֵב
vaunt	הִשְׁתַּחְצֵן
gasconade	הִשְׁוִיץ
gasconade	הִתְרַבְרֵב
gasconade	הִשְׁתַּחְצֵן
education	!הוֹרָאָה
instruction	!הוֹרָאָה
teaching	!הוֹרָאָה
pedagogy	!הוֹרָאָה
didactics	!הוֹרָאָה
educational activity	!הוֹרָאָה
energetic	GAP!
gumptious	GAP!
industrious	GAP!
up-and-coming	GAP!
enthusiastic	נִלְהָב
equal	שָׁוֶה
guarantee	הִבְטִיחַ
ensure	הִבְטִיחַ
insure	הִבְטִיחַ
assure	הִבְטִיחַ
secure	הִבְטִיחַ
lecture	!הַרְצָאָה
lecturing	!הַרְצָאָה
training	הַכְשָׁרָה
preparation	הַכְשָׁרָה
grooming	הַכְשָׁרָה
exercise	הִתְאַמְּנוּת
exercise	תִּרְגּוּל
exercise	אִמּוּן
practice	הִתְאַמְּנוּת
practice	תִּרְגּוּל
practice	אִמּוּן
drill	הִתְאַמְּנוּת
drill	תִּרְגּוּל
drill	אִמּוּן
practice session	הִתְאַמְּנוּת
practice session	תִּרְגּוּל
practice session	אִמּוּן
recitation	הִתְאַמְּנוּת
recitation	תִּרְגּוּל
recitation	אִמּוּן
rehearsal	חֲזָרָה
dry run	חֲזָרָה
dramatization	הַמְחָזָה
dramatization	דְּרָמָטִיזַצְיָה
dramatisation	הַמְחָזָה
dramatisation	דְּרָמָטִיזַצְיָה
welcome	קִדֵּם
welcome	הִקְבִּיל-אֶת-פָּנָיו
welcome	קִבֵּל-אֶת-פָּנָיו
welcome	קִדֵּם-אֶת-פָּנָיו
receive	קִדֵּם
receive	הִקְבִּיל-אֶת-פָּנָיו
receive	קִבֵּל-אֶת-פָּנָיו
receive	קִדֵּם-אֶת-פָּנָיו
introduce	הִתְוַדֵּעַ
present	הִתְוַדֵּעַ
must	חוֹבָה
photography	צִלּוּם
picture taking	צִלּוּם
contemptible	נִבְזֶה
extenuate	הִפְחִית
extenuate	הֵקֵל
palliate	הִפְחִית
palliate	הֵקֵל
mitigate	הִפְחִית
mitigate	הֵקֵל
convict	הִרְשִׁיעַ
sentence	!דָּן
condemn	!דָּן
doom	!דָּן
filming	צִלּוּם
filming	הַסְרָטָה
cinematography	צִלּוּם
cinematography	הַסְרָטָה
motion-picture photography	צִלּוּם
motion-picture photography	הַסְרָטָה
spinning	טְוִיָּה
weaving	אֲרִיגָה
knitting	סְרִיגָה
construction	בִּנְיָן
construction	בְּנִיָּה
building	בִּנְיָן
building	בְּנִיָּה
fabrication	הַרְכָּבָה
assembly	הַרְכָּבָה
dismantling	פֵּרוּק
dismantlement	פֵּרוּק
disassembly	פֵּרוּק
shout	צָעַק
shout	הֵרִים-אֶת-קוֹלוֹ
yell	צָרַח
scream	צָרַח
shout out	צָעַק
cry	צָעַק
call	צָעַק
yell	צָעַק
scream	צָעַק
holler	צָעַק
hollo	צָעַק
squall	צָעַק
production	יִצּוּר
deciduous	נָשִׁיר
whisper	לָאַט
whisper	לָחַשׁ
beekeeping	כַּוְרָנוּת
apiculture	כַּוְרָנוּת
round	עָגֹל
plowing	חָרִישׁ
plowing	חֲרִישָׁה
ploughing	חָרִישׁ
ploughing	חֲרִישָׁה
exciting	!מְרַגֵּשׁ
landscaping	עִצּוּב-נוֹף
landscape gardening	עִצּוּב-נוֹף
electric	מְחַשְׁמֵל
galvanic	מְחַשְׁמֵל
galvanizing	מְחַשְׁמֵל
galvanising	מְחַשְׁמֵל
boring	קְדִיחָה
boring	קִדּוּחַ
drilling	קְדִיחָה
drilling	קִדּוּחַ
oil production	קְדִיחָה
oil production	קִדּוּחַ
industry	יִצּוּר
industry	תַּעֲשִׂיָּה
manufacture	יִצּוּר
manufacture	תַּעֲשִׂיָּה
industrialization	תִּעוּשׂ
industrialisation	תִּעוּשׂ
industrial enterprise	תִּעוּשׂ
devising	!עֲשִׂיָּה
fashioning	!עֲשִׂיָּה
making	!עֲשִׂיָּה
fabrication	יִצּוּר
manufacturing	יִצּוּר
formation	!עִצּוּב
shaping	!עִצּוּב
wonder	הִתְפַּלֵּא
marvel	הִתְפַּלֵּא
leftover	נוֹתָר
left over	נוֹתָר
left	נוֹתָר
odd	נוֹתָר
remaining	נוֹתָר
unexpended	נוֹתָר
extinct	נִכְחָד
nonextant	נִכְחָד
writing	חִבּוּר
authorship	חִבּוּר
authorship	כְּתִיבָה
composition	חִבּוּר
composition	כְּתִיבָה
penning	חִבּוּר
penning	כְּתִיבָה
twist	סוֹבֵב
twist around	סוֹבֵב
pervert	סוֹבֵב
convolute	סוֹבֵב
sophisticate	סוֹבֵב
voice	הִבִּיעַ
unwrap	חָשַׂף
unwrap	גִּלָּה
disclose	חָשַׂף
disclose	גִּלָּה
let on	חָשַׂף
let on	גִּלָּה
bring out	חָשַׂף
bring out	גִּלָּה
reveal	חָשַׂף
reveal	גִּלָּה
discover	חָשַׂף
discover	גִּלָּה
expose	חָשַׂף
expose	גִּלָּה
divulge	חָשַׂף
divulge	גִּלָּה
break	חָשַׂף
break	גִּלָּה
give away	חָשַׂף
give away	גִּלָּה
let out	חָשַׂף
let out	גִּלָּה
intimate	בָּקִיא
intimate	בָּקִי
knowledgeable	בָּקִיא
knowledgeable	בָּקִי
versed	בָּקִיא
versed	בָּקִי
leak out	!דָּלַף
sculpture	!פִּסּוּל
sculpture	!פֶּסֶל
carving	!פִּסּוּל
carving	!פֶּסֶל
engraving	חֲקִיקָה
etching	חֲקִיקָה
explain	!הִסְבִּיר
explicate	!הִסְבִּיר
arrangement	עִבּוּד
arranging	עִבּוּד
transcription	עִבּוּד
clarify	!הִסְבִּיר
clear up	!הִסְבִּיר
elucidate	!הִסְבִּיר
invention	הַמְצָאָה
explicit	מְפֹרָשׁ
expressed	מְפֹרָשׁ
declared	מֻכְרָז
stated	מֻכְרָז
framing	!מִסְגּוּר
talk	דִּבֵּר
speak	דִּבֵּר
utter	דִּבֵּר
mouth	דִּבֵּר
verbalize	דִּבֵּר
verbalise	דִּבֵּר
search	חִפּוּשׂ
search	סְרִיקָה
hunt	חִפּוּשׂ
hunt	סְרִיקָה
hunting	חִפּוּשׂ
hunting	סְרִיקָה
enumerate	מָנָה
recite	מָנָה
itemize	מָנָה
itemise	מָנָה
looking	!הִסְתַּכְּלוּת
looking for	!הִסְתַּכְּלוּת
manhunt	מָצוֹד
use	שִׁמּוּשׁ
usage	שִׁמּוּשׁ
utilization	שִׁמּוּשׁ
utilisation	שִׁמּוּשׁ
employment	שִׁמּוּשׁ
exercise	שִׁמּוּשׁ
count	סָפַר
count	מָנָה
number	סָפַר
number	מָנָה
enumerate	סָפַר
numerate	סָפַר
numerate	מָנָה
recycling	מִחְזוּר
total	סִכֵּם
total	חִבֵּר
tot	סִכֵּם
tot	חִבֵּר
tot up	סִכֵּם
tot up	חִבֵּר
sum	סִכֵּם
sum	חִבֵּר
sum up	סִכֵּם
sum up	חִבֵּר
summate	סִכֵּם
summate	חִבֵּר
tote up	סִכֵּם
tote up	חִבֵּר
add	סִכֵּם
add together	סִכֵּם
tally	סִכֵּם
tally	חִבֵּר
add up	סִכֵּם
add up	חִבֵּר
technology	טֶכְנוֹלוֹגְיָה
engineering	טֶכְנוֹלוֹגְיָה
consider	הִתְחַשֵּׁב
count	הִתְחַשֵּׁב
weigh	הִתְחַשֵּׁב
commercialization	מִסְחוּר
commercialisation	מִסְחוּר
voice	הִשְׁמִיעַ
sound	הִשְׁמִיעַ
vocalize	הִשְׁמִיעַ
vocalise	הִשְׁמִיעַ
exterior	!חִיצוֹנִי
tell	סִפֵּר
narrate	סִפֵּר
recount	סִפֵּר
recite	סִפֵּר
battle	קְרָב
conflict	קְרָב
fight	קְרָב
engagement	קְרָב
blockade	כִּתּוּר
encirclement	כִּתּוּר
publicize	פִּרְסֵם
publicise	פִּרְסֵם
air	פִּרְסֵם
bare	פִּרְסֵם
conflict	מִלְחָמָה
conflict	מַאֲבָק
struggle	מִלְחָמָה
struggle	קְרָב
battle	מִלְחָמָה
firm	נֶאֱמָן
firm	לוֹיָאלִי
loyal	נֶאֱמָן
loyal	לוֹיָאלִי
truehearted	נֶאֱמָן
truehearted	לוֹיָאלִי
fast	נֶאֱמָן
fast	לוֹיָאלִי
repulsion	הֲדִיפָה
standoff	הֲדִיפָה
rebellion	מֶרֶד
rebellion	הִתְקוֹמְמוּת
rebellion	הִתְמָרְדוּת
rebellion	מֶרִי
rebellion	מְרִידָה
insurrection	מֶרֶד
insurrection	הִתְקוֹמְמוּת
insurrection	הִתְמָרְדוּת
insurrection	מֶרִי
insurrection	מְרִידָה
revolt	מֶרֶד
revolt	הִתְקוֹמְמוּת
revolt	הִתְמָרְדוּת
revolt	מֶרִי
revolt	מְרִידָה
rising	מֶרֶד
rising	הִתְקוֹמְמוּת
rising	הִתְמָרְדוּת
rising	מֶרִי
rising	מְרִידָה
uprising	מֶרֶד
uprising	הִתְקוֹמְמוּת
uprising	הִתְמָרְדוּת
uprising	מֶרִי
uprising	מְרִידָה
talk	!דִּבֵּר
speak	!דִּבֵּר
revolution	מַהְפֵּכָה
insurgent	חַתְרָנִי
seditious	חַתְרָנִי
subversive	חַתְרָנִי
speak	מְדַבֵּר
talk	מְדַבֵּר
combat	!קְרָב
armed combat	!קְרָב
violence	אַלִּימוּת
force	אַלִּימוּת
announce	הִכְרִיז
declare	הִכְרִיז
long-familiar	מֻכָּר
long-familiar	נוֹדָע
long-familiar	יָדוּעַ
well-known	מֻכָּר
well-known	נוֹדָע
well-known	יָדוּעַ
looting	!שֹׁד
robbery	!שֹׁד
publish	פִּרְסֵם
bring out	פִּרְסֵם
put out	פִּרְסֵם
issue	פִּרְסֵם
release	פִּרְסֵם
curious	מוּזָר
funny	מוּזָר
odd	מוּזָר
peculiar	מוּזָר
queer	מוּזָר
rum	מוּזָר
rummy	מוּזָר
singular	מוּזָר
go around	סָבַב
spread	סָבַב
circulate	סָבַב
common	!רָגִיל
usual	!רָגִיל
up-to-date	אַחֲרוֹן
cutting-edge	אַחֲרוֹן
with-it	אַחֲרוֹן
storm	הִסְתַּעֲרוּת
advertise	פִּרְסֵם
advertize	פִּרְסֵם
invasion	!פְּלִישָׁה
advertise	קִדֵּם
advertize	קִדֵּם
promote	קִדֵּם
push	קִדֵּם
infiltration	!הִסְתַּנְּנוּת
foray	פְּשִׁיטָה
raid	פְּשִׁיטָה
maraud	פְּשִׁיטָה
fleet	!מָהִיר
swift	!מָהִיר
bombing	הַפְצָצָה
bombardment	הַפְצָצָה
immediate	מִיָּדִי
prompt	מִיָּדִי
quick	מִיָּדִי
straightaway	מִיָּדִי
instantaneous	!מִיָּדִי
speedy	מָהִיר
rapid	!מָהִיר
rapid	מָהִיר
bumble	גִּמְגֵּם
stutter	גִּמְגֵּם
stammer	גִּמְגֵּם
falter	גִּמְגֵּם
choosy	בַּרְרָן
choosey	בַּרְרָן
scouting	סִיּוּר
exploratory survey	סִיּוּר
reconnoitering	סִיּוּר
reconnoitring	סִיּוּר
abdominous	כְּרַסְתָּן
paunchy	כְּרַסְתָּן
potbellied	כְּרַסְתָּן
fire	אֵשׁ
firing	אֵשׁ
dumpy	גּוּץ
podgy	גּוּץ
pudgy	גּוּץ
tubby	גּוּץ
roly-poly	גּוּץ
thin	רָזֶה
lean	רָזֶה
scraggy	כָּחוּשׁ
scraggy	גָּרוּם
boney	כָּחוּשׁ
boney	גָּרוּם
scrawny	כָּחוּשׁ
scrawny	גָּרוּם
skinny	כָּחוּשׁ
skinny	גָּרוּם
underweight	כָּחוּשׁ
underweight	גָּרוּם
weedy	כָּחוּשׁ
weedy	גָּרוּם
write	כָּתַב
measurement	מְדִידָה
measuring	מְדִידָה
measure	מְדִידָה
mensuration	מְדִידָה
featherlike	נוֹצִי
feathery	נוֹצִי
bathymetry	!שְׁרַבְרָבוּת
bathymetry	!צַנֶּרֶת
plumbing	!שְׁרַבְרָבוּת
plumbing	!צַנֶּרֶת
calibration	כִּיּוּל
standardization	כִּיּוּל
standardisation	כִּיּוּל
plucked	מָרוּט
tuning	כִּוְנוּן
adjustment	!הַרְשָׁמָה
registration	!הַרְשָׁמָה
readjustment	!הַרְשָׁמָה
barren	GAP!
type	הִדְפִּיס
typewrite	הִדְפִּיס
fattened	!מְפֻטָּם
fattened	!מְדֻשָּׁן
correspond	הִתְכַּתֵּב
summarize	סִכֵּם
summarise	סִכֵּם
resume	סִכֵּם
organization	סִדּוּר
organisation	סִדּוּר
state	הִגִּיד
state	אָמַר
listing	עֲרִיכַת-רְשִׁימָה
itemization	עֲרִיכַת-רְשִׁימָה
itemisation	עֲרִיכַת-רְשִׁימָה
last	אַחֲרוֹן
stress	הִבְלִיט
stress	!הִדְגִּישׁ
emphasize	הִבְלִיט
emphasize	!הִדְגִּישׁ
emphasise	הִבְלִיט
emphasise	!הִדְגִּישׁ
punctuate	הִבְלִיט
punctuate	!הִדְגִּישׁ
accent	הִבְלִיט
accent	!הִדְגִּישׁ
accentuate	הִבְלִיט
accentuate	!הִדְגִּישׁ
senior	GAP!
fourth-year	GAP!
collection	אִסּוּף
collecting	אִסּוּף
assembling	אִסּוּף
aggregation	אִסּוּף
intermediate	!בֵּינַיִם
junior	GAP!
third-year	GAP!
next-to-last	GAP!
suspension	תְּלִיָּה
dangling	תְּלִיָּה
hanging	תְּלִיָּה
continuance	הַמְשָׁכָה
continuation	הַמְשָׁכָה
prolongation	הַאֲרָכָה
protraction	הַאֲרָכָה
perpetuation	הַאֲרָכָה
lengthening	הַאֲרָכָה
disabled	מֻגְבָּל
disabled	!נָכֶה
handicapped	מֻגְבָּל
handicapped	!נָכֶה
copying	הַעְתָּקָה
duplication	שִׁכְפּוּל
gemination	שִׁכְפּוּל
note	צִיֵּן
observe	צִיֵּן
mention	צִיֵּן
remark	צִיֵּן
dipped	!טָבוּל
lordotic	!טָבוּל
swayback	!טָבוּל
swaybacked	!טָבוּל
suitable	הוֹלֵם
suitable	מַתְאִים
suited	הוֹלֵם
suited	מַתְאִים
perseverance	הַתְמָדָה
persistence	הַתְמָדָה
perseveration	הַתְמָדָה
arrange	סִדֵּר
fix up	סִדֵּר
generalize	הִכְלִיל
generalise	הִכְלִיל
extrapolate	הִכְלִיל
infer	הִכְלִיל
procedure	!הֲלִיךְ
bring up	הֶעֱלָה
opine	חִוָּה-דֵּעָה
speak up	חִוָּה-דֵּעָה
speak out	חִוָּה-דֵּעָה
animadvert	חִוָּה-דֵּעָה
sound off	חִוָּה-דֵּעָה
baptize	הִטְבִּיל
baptise	הִטְבִּיל
christen	הִטְבִּיל
flexible	גָּמִישׁ
pliable	גָּמִישׁ
pliant	גָּמִישׁ
curly	מְסֻלְסָל
curly	מְתֻלְתָּל
curly	מְקֻרְזָל
church service	GAP!
church	GAP!
compromise	הִתְפַּשֵּׁר
compromise	!הִתְפַּשֵּׁר
baptism	טְבִילָה
baptism	הַטְבָּלָה
external	חוּץ
international	חוּץ
outside	חוּץ
christening	GAP!
chew the fat	פִּטְפֵּט
shoot the breeze	פִּטְפֵּט
chat	פִּטְפֵּט
confabulate	פִּטְפֵּט
confab	פִּטְפֵּט
chitchat	פִּטְפֵּט
chit-chat	פִּטְפֵּט
chatter	פִּטְפֵּט
chaffer	פִּטְפֵּט
natter	פִּטְפֵּט
gossip	פִּטְפֵּט
jaw	פִּטְפֵּט
claver	פִּטְפֵּט
visit	פִּטְפֵּט
sanctification	קִדּוּשׁ
dish the dirt	רִכֵל
gossip	רִכֵל
ceremonial	טִקְסִי
ceremonial	רִשְׁמִי
grunt	!נָחַר
snort	!נָחַר
literary	סִפְרוּתִי
howl	יִלֵּל
ululate	יִלֵּל
wail	יִלֵּל
roar	יִלֵּל
yawl	יִלֵּל
yaup	יִלֵּל
resuscitation	הַחְיָאָה
downtrodden	!נִרְדָּף
regrettable	!מְצַעֵר
too bad	!מְצַעֵר
fragrant	רֵיחָנִי
planting	!שְׁתִילָה
planting	!נְטִיעָה
cluck	!קִרְקֵר
click	!קִרְקֵר
clack	!קִרְקֵר
round	סֶבֶב
visiting	פְּקִידָה
visiting	בִּקּוּר
provision	אַסְפָּקָה
supply	אַסְפָּקָה
supplying	אַסְפָּקָה
feeding	הֲזָנָה
alimentation	הֲזָנָה
neigh	צָהַל
nicker	צָהַל
whicker	צָהַל
whinny	צָהַל
mew	!יִלֵּל
claim	!תְּבִיעָה
respite	פּוּגָה
respite	אֶתְנַחְתָּא
respite	הֲפוּגָה
respite	הַפְסָקָה
respite	פֶּסֶק-זְמַן
recess	פּוּגָה
recess	אֶתְנַחְתָּא
recess	הֲפוּגָה
recess	הַפְסָקָה
recess	פֶּסֶק-זְמַן
break	פּוּגָה
break	אֶתְנַחְתָּא
break	הֲפוּגָה
break	הַפְסָקָה
break	פֶּסֶק-זְמַן
time out	פּוּגָה
time out	אֶתְנַחְתָּא
time out	הֲפוּגָה
time out	הַפְסָקָה
time out	פֶּסֶק-זְמַן
hesitation	גִּמְגּוּם
waver	גִּמְגּוּם
falter	גִּמְגּוּם
faltering	גִּמְגּוּם
intermission	הַפְסָקָה
unhampered	חָפְשִׁי
captive	אָסוּר
captive	כָּלוּא
confined	אָסוּר
confined	כָּלוּא
imprisoned	אָסוּר
imprisoned	כָּלוּא
jailed	אָסוּר
jailed	כָּלוּא
leisure	!פְּנַאי
free time	!פְּנַאי
spare time	!פְּנַאי
delay	עִכּוּב
holdup	עִכּוּב
slowdown	פִּגּוּר
lag	פִּגּוּר
retardation	פִּגּוּר
fresh	טָרִי
request	!בִּקֵּשׁ
fast	תַּעֲנִית
fast	צוֹם
fasting	תַּעֲנִית
fasting	צוֹם
moldy	עָבֵשׁ
moldy	מְעֻפָּשׁ
mouldy	עָבֵשׁ
mouldy	מְעֻפָּשׁ
musty	עָבֵשׁ
musty	מְעֻפָּשׁ
compete	הִתְחָרָה
compete	הִתְמוֹדֵד
vie	הִתְחָרָה
vie	הִתְמוֹדֵד
contend	הִתְחָרָה
contend	הִתְמוֹדֵד
pickled	מֻחְמָץ
pickled	כָּבוּשׁ
indulgence	הִתְפַּנְּקוּת
indulging	הִתְפַּנְּקוּת
pampering	הִתְפַּנְּקוּת
humoring	הִתְפַּנְּקוּת
smoked	מְעֻשָּׁן
smoke-cured	מְעֻשָּׁן
smoke-dried	מְעֻשָּׁן
siege	מָצוֹר
besieging	מָצוֹר
beleaguering	מָצוֹר
military blockade	מָצוֹר
prevention	מְנִיעָה
prevention	!מְנִיעָה
bar	מְנִיעָה
bar	!מְנִיעָה
disqualification	פְּסִילָה
suppression	!כְּתִישָׁה
crushing	!כְּתִישָׁה
quelling	!כְּתִישָׁה
stifling	!כְּתִישָׁה
liquescent	!נָמֵס
melting	!נָמֵס
distribution	!חֲלֻקָּה
rationing	קִצּוּב
irregular	לֹא-קָבוּעַ
temporary	לֹא-קָבוּעַ
donation	תְּרוּמָה
subscription	!מִנּוּי
commerce	!מִסְחָר
commercialism	!מִסְחָר
mercantilism	!מִסְחָר
lending	!הַלְוָאָה
lending	!הַשְׁאָלָה
loaning	!הַלְוָאָה
loaning	!הַשְׁאָלָה
officiate	GAP!
function	GAP!
furnished	!מְרֹהָט
equipped	!מְרֹהָט
enlist	!הִתְגַּיֵּס
market	שׁוּק
marketplace	שׁוּק
market place	שׁוּק
recruit	!גִּיֵּס
levy	!גִּיֵּס
raise	!גִּיֵּס
financing	!מִמּוּן
funding	!מִמּוּן
investing	הַשְׁקָעָה
investment	הַשְׁקָעָה
beat	!גָּבַר
beat out	!גָּבַר
crush	!גָּבַר
shell	!גָּבַר
trounce	!גָּבַר
vanquish	!גָּבַר
publication	!פִּרְסוּם
publishing	!פִּרְסוּם
issue	פִּרְסוּם
issue	הוֹצָאָה-לָאוֹר
publication	פִּרְסוּם
publication	הוֹצָאָה-לָאוֹר
circumstantial	!נְסִבָּתִי
ferry	!מַעְבֹּרֶת
ferrying	!מַעְבֹּרֶת
transaction	טְרַנְסַקְצְיָה
transaction	עִסְקָה
dealing	טְרַנְסַקְצְיָה
dealing	עִסְקָה
dealings	טְרַנְסַקְצְיָה
dealings	עִסְקָה
get the better of	הִתְגַּבֵּר
get the better of	גָּבַר
overcome	הִתְגַּבֵּר
overcome	גָּבַר
defeat	הִתְגַּבֵּר
defeat	גָּבַר
exchange	הַחְלָפָה
exchange	חִלּוּף
overpower	!גִּמֵּר
overmaster	!גִּמֵּר
overwhelm	!גִּמֵּר
importing	יִבּוּא
importing	יְבוּא
importation	יִבּוּא
importation	יְבוּא
exporting	יִצּוּא
exporting	יְצוּא
exportation	יִצּוּא
exportation	יְצוּא
smuggling	הַבְרָחָה
cheeseparing	!קָרוֹב
close	!קָרוֹב
near	!קָרוֹב
penny-pinching	!קָרוֹב
skinny	!קָרוֹב
mean	קַמְצָנִי
mingy	קַמְצָנִי
miserly	קַמְצָנִי
tight	קַמְצָנִי
retail	קִמְעוֹנוּת
retail	קִמְעוֹנָאוּת
wholesale	סִיטוֹנוּת
wholesale	סִיטוֹנָאוּת
big	רְחַב-לֵב
large	רְחַב-לֵב
magnanimous	רְחַב-לֵב
genuine	אֲמִתִּי
echt	אֲמִתִּי
dumping	!הֶצֵּף
vending	רוֹכְלוּת
peddling	רוֹכְלוּת
hawking	רוֹכְלוּת
vendition	רוֹכְלוּת
talented	כִּשְׁרוֹנִי
talented	מֻכְשָׁר
talented	בְּרוּךְ-כִּשָּׁרוֹן
talented	בַּעַל-כִּשָּׁרוֹן
gifted	כִּשְׁרוֹנִי
gifted	מֻכְשָׁר
gifted	בְּרוּךְ-כִּשָּׁרוֹן
gifted	בַּעַל-כִּשָּׁרוֹן
payment	תַּשְׁלוּם
defrayal	תַּשְׁלוּם
defrayment	תַּשְׁלוּם
ransom	!כֹּפֶר
expending	הוֹצָאָה
expenditure	הוֹצָאָה
migration	!נְדִידָה
bang-up	מַגְנִיב
bang-up	פָּצָץ
bang-up	עֲנָק
bully	מַגְנִיב
bully	פָּצָץ
bully	עֲנָק
corking	מַגְנִיב
corking	פָּצָץ
corking	עֲנָק
cracking	מַגְנִיב
cracking	פָּצָץ
cracking	עֲנָק
dandy	מַגְנִיב
dandy	פָּצָץ
dandy	עֲנָק
great	מַגְנִיב
great	פָּצָץ
great	עֲנָק
groovy	מַגְנִיב
groovy	פָּצָץ
groovy	עֲנָק
keen	מַגְנִיב
keen	פָּצָץ
keen	עֲנָק
neat	מַגְנִיב
neat	פָּצָץ
neat	עֲנָק
nifty	מַגְנִיב
nifty	פָּצָץ
nifty	עֲנָק
not bad	מַגְנִיב
not bad	פָּצָץ
not bad	עֲנָק
peachy	מַגְנִיב
peachy	פָּצָץ
peachy	עֲנָק
slap-up	מַגְנִיב
slap-up	פָּצָץ
slap-up	עֲנָק
swell	מַגְנִיב
swell	פָּצָץ
swell	עֲנָק
smashing	מַגְנִיב
smashing	פָּצָץ
smashing	עֲנָק
good enough	דֵּי-טוֹב
slice	פָּרַס
satisfactory	מַשְׂבִּיעַ-רָצוֹן
satisfactory	מְסַפֵּק
acceptable	מַשְׂבִּיעַ-רָצוֹן
acceptable	מְסַפֵּק
superb	מְעֻלֶּה
well-behaved	טוֹב
well behaved	טוֹב
bad	רַע
mine	מִקֵּשׁ
atrocious	נוֹרָא
atrocious	אָיֹם
abominable	נוֹרָא
abominable	אָיֹם
painful	נוֹרָא
painful	אָיֹם
unspeakable	נוֹרָא
unspeakable	אָיֹם
enforcement	אֲכִיפָה
frightful	אָיֹם
tough	קָשֶׁה
implementation	בִּצּוּעַ
hopeless	חֲסַר-תַּקָּנָה
icky	מְחֻרְבָּן
crappy	מְחֻרְבָּן
lousy	מְחֻרְבָּן
rotten	מְחֻרְבָּן
shitty	מְחֻרְבָּן
stinking	מְחֻרְבָּן
stinky	מְחֻרְבָּן
pretty	יֹפִי-שֶׁל
duty	מְחֻיָּבוּת
responsibility	מְחֻיָּבוּת
obligation	מְחֻיָּבוּת
imperative	אִימְפֶּרָטִיב
atrocious	מִפְלַצְתִּי
flagitious	מִפְלַצְתִּי
grievous	מִפְלַצְתִּי
black	אָפֵל
sinister	אָפֵל
management	!הַנְהָלָה
management	!נִהוּל
direction	!הַנְהָלָה
direction	!נִהוּל
treatment	טִפּוּל
handling	טִפּוּל
supervision	!הַשְׁגָּחָה
supervision	!פִּקּוּחַ
supervising	!הַשְׁגָּחָה
supervising	!פִּקּוּחַ
superintendence	!הַשְׁגָּחָה
superintendence	!פִּקּוּחַ
oversight	!הַשְׁגָּחָה
oversight	!פִּקּוּחַ
crabbed	!רַגְזָן
crabby	!רַגְזָן
cross	!רַגְזָן
fussy	!רַגְזָן
grouchy	!רַגְזָן
grumpy	!רַגְזָן
bad-tempered	!רַגְזָן
ill-tempered	!רַגְזָן
license	הֶתֵּר
license	רְשׁוּת
permission	הֶתֵּר
permission	רְשׁוּת
permit	הֶתֵּר
permit	רְשׁוּת
fluent	!רָהוּט
fluid	!רָהוּט
liquid	!רָהוּט
smooth	!רָהוּט
fish	!דָּג
delegating	הַאֲצָלַת-סַמְכֻיּוֹת
delegation	הַאֲצָלַת-סַמְכֻיּוֹת
relegating	הַאֲצָלַת-סַמְכֻיּוֹת
relegation	הַאֲצָלַת-סַמְכֻיּוֹת
deputation	הַאֲצָלַת-סַמְכֻיּוֹת
gradual	הַדְרָגָתִי
deployment	!הֵעָרְכוּת
hunt	צָד
run	צָד
hunt down	צָד
track down	צָד
gradual	מְדֹרָג
warm-up	חִמּוּם
tune-up	חִמּוּם
prolusion	חִמּוּם
guidance	הַנְחָיָה
guidance	הַדְרָכָה
steering	הַנְחָיָה
steering	הַדְרָכָה
coup d'etat	פּוּטְשׁ
coup d'etat	הֲפֵכָה
coup d'etat	הֲפִיכָה
coup	פּוּטְשׁ
coup	הֲפֵכָה
coup	הֲפִיכָה
putsch	פּוּטְשׁ
putsch	הֲפֵכָה
putsch	הֲפִיכָה
takeover	פּוּטְשׁ
takeover	הֲפֵכָה
takeover	הֲפִיכָה
deploy	פָּרַס
miserable	אֻמְלָל
suffering	אֻמְלָל
wretched	אֻמְלָל
pauperization	הִתְרוֹשְׁשׁוּת
pauperisation	הִתְרוֹשְׁשׁוּת
impoverishment	הִתְרוֹשְׁשׁוּת
appeasement	פִּיּוּס
appeasement	הֲפָסָה
calming	פִּיּוּס
calming	הֲפָסָה
address	הִפְנָה-שְׁאֵלָה
aim	כִּוֵּן
take	כִּוֵּן
train	כִּוֵּן
take aim	כִּוֵּן
direct	כִּוֵּן
placation	!פִּיּוּס
conciliation	!פִּיּוּס
propitiation	!פִּיּוּס
hold	GAP!
nationalization	!הַלְאָמָה
nationalisation	!הַלְאָמָה
communization	!הַלְאָמָה
communisation	!הַלְאָמָה
swing	GAP!
charge	PSEUDOGAP!
level	PSEUDOGAP!
point	PSEUDOGAP!
level	הִפְנָה
range in	הִתְבַּיֵּת
home in	הִתְבַּיֵּת
zero in	הִתְבַּיֵּת
discrimination	אַפְלָיָה
favoritism	אַפְלָיָה
favouritism	אַפְלָיָה
racism	גִּזְעָנוּת
racialism	גִּזְעָנוּת
racial discrimination	גִּזְעָנוּת
calculating	!מְחֻשָּׁב
calculative	!מְחֻשָּׁב
conniving	!מְחֻשָּׁב
scheming	!מְחֻשָּׁב
shrewd	!מְחֻשָּׁב
mobilization	גִּיּוּס
mobilisation	גִּיּוּס
militarization	גִּיּוּס
militarisation	גִּיּוּס
stabilization	יִצּוּב
stabilization	הִתְיַצְּבוּת
stabilisation	יִצּוּב
stabilisation	הִתְיַצְּבוּת
punishment	עֲנִישָׁה
punishment	הַעֲנָשָׁה
penalty	עֲנִישָׁה
penalty	הַעֲנָשָׁה
penalization	עֲנִישָׁה
penalization	הַעֲנָשָׁה
penalisation	עֲנִישָׁה
penalisation	הַעֲנָשָׁה
whipping	!הַלְקָאָה
tanning	!הַלְקָאָה
flogging	!הַלְקָאָה
lashing	!הַלְקָאָה
flagellation	!הַלְקָאָה
mine	כָּרָה
crucifixion	הַצְּלִיבָה
obedience	!צַיְתָנוּת
obeisance	!צַיְתָנוּת
competition	תַּחֲרוּת
contention	תַּחֲרוּת
rivalry	תַּחֲרוּת
contest	!תַּחֲרוּת
medical	!רְפוּאִי
sip	לָגַם
fight	!קְרָב
fighting	!קְרָב
scrap	!קְרָב
hale	שָׁלֵם
fencing	סִיּוּף
stab	!דְּקִירָה
thrust	!דְּקִירָה
knife thrust	!דְּקִירָה
contempt	זִילוּת
provide	סִפֵּק
supply	סִפֵּק
ply	סִפֵּק
cater	סִפֵּק
meet	!סִפֵּק
satisfy	!סִפֵּק
fill	!סִפֵּק
fulfill	!סִפֵּק
fulfil	!סִפֵּק
proceeding	הֲלִיכִים-מִשְׁפָּטִיִּים
proceeding	הֲלִיךְ
legal proceeding	הֲלִיכִים-מִשְׁפָּטִיִּים
legal proceeding	הֲלִיךְ
proceedings	הֲלִיכִים-מִשְׁפָּטִיִּים
proceedings	הֲלִיךְ
heavy	כָּבֵד
dense	צָפוּף
doughy	עִסָּתִי
soggy	עִסָּתִי
appeal	עֲרָר
appeal	עִרְעוּר
massive	מָסִיבִי
light	קַל
lightweight	קַל-מִשְׁקָל
lightweight	מִשְׁקָל-קַל
airy	אַוְרִירִי
presentment	!הוֹדָעָה
notification	!הוֹדָעָה
be full	!שָׂבַע
want	!דָּרַשׁ
need	!דָּרַשׁ
require	!דָּרַשׁ
distressing	מַדְאִיג
distressful	מַדְאִיג
disturbing	מַדְאִיג
perturbing	מַדְאִיג
troubling	מַדְאִיג
worrisome	מַדְאִיג
worrying	מַדְאִיג
fast	צָם
fast	!צָם
easy	קַל
gentle	קַל
soft	קַל
verdict	!גְּזַר דִין
finding of fact	!גְּזַר דִין
satiate	!שָׂבַע
sate	!שָׂבַע
replete	!שָׂבַע
fill	!שָׂבַע
deaf	GAP!
indifferent	GAP!
eviction	פִּנּוּי
dispossession	פִּנּוּי
legal ouster	פִּנּוּי
host	אֵרֵח
abstain	הִתְנַזֵּר
refrain	הִתְנַזֵּר
desist	הִתְנַזֵּר
stabilizing	!מְיַצֵּב
stabilising	!מְיַצֵּב
plea	!טַעֲנָה
smoke	עִשֵּׁן
prosecution	!תְּבִיעָה
criminal prosecution	!תְּבִיעָה
homogeneous	הוֹמוֹגֶנִי
homogenous	הוֹמוֹגֶנִי
consistent	אָחִיד
uniform	אָחִיד
divorce	גֵּרוּשִׁין
divorce	כְּרִיתוּת
divorcement	גֵּרוּשִׁין
divorcement	כְּרִיתוּת
quench	רָוָה
quench	הִרְוָה
slake	רָוָה
slake	הִרְוָה
allay	רָוָה
allay	הִרְוָה
assuage	רָוָה
assuage	הִרְוָה
formality	!רִשְׁמִיּוּת
compromise	!פְּשָׁרָה
via media	!פְּשָׁרָה
upper	עֶלְיוֹן
aid	עֵזֶר
aid	עֶזְרָה
assist	עֵזֶר
assist	עֶזְרָה
assistance	עֵזֶר
assistance	עֶזְרָה
help	עֵזֶר
help	עֶזְרָה
boost	עִדּוּד
encouragement	עִדּוּד
consolation	!נֶחָמָה
comfort	!נֶחָמָה
solace	!נֶחָמָה
reduced	!מוּזָל
rock-bottom	!מוּזָל
backing	גִּבּוּי
backing	גַּב
backup	גִּבּוּי
backup	גַּב
championship	גִּבּוּי
championship	גַּב
patronage	גִּבּוּי
patronage	גַּב
urging	!זֵרוּז
blessing	אִשּׁוּר
approval	אִשּׁוּר
approving	אִשּׁוּר
sustenance	כִּלְכּוּל
sustentation	כִּלְכּוּל
sustainment	כִּלְכּוּל
maintenance	כִּלְכּוּל
upkeep	כִּלְכּוּל
reward	פְּרָס
reinforcement	פְּרָס
behavior	!נִהוּל
behaviour	!נִהוּל
conduct	!נִהוּל
doings	!נִהוּל
aggravation	!הִתְגָּרוּת
irritation	!הִתְגָּרוּת
provocation	!הִתְגָּרוּת
terrorization	!הַפְחָדָה
terrorisation	!הַפְחָדָה
frightening	!הַפְחָדָה
twit	!עֲקִיצָה
taunt	!עֲקִיצָה
taunting	!עֲקִיצָה
deceptive	מַטְעֶה
misleading	מַטְעֶה
shoddy	מַטְעֶה
insult	!פְּגִיעָה
affront	!פְּגִיעָה
honorable	!מְכֻבָּד
honourable	!מְכֻבָּד
forgiveness	סְלִיחָה
pardon	סְלִיחָה
assembly	!כְּנֶסֶת
assemblage	!כְּנֶסֶת
gathering	!כְּנֶסֶת
meeting	מִפְגָּשׁ
coming together	מִפְגָּשׁ
congregation	!קְהִלָּה
congregating	!קְהִלָּה
vertical	אֲנָכִי
perpendicular	אֲנָכִי
attendance	!נוֹכְחוּת
attending	!נוֹכְחוּת
atilt	מֻטֶּה
atilt	!נָטוּי
atilt	נָטוּי
canted	מֻטֶּה
canted	!נָטוּי
canted	נָטוּי
leaning	מֻטֶּה
leaning	!נָטוּי
leaning	נָטוּי
tilted	מֻטֶּה
tilted	!נָטוּי
tilted	נָטוּי
tipped	מֻטֶּה
tipped	!נָטוּי
tipped	נָטוּי
consolidation	גִּבּוּשׁ
integration	גִּבּוּשׁ
straight	זָקוּף
unbent	זָקוּף
unbowed	זָקוּף
decentralization	בִּזּוּר
decentralization	דֶּצֶנְטְרָלִיזַצְיָה
decentralisation	בִּזּוּר
decentralisation	דֶּצֶנְטְרָלִיזַצְיָה
engagement	הִשְׁתַּתְּפוּת
participation	הִשְׁתַּתְּפוּת
involvement	הִשְׁתַּתְּפוּת
involution	הִשְׁתַּתְּפוּת
run into	נִכְנַס
run into	הִתְנַגֵּשׁ
run into	נִתְקַל
bump into	נִכְנַס
bump into	הִתְנַגֵּשׁ
bump into	נִתְקַל
jar against	נִכְנַס
jar against	הִתְנַגֵּשׁ
jar against	נִתְקַל
butt against	נִכְנַס
butt against	הִתְנַגֵּשׁ
butt against	נִתְקַל
knock against	נִכְנַס
knock against	הִתְנַגֵּשׁ
knock against	נִתְקַל
hot	חַם
heated	מְחֻמָּם
heated up	מְחֻמָּם
het	מְחֻמָּם
het up	מְחֻמָּם
demolition	!הֲרִיסָה
amendment	!תִּקּוּן
sultry	!מַחֲנִיק
stifling	!מַחֲנִיק
sulfurous	!מַחֲנִיק
sulphurous	!מַחֲנִיק
cold	קַר
arctic	קָפוּא
frigid	קָפוּא
gelid	קָפוּא
glacial	קָפוּא
icy	קָפוּא
polar	קָפוּא
resettlement	הַעְתָּקָה
relocation	הַעְתָּקָה
ice-cold	צוֹנֵן
humming	!הִמְהוּם
winnow	!נִפּוּי
winnowing	!נִפּוּי
sifting	!נִפּוּי
unheated	בִּלְתִּי-מְחֻמָּם
unwarmed	בִּלְתִּי-מְחֻמָּם
slice up	פָּרַס
amputate	קָטַע
amputate	כָּרַת
cut off	קָטַע
cut off	כָּרַת
precession	הַקְדָּמָה
precedence	הַקְדָּמָה
precedency	הַקְדָּמָה
awakening	!הִתְעוֹרְרוּת
wakening	!הִתְעוֹרְרוּת
waking up	!הִתְעוֹרְרוּת
buzz	!זִמְזוּם
barbarous	GAP!
barbarous	אַכְזָרִי
barbarous	אַכְזָר
brutal	GAP!
brutal	אַכְזָרִי
brutal	אַכְזָר
cruel	GAP!
cruel	אַכְזָרִי
cruel	אַכְזָר
fell	GAP!
fell	אַכְזָרִי
fell	אַכְזָר
roughshod	GAP!
roughshod	אַכְזָרִי
roughshod	אַכְזָר
savage	GAP!
savage	אַכְזָרִי
savage	אַכְזָר
vicious	GAP!
vicious	אַכְזָרִי
vicious	אַכְזָר
beastly	בְּהֵמִי
beastly	חַיָּתִי
beastly	בַּהֲמִי
bestial	בְּהֵמִי
bestial	חַיָּתִי
bestial	בַּהֲמִי
brute	בְּהֵמִי
brute	חַיָּתִי
brute	בַּהֲמִי
brutish	בְּהֵמִי
brutish	חַיָּתִי
brutish	בַּהֲמִי
brutal	בְּהֵמִי
brutal	חַיָּתִי
brutal	בַּהֲמִי
recruitment	גִּיּוּס
enlisting	גִּיּוּס
reference	!הִתְיַעֲצוּת
consultation	!הִתְיַעֲצוּת
finish	גִּמֵּר
pave	!רִצֵּף
witty	מְפֻלְפָּל
witty	שָׁנוּן
whitewash	סִיֵּד
hurried	חָפוּז
flying	!מָהִיר
quick	!מָהִיר
fast	!מָהִיר
hasty	!פָּזִיז
headlong	!פָּזִיז
overhasty	!פָּזִיז
precipitate	!פָּזִיז
precipitant	!פָּזִיז
precipitous	!פָּזִיז
chief	רָאשִׁי
chief	עִקָּרִי
chief	!רָאשִׁי
main	רָאשִׁי
main	!רָאשִׁי
primary	רָאשִׁי
primary	עִקָּרִי
primary	!רָאשִׁי
principal	רָאשִׁי
principal	עִקָּרִי
principal	!רָאשִׁי
master	רָאשִׁי
master	עִקָּרִי
master	!רָאשִׁי
impressive	מַרְשִׁים
unwrap	!פָּתַח
undo	!פָּתַח
untie	הִתִּיר
unbrace	הִתִּיר
unlace	הִתִּיר
gallant	!גֵּאֶה
lofty	!גֵּאֶה
majestic	!גֵּאֶה
proud	!גֵּאֶה
brilliant	!מְפֹאָר
glorious	!מְפֹאָר
magnificent	!מְפֹאָר
splendid	!מְפֹאָר
tie down	אָסַר
tie up	אָסַר
bind	אָסַר
truss	אָסַר
attach	הִתְחַבֵּר
attach	חִבֵּר
match	!הִזְדַּוֵּג
mate	!הִזְדַּוֵּג
couple	!הִזְדַּוֵּג
pair	!הִזְדַּוֵּג
twin	!הִזְדַּוֵּג
designate	מְיֹעָד
future	GAP!
next	GAP!
succeeding	GAP!
join	קִשֵּׁר
join	חִבֵּר
bring together	קִשֵּׁר
bring together	חִבֵּר
outbound	!יוֹצֵא
outward	!יוֹצֵא
outward-bound	!יוֹצֵא
past	!שֶׁעָבַר
preceding	!שֶׁעָבַר
retiring	!שֶׁעָבַר
attach	הִצְמִיד
severe	קָשֶׁה
spartan	קָשֶׁה
ignorant	חֲסר-יֶדַע
unknowledgeable	חֲסר-יֶדַע
unknowing	חֲסר-יֶדַע
unwitting	חֲסר-יֶדַע
distorted	!שָׁזוּר
misrepresented	!שָׁזוּר
perverted	!שָׁזוּר
twisted	!שָׁזוּר
inhabited	!נוֹשָׁב
populated	מְאֻכְלָס
search	חִפֵּשׂ
seek	חִפֵּשׂ
look for	חִפֵּשׂ
angle	!דָּג
reap	קָצַר
harvest	קָצַר
glean	קָצַר
acquitted	זַכַּאי
not guilty	זַכַּאי
blameworthy	מְגֻנֶּה
blamable	מְגֻנֶּה
blameable	מְגֻנֶּה
blameful	מְגֻנֶּה
censurable	מְגֻנֶּה
culpable	מְגֻנֶּה
young	צָעִיר
offspring	צָעִיר
pup	גּוּר
whelp	גּוּר
cub	גּוּר
young carnivore	גּוּר
kit	GAP!
antler	!קֶרֶן
co-ed	מְעֹרָב
coeducational	מְעֹרָב
virus	נָגִיף
virus	וִירוּס
unintelligent	טִפֵּשׁ
stupid	טִפֵּשׁ
tile	!רִצֵּף
apathetic	אָדִישׁ
indifferent	אָדִישׁ
interesting	מְעַנְיֵן
entertaining	!מְשַׁעֲשֵׁעַ
boring	מְשַׁעֲמֵם
deadening	מְשַׁעֲמֵם
dull	מְשַׁעֲמֵם
ho-hum	מְשַׁעֲמֵם
irksome	מְשַׁעֲמֵם
slow	מְשַׁעֲמֵם
tedious	מְשַׁעֲמֵם
tiresome	מְשַׁעֲמֵם
wearisome	מְשַׁעֲמֵם
wring out	סָחַט
squeeze out	סָחַט
contort	!הִתְעַוֵּת
deform	!הִתְעַוֵּת
distort	!הִתְעַוֵּת
wring	!הִתְעַוֵּת
jutting	בּוֹלֵט
projected	בּוֹלֵט
projecting	בּוֹלֵט
protruding	בּוֹלֵט
relieved	בּוֹלֵט
sticking	בּוֹלֵט
sticking out	בּוֹלֵט
ironed	מְגֹהָץ
glad	!מְשַׂמֵּחַ
pensive	עוֹרֵג
pensive	כָּמֵהַּ
wistful	עוֹרֵג
wistful	כָּמֵהַּ
known	מֻכָּר
celebrated	מְהֻלָּל
celebrated	מְפֻרְסָם
celebrated	יָדוּעַ
famed	מְהֻלָּל
famed	מְפֻרְסָם
famed	יָדוּעַ
far-famed	מְהֻלָּל
far-famed	מְפֻרְסָם
far-famed	יָדוּעַ
famous	מְהֻלָּל
famous	מְפֻרְסָם
famous	יָדוּעַ
illustrious	מְהֻלָּל
illustrious	מְפֻרְסָם
illustrious	יָדוּעַ
notable	מְהֻלָּל
notable	מְפֻרְסָם
notable	יָדוּעַ
noted	מְהֻלָּל
noted	מְפֻרְסָם
noted	יָדוּעַ
renowned	מְהֻלָּל
renowned	מְפֻרְסָם
renowned	יָדוּעַ
drizzle	!טִפְטֵף
moisten	!טִפְטֵף
legendary	מִיתוֹלוֹגִי
legendary	אַגָּדָתִי
interpreted	!מְפֹרָשׁ
taken	!מְפֹרָשׁ
broad	!רָחָב
spacious	!רָחָב
wide	!רָחָב
parasite	טַפִּיל
elephantine	!עֲנָקִי
gargantuan	!עֲנָקִי
giant	!עֲנָקִי
jumbo	!עֲנָקִי
huge	עֲנָקִי
huge	עֲנָק
huge	רַב
immense	עֲנָקִי
immense	עֲנָק
immense	רַב
vast	עֲנָקִי
vast	עֲנָק
vast	רַב
Brobdingnagian	עֲנָקִי
Brobdingnagian	עֲנָק
Brobdingnagian	רַב
large-scale	הֲמוֹנִי
monstrous	!מִפְלַצְתִּי
iron	גִּהֵץ
iron out	גִּהֵץ
press	גִּהֵץ
small	קָטָן
little	קָטָן
bantam	זָעִיר
diminutive	זָעִיר
lilliputian	זָעִיר
midget	זָעִיר
petite	זָעִיר
tiny	זָעִיר
flyspeck	זָעִיר
dwarfish	גַּמָּדִי
dwarfish	נַנָּסִי
greater	רַבָּתִי
banned	!אָסוּר
prohibited	!אָסוּר
like	!שָׁוֶה
same	!שָׁוֶה
untrammeled	!חָפְשִׁי
untrammelled	!חָפְשִׁי
plug in	חִבֵּר
plug into	חִבֵּר
connect	חִבֵּר
literary	!סִפְרוּתִי
instill	!הֶחְדִּיר
instil	!הֶחְדִּיר
sleep together	עָשָׂה-אַהֲבָה
sleep together	הִזְדַּיֵּן
sleep together	יָדַע
sleep together	שָׁכַב-עִם
roll in the hay	עָשָׂה-אַהֲבָה
roll in the hay	הִזְדַּיֵּן
roll in the hay	יָדַע
roll in the hay	שָׁכַב-עִם
love	עָשָׂה-אַהֲבָה
love	הִזְדַּיֵּן
love	יָדַע
love	שָׁכַב-עִם
make out	עָשָׂה-אַהֲבָה
make out	הִזְדַּיֵּן
make out	יָדַע
make out	שָׁכַב-עִם
make love	עָשָׂה-אַהֲבָה
make love	הִזְדַּיֵּן
make love	יָדַע
make love	שָׁכַב-עִם
sleep with	עָשָׂה-אַהֲבָה
sleep with	הִזְדַּיֵּן
sleep with	יָדַע
sleep with	שָׁכַב-עִם
get laid	עָשָׂה-אַהֲבָה
get laid	הִזְדַּיֵּן
get laid	יָדַע
get laid	שָׁכַב-עִם
have sex	עָשָׂה-אַהֲבָה
have sex	הִזְדַּיֵּן
have sex	יָדַע
have sex	שָׁכַב-עִם
know	עָשָׂה-אַהֲבָה
know	הִזְדַּיֵּן
know	שָׁכַב-עִם
do it	עָשָׂה-אַהֲבָה
do it	הִזְדַּיֵּן
do it	יָדַע
do it	שָׁכַב-עִם
be intimate	עָשָׂה-אַהֲבָה
be intimate	הִזְדַּיֵּן
be intimate	יָדַע
be intimate	שָׁכַב-עִם
have intercourse	עָשָׂה-אַהֲבָה
have intercourse	הִזְדַּיֵּן
have intercourse	יָדַע
have intercourse	שָׁכַב-עִם
have it away	עָשָׂה-אַהֲבָה
have it away	הִזְדַּיֵּן
have it away	יָדַע
have it away	שָׁכַב-עִם
have it off	עָשָׂה-אַהֲבָה
have it off	הִזְדַּיֵּן
have it off	יָדַע
have it off	שָׁכַב-עִם
screw	עָשָׂה-אַהֲבָה
screw	הִזְדַּיֵּן
screw	יָדַע
screw	שָׁכַב-עִם
fuck	עָשָׂה-אַהֲבָה
fuck	הִזְדַּיֵּן
fuck	יָדַע
fuck	שָׁכַב-עִם
jazz	עָשָׂה-אַהֲבָה
jazz	הִזְדַּיֵּן
jazz	יָדַע
jazz	שָׁכַב-עִם
eff	עָשָׂה-אַהֲבָה
eff	הִזְדַּיֵּן
eff	יָדַע
eff	שָׁכַב-עִם
hump	עָשָׂה-אַהֲבָה
hump	הִזְדַּיֵּן
hump	יָדַע
hump	שָׁכַב-עִם
lie with	עָשָׂה-אַהֲבָה
lie with	הִזְדַּיֵּן
lie with	יָדַע
lie with	שָׁכַב-עִם
bed	עָשָׂה-אַהֲבָה
bed	הִזְדַּיֵּן
bed	יָדַע
bed	שָׁכַב-עִם
have a go at it	עָשָׂה-אַהֲבָה
have a go at it	הִזְדַּיֵּן
have a go at it	יָדַע
have a go at it	שָׁכַב-עִם
bang	עָשָׂה-אַהֲבָה
bang	הִזְדַּיֵּן
bang	יָדַע
bang	שָׁכַב-עִם
get it on	עָשָׂה-אַהֲבָה
get it on	הִזְדַּיֵּן
get it on	יָדַע
get it on	שָׁכַב-עִם
bonk	עָשָׂה-אַהֲבָה
bonk	הִזְדַּיֵּן
bonk	יָדַע
bonk	שָׁכַב-עִם
sprawly	!סָרוּחַ
stretched	!פָּשׁוּט
abbreviated	GAP!
brief	GAP!
carp	!קַרְפִּיּוֹן
minnow	!דָּגִיג
Phoxinus phoxinus	!דָּגִיג
clenched	קָמוּץ
clinched	קָמוּץ
missing	חָסֵר
missing	נֶעֱדָר
deafening	מַחֲרִישׁ-אָזְנַיִם
earsplitting	מַחֲרִישׁ-אָזְנַיִם
thunderous	מַחֲרִישׁ-אָזְנַיִם
thundery	מַחֲרִישׁ-אָזְנַיִם
loud-mouthed	!צַעֲקָנִי
little	!קָטָן
small	!קָטָן
orotund	GAP!
rotund	GAP!
round	GAP!
pear-shaped	GAP!
investment	!הַשְׁקָעָה
embryo	!עֻבָּר
conceptus	!עֻבָּר
fertilized egg	!עֻבָּר
fetus	עֻבָּר
foetus	עֻבָּר
hateful	שָׂנוּא
admired	נַעֲרָץ
beloved	!יָקָר
darling	!יָקָר
dear	!יָקָר
favored	אָהוּב
favored	חָבִיב
favorite	אָהוּב
favorite	חָבִיב
favourite	אָהוּב
favourite	חָבִיב
best-loved	אָהוּב
best-loved	חָבִיב
pet	אָהוּב
pet	חָבִיב
preferred	אָהוּב
preferred	חָבִיב
preferent	אָהוּב
preferent	חָבִיב
layer	!שִׁכְבָה
loving	אוֹהֵב
yolk	חֶלְמוֹן
vitellus	חֶלְמוֹן
tusk	חַט
surround	נָסַב
surround	סוֹבֵב
surround	סָבַב
environ	נָסַב
environ	סוֹבֵב
environ	סָבַב
ring	נָסַב
ring	סוֹבֵב
ring	סָבַב
skirt	נָסַב
skirt	סוֹבֵב
skirt	סָבַב
border	נָסַב
border	סוֹבֵב
border	סָבַב
little	GAP!
minuscule	GAP!
small	GAP!
eject	!הוֹצִיא
chuck out	!הוֹצִיא
exclude	!הוֹצִיא
turf out	!הוֹצִיא
boot out	!הוֹצִיא
turn out	!הוֹצִיא
insignificant	קָטָן
peanut	קָטָן
effeminate	!רַכְרוּכִי
emasculate	!רַכְרוּכִי
epicene	!רַכְרוּכִי
cissy	!רַכְרוּכִי
sissified	!רַכְרוּכִי
sissyish	!רַכְרוּכִי
sissy	!רַכְרוּכִי
shark	כָּרִישׁ
divorced	!גָּרוּשׁ
womanly	נָשִׁי
feminine	נָשִׁי
park	!חָנָה
seasonal	עוֹנָתִי
put	שָׂם
set	שָׂם
place	שָׂם
pose	שָׂם
position	שָׂם
lay	שָׂם
maximal	מְרַבִּי
maximal	מַקְסִימָלִי
maximum	מְרַבִּי
maximum	מַקְסִימָלִי
minimal	מִינִימָלִי
minimal	מִזְעָרִי
minimum	מִינִימָלִי
minimum	מִזְעָרִי
borderline	גְּבוּלִי
marginal	גְּבוּלִי
meaningful	מַשְׁמָעוּתִי
mined	כָּרוּי
molten	מֻתָּךְ
liquefied	מֻתָּךְ
liquified	מֻתָּךְ
moderate	מָתוּן
temperate	מָתוּן
main	!עִקָּרִי
military	צְבָאִי
civilian	אֶזְרָחִי
ostrich	יָעֵן
Struthio camelus	יָעֵן
wind	גּוֹלֵל
wind	סוֹבֵב
wind	לִפֵּף
wrap	גּוֹלֵל
wrap	סוֹבֵב
wrap	לִפֵּף
roll	גּוֹלֵל
roll	סוֹבֵב
roll	לִפֵּף
twine	גּוֹלֵל
twine	סוֹבֵב
twine	לִפֵּף
mechanized	מְמֻנָּע
mechanised	מְמֻנָּע
motorized	מְמֻנָּע
function	פָּעַל
function	עָבַד
work	פָּעַל
work	עָבַד
operate	פָּעַל
operate	עָבַד
go	פָּעַל
go	עָבַד
run	פָּעַל
run	עָבַד
metallic	מַתַּכְתִּי
metal	מַתַּכְתִּי
wagtail	נַחֲלִיאֵלִי
transplant	הִשְׁתִּיל
graft	הִשְׁתִּיל
graft	הִרְכִּיב
engraft	הִרְכִּיב
ingraft	הִרְכִּיב
fair	סָבִיר
fairish	סָבִיר
reasonable	סָבִיר
exaggerated	מֻגְזָם
overdone	מֻגְזָם
overstated	מֻגְזָם
excessive	!מֻפְרָז
inordinate	!מֻפְרָז
undue	!מֻפְרָז
unreasonable	!מֻפְרָז
stand	הֵקִים
stand	הֶעֱמִיד
stand up	הֵקִים
stand up	הֶעֱמִיד
place upright	הֵקִים
place upright	הֶעֱמִיד
principled	שֶׁל-עֶקְרוֹנוֹת
many	רַב
many	מָלֵא
many	הַרְבֵּה
numerous	!מְרֻבֶּה
legion	!מְרֻבֶּה
much	!רַב
slit	פָּרַס
motorized	מוֹטוֹרִי
motorised	מוֹטוֹרִי
motorised	מְמֻנָּע
motored	מוֹטוֹרִי
motored	מְמֻנָּע
moved	!נִפְעָם
affected	!נִפְעָם
stirred	!נִפְעָם
touched	!נִפְעָם
fleece	גָּזַז
shear	גָּזַז
international	בֵּין-לְאֻמִּי
international	בֵּינְלְאֻמִּי
global	כְּלַל-עוֹלָמִי
global	גְּלוֹבָּלִי
global	עוֹלָמִי
planetary	כְּלַל-עוֹלָמִי
planetary	גְּלוֹבָּלִי
planetary	עוֹלָמִי
world	כְּלַל-עוֹלָמִי
world	גְּלוֹבָּלִי
world	עוֹלָמִי
worldwide	כְּלַל-עוֹלָמִי
worldwide	גְּלוֹבָּלִי
worldwide	עוֹלָמִי
world-wide	כְּלַל-עוֹלָמִי
world-wide	גְּלוֹבָּלִי
world-wide	עוֹלָמִי
install	הִרְכִּיב
install	הִתְקִין
instal	הִרְכִּיב
instal	הִתְקִין
put in	הִרְכִּיב
put in	הִתְקִין
set up	הִרְכִּיב
set up	הִתְקִין
strangle	חָנַק
strangulate	חָנַק
throttle	חָנַק
decapitate	עָרַף
behead	עָרַף
decollate	עָרַף
conventionalized	!מְסֻגְנָן
conventionalised	!מְסֻגְנָן
stylized	!מְסֻגְנָן
stylised	!מְסֻגְנָן
starling	זַרְזִיר
raven	עוֹרֵב-שָׁחֹר
Corvus corax	עוֹרֵב-שָׁחֹר
essential	חִיּוּנִי
indispensable	חִיּוּנִי
unnecessary	מְיֻתָּר
unneeded	מְיֻתָּר
pleasant	!נָעִים
dirty	מְלֻכְלָךְ
filthy	מְלֻכְלָךְ
lousy	מְלֻכְלָךְ
hateful	!שָׂנוּא
mean	!שָׂנוּא
creeper	!מְטַפֵּס
tree creeper	!מְטַפֵּס
solder	הִלְחִים
typical	!טִפּוּסִי
defective	לָקוּי
exceptional	חָרִיג
hawk	נֵץ
grey	GAP!
gray	GAP!
noticed	מֻרְגָּשׁ
ignored	!מֻזְנָח
neglected	!מֻזְנָח
unheeded	!מֻזְנָח
sensed	!מֻרְגָּשׁ
perceived	!מֻרְגָּשׁ
Circus	!קִרְקָס
genus Circus	!קִרְקָס
falcon	בַּז
dribble	טִפְטֵף
drip	טִפְטֵף
drop	טִפְטֵף
obedient	צַיְתָן
hobby	בַּז-עֵצִים
Falco subbuteo	בַּז-עֵצִים
young bird	גּוֹזָל
impersonal	!סְתָמִי
neutral	!סְתָמִי
duty-bound	מְצֻוֶּה
obliged	מְצֻוֶּה
owl	יַנְשׁוּף
bird of Minerva	יַנְשׁוּף
bird of night	יַנְשׁוּף
hooter	יַנְשׁוּף
choked	!חָנוּק
clogged	!חָנוּק
disgusting	מַגְעִיל
disgustful	מַגְעִיל
distasteful	מַגְעִיל
foul	מַגְעִיל
loathly	מַגְעִיל
loathsome	מַגְעִיל
repellent	מַגְעִיל
repellant	מַגְעִיל
repelling	מַגְעִיל
revolting	מַגְעִיל
skanky	מַגְעִיל
wicked	מַגְעִיל
yucky	מַגְעִיל
think up	חָשַׁב
think of	חָשַׁב
dream up	חָשַׁב
hatch	חָשַׁב
concoct	חָשַׁב
antediluvian	אַרְכָאִי
antediluvian	מִלִּפְנֵי-הַמַּבּוּל
antiquated	אַרְכָאִי
antiquated	מִלִּפְנֵי-הַמַּבּוּל
archaic	אַרְכָאִי
archaic	מִלִּפְנֵי-הַמַּבּוּל
aged	וָתִיק
elderly	וָתִיק
older	וָתִיק
senior	וָתִיק
cause	גָּרַם
do	גָּרַם
make	גָּרַם
grey-haired	GAP!
gray-haired	GAP!
grey-headed	GAP!
gray-headed	GAP!
grizzly	GAP!
hoar	GAP!
hoary	GAP!
white-haired	GAP!
immature	צָעִיר
establish	הֵקִים
found	הֵקִים
plant	הֵקִים
constitute	הֵקִים
institute	הֵקִים
junior	!זוּטָר
youthful	!צָעִיר
vernal	!צָעִיר
start up	!נִכְנַס
start up	!הִתְחִיל
embark on	!נִכְנַס
embark on	!הִתְחִיל
off	מְבֻטָּל
cancelled	מְבֻטָּל
agape	!פָּעוּר
gaping	!פָּעוּר
rebuild	!קוֹמֵם
reconstruct	!קוֹמֵם
assemble	הִרְכִּיב
piece	הִרְכִּיב
put together	הִרְכִּיב
tack	הִרְכִּיב
tack together	הִרְכִּיב
besieged	נָצוּר
besieged	מְכֻתָּר
jumble	עִרְבֵּב
confuse	עִרְבֵּב
mix up	עִרְבֵּב
included	כָּלוּל
surrounded	מֻקָּף
surrounded	מְכֻתָּר
encircled	מֻקָּף
encircled	מְכֻתָּר
tanned	GAP!
raise	הֵקִים
erect	הֵקִים
rear	הֵקִים
set up	הֵקִים
put up	הֵקִים
opposed	מְנֻגָּד
opposed	!מְנֻגָּד
turtle	צַב-יָם
sequent	!רָצוּף
sequential	!רָצוּף
serial	!רָצוּף
successive	!רָצוּף
methodical	מֶתוֹדִי
methodical	שִׁיטָתִי
tortoise	צָב
everyday	רוּטִינִי
everyday	שִׁגְרָתִי
mundane	רוּטִינִי
mundane	שִׁגְרָתִי
quotidian	רוּטִינִי
quotidian	שִׁגְרָתִי
routine	רוּטִינִי
routine	שִׁגְרָתִי
unremarkable	רוּטִינִי
unremarkable	שִׁגְרָתִי
workaday	רוּטִינִי
workaday	שִׁגְרָתִי
lizard	לְטָאָה
braid	קָלַע
lace	קָלַע
plait	קָלַע
fantastic	נֶהְדָּר
fantastic	גָּדוֹל
fantastic	פַנְטַסְטִי
fantastic	עוֹלָמִי
fantastic	נִפְלָא
grand	נֶהְדָּר
grand	גָּדוֹל
grand	פַנְטַסְטִי
grand	עוֹלָמִי
grand	נִפְלָא
howling	נֶהְדָּר
howling	גָּדוֹל
howling	פַנְטַסְטִי
howling	עוֹלָמִי
howling	נִפְלָא
marvelous	נֶהְדָּר
marvelous	גָּדוֹל
marvelous	פַנְטַסְטִי
marvelous	עוֹלָמִי
marvelous	נִפְלָא
marvellous	נֶהְדָּר
marvellous	גָּדוֹל
marvellous	פַנְטַסְטִי
marvellous	עוֹלָמִי
marvellous	נִפְלָא
rattling	נֶהְדָּר
rattling	גָּדוֹל
rattling	פַנְטַסְטִי
rattling	עוֹלָמִי
rattling	נִפְלָא
terrific	נֶהְדָּר
terrific	גָּדוֹל
terrific	פַנְטַסְטִי
terrific	עוֹלָמִי
terrific	נִפְלָא
tremendous	נֶהְדָּר
tremendous	גָּדוֹל
tremendous	פַנְטַסְטִי
tremendous	עוֹלָמִי
tremendous	נִפְלָא
wonderful	נֶהְדָּר
wonderful	גָּדוֹל
wonderful	פַנְטַסְטִי
wonderful	עוֹלָמִי
wonderful	נִפְלָא
wondrous	נֶהְדָּר
wondrous	גָּדוֹל
wondrous	פַנְטַסְטִי
wondrous	עוֹלָמִי
wondrous	נִפְלָא
trim	GAP!
garnish	GAP!
dress	GAP!
smelt	הִתִּיךְ
gloss	לִטֵּשׁ
gloss	הִבְרִיק
banal	!נָדוֹשׁ
commonplace	!נָדוֹשׁ
hackneyed	!נָדוֹשׁ
old-hat	!נָדוֹשׁ
shopworn	!נָדוֹשׁ
stock	!נָדוֹשׁ
threadbare	!נָדוֹשׁ
timeworn	!נָדוֹשׁ
tired	!נָדוֹשׁ
trite	!נָדוֹשׁ
well-worn	!נָדוֹשׁ
bromidic	!נָדוֹשׁ
corny	!נָדוֹשׁ
platitudinal	!נָדוֹשׁ
platitudinous	!נָדוֹשׁ
traditional	!מָסָרְתִּי
crocodile	קְרוֹקוֹדִיל
crocodile	תִּמְסָח
crocodile	תַּנִּין
tiled	!מְרֻצָּף
write	חִבֵּר
compose	כָּתַב
compose	חִבֵּר
pen	כָּתַב
pen	חִבֵּר
indite	כָּתַב
indite	חִבֵּר
roofed	מְקֹרֶה
author	!כָּתַב
compose	הִלְחִין
write	הִלְחִין
complimentary	חָפְשִׁי
complimentary	חִנָּם
costless	חָפְשִׁי
costless	חִנָּם
free	חָפְשִׁי
free	חִנָּם
gratis	חָפְשִׁי
gratis	חִנָּם
gratuitous	חָפְשִׁי
gratuitous	חִנָּם
sensitive	!רָגִישׁ
sore	!רָגִישׁ
raw	!רָגִישׁ
tender	!רָגִישׁ
whitewashed	מְסֻיָּד
described	מְתֹאָר
rehearse	חָזַר
practise	חָזַר
practice	חָזַר
snake	נָחָשׁ
serpent	נָחָשׁ
ophidian	נָחָשׁ
past	שֶׁעָבַר
improvise	אִלְתֵּר
improvize	אִלְתֵּר
ad-lib	אִלְתֵּר
extemporize	אִלְתֵּר
extemporise	אִלְתֵּר
former	קוֹדֵם
late	קוֹדֵם
present	!נוֹכְחִי
inst	!מִיָּדִי
motherly	אִמָּהִי
patient	!סַבְלָנִי
patient	סַבְלָנִי
diligent	מַתְמִיד
persevering	מַתְמִיד
photocopy	צִלֵּם
run off	צִלֵּם
xerox	צִלֵּם
paved	סָלוּל
harrow	שִׂדֵּד
disk	שִׂדֵּד
hoe	עָדַר
write	פִּרְסֵם
print	פִּרְסֵם
understanding	מֵבִין
program	תִּכְנֵת
programme	תִּכְנֵת
cobra	קוֹבְּרָה
viper	צֶפַע
defective	פָּגוּם
faulty	פָּגוּם
perishable	!מִתְכַּלֶּה
ageless	!נִצְחִי
aeonian	!נִצְחִי
eonian	!נִצְחִי
eternal	!נִצְחִי
everlasting	!נִצְחִי
perpetual	!נִצְחִי
unending	!נִצְחִי
unceasing	!נִצְחִי
impermanent	זְמַנִּי
temporary	זְמַנִּי
ephemeral	עוֹבֵר
ephemeral	בַּר-חֲלוֹף
ephemeral	בֶּן-חֲלוֹף
ephemeral	קִיקְיוֹנִי
ephemeral	חוֹלֵף
passing	עוֹבֵר
passing	בַּר-חֲלוֹף
passing	בֶּן-חֲלוֹף
passing	קִיקְיוֹנִי
passing	חוֹלֵף
short-lived	עוֹבֵר
short-lived	בַּר-חֲלוֹף
short-lived	בֶּן-חֲלוֹף
short-lived	קִיקְיוֹנִי
short-lived	חוֹלֵף
transient	עוֹבֵר
transient	בַּר-חֲלוֹף
transient	בֶּן-חֲלוֹף
transient	קִיקְיוֹנִי
transient	חוֹלֵף
transitory	עוֹבֵר
transitory	בַּר-חֲלוֹף
transitory	בֶּן-חֲלוֹף
transitory	קִיקְיוֹנִי
transitory	חוֹלֵף
fugacious	עוֹבֵר
fugacious	בַּר-חֲלוֹף
fugacious	בֶּן-חֲלוֹף
fugacious	קִיקְיוֹנִי
fugacious	חוֹלֵף
improvised	מְאֻלְתָּר
improvised	אִימְפְּרוֹבִיזוֹרִי
jury-rigged	מְאֻלְתָּר
jury-rigged	אִימְפְּרוֹבִיזוֹרִי
makeshift	מְאֻלְתָּר
makeshift	אִימְפְּרוֹבִיזוֹרִי
interim	!בֵּינַיִם
arouse	הֶעֱלָה
arouse	עוֹרֵר
elicit	הֶעֱלָה
elicit	עוֹרֵר
enkindle	הֶעֱלָה
enkindle	עוֹרֵר
kindle	הֶעֱלָה
kindle	עוֹרֵר
evoke	הֶעֱלָה
evoke	עוֹרֵר
fire	הֶעֱלָה
fire	עוֹרֵר
raise	עוֹרֵר
provoke	הֶעֱלָה
provoke	עוֹרֵר
forbidden	אָסוּר
out	אָסוּר
prohibited	אָסוּר
proscribed	אָסוּר
taboo	אָסוּר
tabu	אָסוּר
verboten	אָסוּר
allowable	מֻתָּר
permissive	מַתִּירָנִי
permissive	!מַתִּירָנִי
frustrating	!מְתַסְכֵּל
frustrative	!מְתַסְכֵּל
thwarting	!מְתַסְכֵּל
individual	!פְּרָטִי
private	!פְּרָטִי
impersonal	אִימְפֶּרְסוֹנָלִי
scorpion	עַקְרָב
permeable	חָדִיר
impervious	בִּלְתִּי-חָדִיר
imperviable	בִּלְתִּי-חָדִיר
proof	חָסִין
contemn	זִלְזֵל
contemn	בָּז
despise	זִלְזֵל
despise	בָּז
scorn	זִלְזֵל
scorn	בָּז
disdain	זִלְזֵל
disdain	בָּז
striped	מְפֻסְפָּס
stripy	מְפֻסְפָּס
chicken	GAP!
Gallus gallus	GAP!
cock	גֶּבֶר
cock	תַּרְנְגוֹל
rooster	גֶּבֶר
rooster	תַּרְנְגוֹל
hen	תַּרְנְגֹלֶת
biddy	תַּרְנְגֹלֶת
homely	!פָּשׁוּט
disappoint	אִכְזֵב
let down	אִכְזֵב
beautiful	GAP!
pleased	!מְרֻצֶּה
amused	מְשֻׁעְשָׁע
amused	מְשָׁעֳשָׁע
amused	מְבֻדָּר
diverted	מְשֻׁעְשָׁע
diverted	מְשָׁעֳשָׁע
diverted	מְבֻדָּר
entertained	מְשֻׁעְשָׁע
entertained	מְשָׁעֳשָׁע
entertained	מְבֻדָּר
bucked up	מְעוֹדָד
encouraged	מְעוֹדָד
ache	!כָּמַהּ
yearn	!כָּמַהּ
yen	!כָּמַהּ
pine	!כָּמַהּ
languish	!כָּמַהּ
peacock	!טַוָּס
quail	שְׂלָו
Greek partridge	GAP!
rock partridge	GAP!
Alectoris graeca	GAP!
overwhelm	הִשְׁתַּלֵּט
overwhelm	הֵצִיף
overpower	הִשְׁתַּלֵּט
overpower	הֵצִיף
sweep over	הִשְׁתַּלֵּט
sweep over	הֵצִיף
whelm	הִשְׁתַּלֵּט
whelm	הֵצִיף
overcome	הִשְׁתַּלֵּט
overcome	הֵצִיף
overtake	הִשְׁתַּלֵּט
overtake	הֵצִיף
despair	!הִתְיָאֵשׁ
pigeon	יוֹנָה
political	!פּוֹלִיטִי
favorite	GAP!
favourite	GAP!
positive	חִיּוּבִי
affirmative	פּוֹזִיטִיבִי
optimistic	פּוֹזִיטִיבִי
constructive	בּוֹנֶה
constructive	קוֹנְסְטְרוּקְטִיבִי
negative	שְׁלִילִי
antagonistic	נֶגְדִּי
counter	נֶגְדִּי
neutral	נֵיטְרָלִי
viewless	חֲסַר-דֵּעָה
intimidate	!הִפְחִיד
restrain	!הִפְחִיד
minus	מִינוּס
interest	עִנְיֵן
interest	סִקְרֵן
mighty	רַב-עָצְמָה
mighty	עַז
mighty	אַדִּיר
covet	חָמַד
kingfisher	שַׁלְדָּג
hanker	!כָּמַהּ
long	!כָּמַהּ
hoopoe	!דּוּכִיפַת
hoopoo	!דּוּכִיפַת
influential	רַב-הַשְׁפָּעָה
influential	חָשׁוּב
seeded	זָרוּעַ
sown	זָרוּעַ
plowed	חָרוּשׁ
ploughed	חָרוּשׁ
stand still	עָמַד
retarded	מְפַגֵּר
voyage	!נִוֵּט
sail	!נִוֵּט
navigate	!נִוֵּט
approach	קָרַב
approach	בָּא
come near	קָרַב
come near	בָּא
move	הֵזִיז
displace	הֵזִיז
center	!מִרְכֵּז
centre	!מִרְכֵּז
gander	אֲוָז
fundamental	יְסוֹדִי
rudimentary	יְסוֹדִי
underlying	יְסוֹדִי
swan	בַּרְבּוּר
stop	נֶעֱמַד
stop	עָמַד-מִלֶּכֶת
stop	עָמַד
stop	עָצַר
stop	נֶעֱצַר
halt	נֶעֱמַד
halt	עָמַד-מִלֶּכֶת
halt	עָמַד
halt	עָצַר
halt	נֶעֱצַר
public	צִבּוּרִי
exclusive	אֶקְסְקְלוּסִיבִי
alone	!יָחִיד
only	!יָחִיד
deprived	!מְשֻׁלָּל
deprived	!מְקֻפָּח
disadvantaged	!מְשֻׁלָּל
disadvantaged	!מְקֻפָּח
roll over	הִתְהַפֵּךְ
flicker	רָטַט
flicker	רִצֵּד
waver	רָטַט
waver	רִצֵּד
flitter	רָטַט
flitter	רִצֵּד
flutter	רָטַט
flutter	רִצֵּד
quiver	רָטַט
quiver	רִצֵּד
becoming	יָאֶה
comely	יָאֶה
comme il faut	יָאֶה
decent	יָאֶה
decorous	יָאֶה
seemly	יָאֶה
swing around	נָסַב
swing around	הִסְתּוֹבֵב
swing around	סָבַב
swing about	נָסַב
swing about	הִסְתּוֹבֵב
swing about	סָבַב
turn around	נָסַב
turn around	הִסְתּוֹבֵב
turn around	סָבַב
roll	שׁוֹטֵט
roll	סָבַב
roll	הִסְתּוֹבֵב
wander	שׁוֹטֵט
wander	סָבַב
wander	סוֹבֵב
wander	הִסְתּוֹבֵב
swan	שׁוֹטֵט
swan	סָבַב
swan	סוֹבֵב
swan	הִסְתּוֹבֵב
stray	שׁוֹטֵט
stray	סָבַב
stray	סוֹבֵב
stray	הִסְתּוֹבֵב
tramp	שׁוֹטֵט
tramp	סָבַב
tramp	סוֹבֵב
tramp	הִסְתּוֹבֵב
roam	שׁוֹטֵט
roam	סָבַב
roam	סוֹבֵב
roam	הִסְתּוֹבֵב
cast	שׁוֹטֵט
cast	סָבַב
cast	סוֹבֵב
cast	הִסְתּוֹבֵב
ramble	שׁוֹטֵט
ramble	סָבַב
ramble	סוֹבֵב
ramble	הִסְתּוֹבֵב
rove	שׁוֹטֵט
rove	סָבַב
rove	סוֹבֵב
rove	הִסְתּוֹבֵב
range	שׁוֹטֵט
range	סָבַב
range	סוֹבֵב
range	הִסְתּוֹבֵב
drift	שׁוֹטֵט
drift	סָבַב
drift	סוֹבֵב
drift	הִסְתּוֹבֵב
vagabond	שׁוֹטֵט
vagabond	סָבַב
vagabond	סוֹבֵב
vagabond	הִסְתּוֹבֵב
prophetic	נְבוּאִי
prophetical	נְבוּאִי
weave	!הִתְפַּתֵּל
wind	!הִתְפַּתֵּל
thread	!הִתְפַּתֵּל
meander	!הִתְפַּתֵּל
wander	!הִתְפַּתֵּל
bastioned	מְבֻצָּר
fortified	מְבֻצָּר
crawl	זָחַל
creep	זָחַל
open	חָשׂוּף
glide	!דָּאָה
tremble	!רָעַד
proud	גֵּאֶה
proud	גֵּא
disdainful	!יָהִיר
haughty	!יָהִיר
imperious	!יָהִיר
lordly	!יָהִיר
overbearing	!יָהִיר
prideful	!יָהִיר
sniffy	!יָהִיר
supercilious	!יָהִיר
swaggering	!יָהִיר
conceited	גַּאַוְתָן
egotistic	גַּאַוְתָן
egotistical	גַּאַוְתָן
self-conceited	גַּאַוְתָן
swollen	גַּאַוְתָן
swollen-headed	גַּאַוְתָן
vain	גַּאַוְתָן
proud of	!מְרֻצֶּה
down	מוֹךְ
down	פּוּךְ
down feather	מוֹךְ
down feather	פּוּךְ
agitative	!קַנְטְרָן
agitating	!קַנְטְרָן
provoking	!קַנְטְרָן
wag	כִּשְׁכֵּשׁ
waggle	כִּשְׁכֵּשׁ
fur	!פַּרְוָה
wool	צֶמֶר
fleece	צֶמֶר
mane	רַעֲמָה
punitive	GAP!
punitory	GAP!
purebred	גִּזְעִי
pedigree	GAP!
pedigreed	GAP!
pureblood	GAP!
pureblooded	GAP!
thoroughbred	GAP!
turn	הִסְתּוֹבֵב
adulterate	!מָהוּל
adulterated	!מָהוּל
debased	!מָהוּל
overturn	הִתְהַפֵּךְ
turn over	הִתְהַפֵּךְ
tip over	הִתְהַפֵּךְ
tump over	הִתְהַפֵּךְ
overturn	הָפַךְ
tip over	הָפַךְ
turn over	הָפַךְ
upset	הָפַךְ
knock over	הָפַךְ
bowl over	הָפַךְ
tump over	הָפַךְ
perambulate	!הִלֵּךְ
walk about	!הִלֵּךְ
walk around	!הִלֵּךְ
limp	צָלַע
gimp	צָלַע
hobble	צָלַע
hitch	צָלַע
for sure	בָּטוּחַ
noisy	!רַעֲשָׁן
hike	!צָעַד
parade	!צָעַד
exhibit	!צָעַד
march	!צָעַד
reasonable	שָׁקוּל
sane	שָׁקוּל
racial	גִּזְעִי
racist	גִּזְעָנִי
step	צָעַד
drive	!נָהַג
motor	!נָהַג
drive	נָהַג
park	הֶחְנָה
park	חָנָה
fabled	אַגָּדִי
fabled	אַגָּדָתִי
legendary	אַגָּדִי
fabricated	בָּדוּי
fabricated	מֻמְצָא
fancied	בָּדוּי
fancied	מֻמְצָא
fictional	בָּדוּי
fictional	מֻמְצָא
fictitious	בָּדוּי
fictitious	מֻמְצָא
ski	גָּלַשׁ
hardheaded	פְּרַגְמָטִי
hardheaded	מַעֲשִׂי
hardheaded	פְּרַקְטִי
hard-nosed	פְּרַגְמָטִי
hard-nosed	מַעֲשִׂי
hard-nosed	פְּרַקְטִי
practical	פְּרַגְמָטִי
practical	מַעֲשִׂי
practical	פְּרַקְטִי
pragmatic	פְּרַגְמָטִי
pragmatic	מַעֲשִׂי
pragmatic	פְּרַקְטִי
living	חַי
reasonable	!סָבִיר
sensible	!סָבִיר
tenable	!מְבֻסָּס
well-founded	!מְבֻסָּס
row	חָתַר
civilized	מְתֻרְבָּת
civilized	תַּרְבּוּתִי
civilised	מְתֻרְבָּת
civilised	תַּרְבּוּתִי
cultivated	מְתֻרְבָּת
cultivated	תַּרְבּוּתִי
cultured	מְתֻרְבָּת
cultured	תַּרְבּוּתִי
genteel	מְתֻרְבָּת
genteel	תַּרְבּוּתִי
polite	מְתֻרְבָּת
polite	תַּרְבּוּתִי
unrefined	גָּלְמִי
unprocessed	גָּלְמִי
bandaged	חָבוּשׁ
bound	חָבוּשׁ
ride	רָכַב
sit	רָכַב
gallop	!דָּהַר
swim	שָׂחָה
unvarying	אָחִיד
avalanche	הִדַּרְדֵּר
roll down	הִדַּרְדֵּר
chute	צָנַח
parachute	צָנַח
jump	צָנַח
nightly	!לֵילִי
weekly	שְׁבוּעִי
hebdomadal	שְׁבוּעִי
hebdomadary	שְׁבוּעִי
annual	שְׁנָתִי
yearly	שְׁנָתִי
ascend	עָלָה
move up	עָלָה
descend	יָרַד
go down	יָרַד
come down	יָרַד
craw	זֶפֶק
crop	זֶפֶק
raise	הֵרִים
lift	הֶעֱלָה
lift	הֵרִים
elevate	הֶעֱלָה
elevate	הֵרִים
get up	הֶעֱלָה
get up	הֵרִים
bring up	הֵרִים
gizzard	קֻרְקְבָן
ventriculus	קֻרְקְבָן
gastric mill	קֻרְקְבָן
hike up	!צָעַד
boost	!צָעַד
extraneous	!חָצוּף
immaterial	!חָצוּף
orthogonal	!חָצוּף
alight	!יָרַד
climb down	!יָרַד
light	!יָרַד
perch	!יָרַד
ill-famed	יָדוּעַ-לְשִׁמְצָה
infamous	יָדוּעַ-לְשִׁמְצָה
notorious	יָדוּעַ-לְשִׁמְצָה
position	מִקֵּם
space	!רִוֵּחַ
surface	עָלָה
come up	עָלָה
rise up	עָלָה
discouraged	!מְתֻסְכָּל
pass on	הִתְקַדֵּם
move on	הִתְקַדֵּם
march on	הִתְקַדֵּם
go on	הִתְקַדֵּם
insolent	!חָצוּף
snotty-nosed	!חָצוּף
flip	!חָצוּף
limp	!צָלַע
precede	הִקְדִּים
lead	הִקְדִּים
extravagant	!מֻפְרָז
exuberant	!מֻפְרָז
overweening	!מֻפְרָז
stork	חֲסִידָה
hound	!צָד
hunt	!צָד
trace	!צָד
arrive	!הוֹפִיעַ
get	!הוֹפִיעַ
come	!הוֹפִיעַ
heron	אֲנָפָה
crane	כְּרוּכְיָה
crane	עָגוּר
renewed	מְחֻדָּשׁ
enter	נִכְנַס
come in	נִכְנַס
get into	נִכְנַס
get in	נִכְנַס
go into	נִכְנַס
go in	נִכְנַס
move into	נִכְנַס
stylistic	סִגְנוֹנִי
mass	צָבָא
leftist	שְׂמֹאלָנִי
left-of-center	שְׂמֹאלָנִי
left-wing	שְׂמֹאלָנִי
ethical	אֶתִי
ethical	מוּסָרִי
honorable	אֶתִי
honorable	מוּסָרִי
honourable	אֶתִי
honourable	מוּסָרִי
misguided	!מֻטְעֶה
mistaken	!מֻטְעֶה
gull	שַׁחַף
seagull	שַׁחַף
sea gull	שַׁחַף
circle	הִסְתּוֹבֵב
circulate	הִסְתּוֹבֵב
domed	!קָמוּר
domed	!מְקֻמָּר
vaulted	!קָמוּר
vaulted	!מְקֻמָּר
travel by	חָלַף
pass by	חָלַף
surpass	חָלַף
go past	חָלַף
go by	חָלַף
pass	חָלַף
approach	הִתְקָרֵב
near	קָרַב
near	הִתְקָרֵב
come on	קָרַב
come on	הִתְקָרֵב
go up	קָרַב
go up	הִתְקָרֵב
draw near	קָרַב
draw near	הִתְקָרֵב
draw close	קָרַב
draw close	הִתְקָרֵב
come near	הִתְקָרֵב
consecrated	מְקֻדָּשׁ
sacred	מְקֻדָּשׁ
sanctified	מְקֻדָּשׁ
dangerous	מְסֻכָּן
unsafe	מְסֻכָּן
hazardous	!מְסֻכָּן
risky	!מְסֻכָּן
wild	!מְסֻכָּן
parlous	!מְסֻכָּן
perilous	!מְסֻכָּן
precarious	!מְסֻכָּן
touch-and-go	!מְסֻכָּן
whale	לִוְיָתָן
fawn	!זָחַל
crawl	!זָחַל
creep	!זָחַל
cringe	!זָחַל
cower	!זָחַל
grovel	!זָחַל
different	אַחֵר
other	אַחֵר
different	שׁוֹנֶה
elapse	חָלַף
lapse	חָלַף
slip by	חָלַף
glide by	חָלַף
slip away	חָלַף
slide by	חָלַף
go along	חָלַף
shake	!יָצָא
shake off	!יָצָא
throw off	!יָצָא
escape from	!יָצָא
brainsick	!מְטֹרָף
crazy	!מְטֹרָף
demented	!מְטֹרָף
disturbed	!מְטֹרָף
mad	!מְטֹרָף
sick	!מְטֹרָף
unbalanced	!מְטֹרָף
unhinged	!מְטֹרָף
flee	!נָס
fly	!נָס
take flight	!נָס
satiate	שָׂבֵעַ
satiated	שָׂבֵעַ
manure	זִבֵּל
muck	זִבֵּל
bitch	כַּלְבָּה
scientific	מַדָּעִי
remove	!הֶעֱבִיר
transfer	!הֶעֱבִיר
sealed	אָטוּם
transfer	הֶחְלִיף
turn	סוֹבֵב
exhibitionistic	!רַאַוְתָנִי
step	דָּרַךְ
tread	דָּרַךְ
step on	!דָּרַךְ
tread on	!דָּרַךְ
turn	סָבַב
insured	מְבֻטָּח
senior	בָּכִיר
junior	זוּטָר
feel	חָשׁ
feel	הִרְגִּישׁ
sense	חָשׁ
sense	הִרְגִּישׁ
joint	!מְשֻׁתָּף
corporate	קוֹלֶקְטִיבִי
corporate	שִׁתּוּפִי
collective	קוֹלֶקְטִיבִי
wolf	זְאֵב
jackal	תַּן
Canis aureus	תַּן
hyena	צָבוֹעַ
hyaena	צָבוֹעַ
fox	שׁוּעָל
earnest	!כֵּן
sincere	!כֵּן
solemn	!כֵּן
grave	חֲמוּר-סֵבֶר
sedate	חֲמוּר-סֵבֶר
sober	חֲמוּר-סֵבֶר
solemn	חֲמוּר-סֵבֶר
airheaded	קַל-דַּעַת
dizzy	קַל-דַּעַת
empty-headed	קַל-דַּעַת
featherbrained	קַל-דַּעַת
giddy	קַל-דַּעַת
light-headed	קַל-דַּעַת
lightheaded	קַל-דַּעַת
silly	קַל-דַּעַת
cat	חָתוּל
true cat	חָתוּל
kitten	חֲתַלְתּוּל
kitty	חֲתַלְתּוּל
reek	הִצְחִין
reek	הִסְרִיחַ
stink	הִצְחִין
stink	הִסְרִיחַ
cougar	אַרְיֵה-הָרִים
cougar	פּוּמָה
puma	אַרְיֵה-הָרִים
puma	פּוּמָה
catamount	אַרְיֵה-הָרִים
catamount	פּוּמָה
mountain lion	אַרְיֵה-הָרִים
mountain lion	פּוּמָה
painter	אַרְיֵה-הָרִים
painter	פּוּמָה
panther	אַרְיֵה-הָרִים
panther	פּוּמָה
Felis concolor	אַרְיֵה-הָרִים
Felis concolor	פּוּמָה
located	מְמֻקָּם
placed	מְמֻקָּם
set	מְמֻקָּם
situated	מְמֻקָּם
lion	אַרְיֵה
lion	מֶלֶךְ-הַחַיּוֹת
king of beasts	אַרְיֵה
king of beasts	מֶלֶךְ-הַחַיּוֹת
Panthera leo	אַרְיֵה
Panthera leo	מֶלֶךְ-הַחַיּוֹת
lioness	לְבִיאָה
tiger	נָמֵר
Panthera tigris	נָמֵר
behold	!שָׁר
lay eyes on	!שָׁר
bear	!דֹּב
mongoose	נְמִיָּה
shapely	חָטוּב
bat	עֲטַלֵּף
chiropteran	עֲטַלֵּף
expose	!הִצִּיג
expose	!הִפְגִּין
exhibit	!הִצִּיג
exhibit	!הִפְגִּין
display	!הִצִּיג
display	!הִפְגִּין
deformed	מְעֻוָּת
distorted	מְעֻוָּת
ill-shapen	מְעֻוָּת
malformed	מְעֻוָּת
misshapen	מְעֻוָּת
uncover	!הִצִּיג
uncover	!גִּלָּה
uncover	!הִפְגִּין
bring out	!הִצִּיג
bring out	!גִּלָּה
bring out	!הִפְגִּין
unveil	!הִצִּיג
unveil	!גִּלָּה
unveil	!הִפְגִּין
reveal	!הִצִּיג
reveal	!גִּלָּה
reveal	!הִפְגִּין
show	!הִצִּיג
demo	!הִצִּיג
present	!הִצִּיג
demonstrate	!הִצִּיג
perfected	!מְשֻׁכְלָל
common	הֲדָדִי
common	מְשֻׁתָּף
mutual	הֲדָדִי
mutual	מְשֻׁתָּף
peruse	!סָקַר
prey	טֶרֶף
quarry	טֶרֶף
exclusive	בִּלְעָדִי
sole	בִּלְעָדִי
shaven	מְגֻלָּח
shaved	מְגֻלָּח
vanish	נֶעֱלַם-מֵהָעַיִן
disappear	נֶעֱלַם-מֵהָעַיִן
go away	נֶעֱלַם-מֵהָעַיִן
shoeless	יָחֵף
belly	גָּחוֹן
flicker	הִבְהֵב
flick	הִבְהֵב
significant	גָּדוֹל
significant	מַשְׁמָעוּתִי
important	גָּדוֹל
important	מַשְׁמָעוּתִי
dim	עִמְעֵם
dip	עִמְעֵם
fundamental	מַהוּתִי
profound	מַהוּתִי
beetle	חִפּוּשִׁית
peep	הֵצִיץ
attend	עָקַב
hang	עָקַב
advert	עָקַב
pay heed	עָקַב
give ear	עָקַב
whine	חָרַק
squeak	חָרַק
screech	חָרַק
creak	חָרַק
screak	חָרַק
skreak	חָרַק
clatter	שִׁקְשֵׁק
clack	שִׁקְשֵׁק
brattle	שִׁקְשֵׁק
scream	!צָרַח
scream	!צָוַח
simplistic	פַּשְׁטָנִי
complex	מֻרְכָּב
complicated	מְסֻבָּךְ
interlacing	!שָׁזוּר
interlinking	!שָׁזוּר
interlocking	!שָׁזוּר
interwoven	!שָׁזוּר
sincere	כֵּן
true	אֲמִתִּי
unfeigned	אֲמִתִּי
hypocritical	צָבוּעַ
hypocritical	הִיפּוֹקְרִיטִי
chatter	!נָקַשׁ
click	!נָקַשׁ
flea	פַּרְעוֹשׁ
spot	!הִבְחִין
recognize	!הִבְחִין
recognise	!הִבְחִין
distinguish	!הִבְחִין
discern	!הִבְחִין
pick out	!הִבְחִין
make out	!הִבְחִין
tell apart	!הִבְחִין
mosquito	יַתּוּשׁ
fourth	רְבִיעִי
4th	רְבִיעִי
quaternary	רְבִיעִי
fifth	חֲמִישִׁי
5th	חֲמִישִׁי
sixth	שִׁשִּׁי
6th	שִׁשִּׁי
seventh	שְׁבִיעִי
7th	שְׁבִיעִי
eighth	שְׁמִינִי
8th	שְׁמִינִי
tenth	עֲשִׂירִי
10th	עֲשִׂירִי
buy	!רָכַשׁ
purchase	!רָכַשׁ
soldier	GAP!
fiftieth	הַחֲמִשִּׁים
50th	הַחֲמִשִּׁים
lease	!שָׂכַר
rent	!שָׂכַר
hire	!שָׂכַר
charter	!שָׂכַר
engage	!שָׂכַר
take	!שָׂכַר
subscribe	חָתַם
subscribe to	חָתַם
take	חָתַם
wasp	צִרְעָה
hornet	!דַּבּוּר
lone	יָחִיד
lone	יְחִידִי
lonesome	יָחִיד
lonesome	יְחִידִי
only	יָחִיד
only	יְחִידִי
sole	יָחִיד
sole	יְחִידִי
solitary	יָחִיד
solitary	יְחִידִי
double	כָּפוּל
dual	כָּפוּל
duple	כָּפוּל
double	!כָּפוּל
dual	!כָּפוּל
twofold	!כָּפוּל
two-fold	!כָּפוּל
treble	!כָּפוּל
threefold	!כָּפוּל
three-fold	!כָּפוּל
ant	נְמָלָה
emmet	נְמָלָה
pismire	נְמָלָה
skilled	מְיֻמָּן
grasshopper	!חָגָב
grasshopper	!חַרְגּוֹל
hopper	!חָגָב
hopper	!חַרְגּוֹל
locust	אַרְבֶּה
embalm	חָנַט
cricket	צְרָצַר
crude	!גַּס
rough	!גַּס
hand down	!מָסַר
pass	הֶעֱבִיר
pass	מָסַר
hand	הֶעֱבִיר
hand	מָסַר
reach	הֶעֱבִיר
reach	מָסַר
pass on	הֶעֱבִיר
pass on	מָסַר
turn over	הֶעֱבִיר
turn over	מָסַר
give	הֶעֱבִיר
give	מָסַר
cockroach	ג'וּק
cockroach	תִּיקָן
cockroach	מַקָּק
roach	ג'וּק
roach	תִּיקָן
roach	מַקָּק
download	הוֹרִיד
upload	טָעַן
allocate	!הִקְצָה
apportion	!הִקְצָה
bug	!גּ'וּק
welcome	קִדֵּם-בִּבְרָכָה
reject	סֵרֵב
pass up	סֵרֵב
turn down	סֵרֵב
crushed	מְרֻסָּק
crushed	טָחוּן
serrate	מְשֻׁנָּן
serrated	מְשֻׁנָּן
saw-toothed	מְשֻׁנָּן
toothed	מְשֻׁנָּן
notched	מְשֻׁנָּן
log in	הִתְחַבֵּר
log on	הִתְחַבֵּר
log-in	הִתְחַבֵּר
prize	!הֶעֱרִיךְ
treasure	!הֶעֱרִיךְ
appreciate	!הֶעֱרִיךְ
cash	פָּדָה
cash in	פָּדָה
exchange	הֶחְלִיף
exchange	הִתְחַלֵּף
interchange	הֶחְלִיף
interchange	הִתְחַלֵּף
trade	!הֶחְלִיף
swap	!הֶחְלִיף
swop	!הֶחְלִיף
switch	!הֶחְלִיף
concrete	!מוּחָשִׁי
debit	חִיֵּב
any	!שׁוּם
whatever	!שׁוּם
whatsoever	!שׁוּם
several	אֲחָדִים
several	מִסְפָּר
several	כַּמָּה
dragonfly	שַׁפִּירִית
darning needle	שַׁפִּירִית
devil's darning needle	שַׁפִּירִית
sewing needle	שַׁפִּירִית
snake feeder	שַׁפִּירִית
snake doctor	שַׁפִּירִית
mosquito hawk	שַׁפִּירִית
skeeter hawk	שַׁפִּירִית
impound	הֶחְרִים
impound	עִקֵּל
impound	חִלֵּט
attach	הֶחְרִים
attach	עִקֵּל
attach	חִלֵּט
sequester	הֶחְרִים
sequester	עִקֵּל
sequester	חִלֵּט
confiscate	הֶחְרִים
confiscate	עִקֵּל
confiscate	חִלֵּט
seize	הֶחְרִים
seize	עִקֵּל
seize	חִלֵּט
dependable	בָּטוּחַ
good	בָּטוּחַ
safe	בָּטוּחַ
secure	בָּטוּחַ
peacock butterfly	!טַוָּס
Inachis io	!טַוָּס
irreverent	!חָצוּף
pert	!חָצוּף
vibrant	חַי
vibrant	שׁוֹפֵעַ-חַיִּים
vivacious	חַי
vivacious	שׁוֹפֵעַ-חַיִּים
store	אִחְסֵן
store	אָגַר
hive away	אִחְסֵן
hive away	אָגַר
lay in	אִחְסֵן
lay in	אָגַר
put in	אִחְסֵן
put in	אָגַר
salt away	אִחְסֵן
salt away	אָגַר
stack away	אִחְסֵן
stack away	אָגַר
stash away	אִחְסֵן
stash away	אָגַר
moth	עָשׁ
fall upon	נִתְקַל
strike	נִתְקַל
come upon	נִתְקַל
light upon	נִתְקַל
chance upon	נִתְקַל
come across	נִתְקַל
chance on	נִתְקַל
happen upon	נִתְקַל
attain	נִתְקַל
discover	נִתְקַל
earn	!הִשְׂתַּכֵּר
garner	!הִשְׂתַּכֵּר
embezzle	מָעַל
defalcate	מָעַל
peculate	מָעַל
misappropriate	מָעַל
malversate	מָעַל
hand over	!הִגִּישׁ
fork over	!הִגִּישׁ
fork out	!הִגִּישׁ
fork up	!הִגִּישׁ
turn in	!הִגִּישׁ
deliver	!הִגִּישׁ
render	!הִגִּישׁ
share	חִלֵּק
divvy up	חִלֵּק
portion out	חִלֵּק
apportion	חִלֵּק
deal	חִלֵּק
offer	הִצִּיעַ
proffer	הִצִּיעַ
full	מָלֵא
replete	מָלֵא
faltering	!כּוֹשֵׁל
roll up	צָבַר
collect	צָבַר
accumulate	צָבַר
pile up	צָבַר
amass	צָבַר
compile	צָבַר
hoard	צָבַר
caterpillar	תּוֹלַעַת
larva	זַחַל
withdraw	מָשַׁךְ
draw	מָשַׁךְ
take out	מָשַׁךְ
draw off	מָשַׁךְ
pupa	גֹּלֶם
chrysalis	!גֹּלֶם
gnarled	מְסֻקָּס
gnarly	מְסֻקָּס
knotted	מְסֻקָּס
knotty	מְסֻקָּס
knobbed	מְסֻקָּס
deprive	הִדִּיר-אוֹתוֹ-מִנְּכָסָיו
deprive	נִשֵּׁל
strip	הִדִּיר-אוֹתוֹ-מִנְּכָסָיו
strip	נִשֵּׁל
divest	הִדִּיר-אוֹתוֹ-מִנְּכָסָיו
divest	נִשֵּׁל
disinherit	נִשֵּׁל
disinherit	הֶעֱבִיר-אוֹתוֹ-מִיְּרֻשָּׁתוֹ
disown	נִשֵּׁל
disown	הֶעֱבִיר-אוֹתוֹ-מִיְּרֻשָּׁתוֹ
coiling	סְפִּירָלִי
coiling	סְלִילִי
coiling	לוּלְיָנִי
helical	סְפִּירָלִי
helical	סְלִילִי
helical	לוּלְיָנִי
spiral	סְפִּירָלִי
spiral	סְלִילִי
spiral	לוּלְיָנִי
spiraling	סְפִּירָלִי
spiraling	סְלִילִי
spiraling	לוּלְיָנִי
volute	סְפִּירָלִי
volute	סְלִילִי
volute	לוּלְיָנִי
voluted	סְפִּירָלִי
voluted	סְלִילִי
voluted	לוּלְיָנִי
whorled	סְפִּירָלִי
whorled	סְלִילִי
whorled	לוּלְיָנִי
turbinate	סְפִּירָלִי
turbinate	סְלִילִי
turbinate	לוּלְיָנִי
involute	גָּלוּל
involute	מְגֻלְגָּל
involute	מְגוֹלָל
rolled	גָּלוּל
rolled	מְגֻלְגָּל
rolled	מְגוֹלָל
reinforced	!מְחֻזָּק
strengthened	!מְחֻזָּק
rabbit	אַרְנָבוֹן
coney	אַרְנָבוֹן
cony	אַרְנָבוֹן
flimsy	!שָׁבִיר
hare	אַרְנֶבֶת
supply	!סִפֵּק
provide	!סִפֵּק
render	!סִפֵּק
furnish	!סִפֵּק
rodent	מְכַרְסֵם
gnawer	מְכַרְסֵם
mouse	עַכְבָּר
successful	מֻצְלָח
successful	טוֹב
defeated	!מְאֻכְזָב
defeated	!מְתֻסְכָּל
disappointed	!מְאֻכְזָב
disappointed	!מְתֻסְכָּל
discomfited	!מְאֻכְזָב
discomfited	!מְתֻסְכָּל
foiled	!מְאֻכְזָב
foiled	!מְתֻסְכָּל
frustrated	!מְאֻכְזָב
frustrated	!מְתֻסְכָּל
thwarted	!מְאֻכְזָב
thwarted	!מְתֻסְכָּל
humble	!עָנָו
low	!עָנָו
lowly	!עָנָו
modest	!עָנָו
small	!עָנָו
appoint	GAP!
armor	שִׁרְיֵן
armour	שִׁרְיֵן
upholster	!רִפֵּד
prosper	!שִׂגְשֵׂג
fly high	!שִׂגְשֵׂג
hamster	אוֹגֵר
excellent	מְצֻיָּן
excellent	מְעֻלֶּה
first-class	מְצֻיָּן
first-class	מְעֻלֶּה
fantabulous	מְצֻיָּן
fantabulous	מְעֻלֶּה
splendid	מְצֻיָּן
splendid	מְעֻלֶּה
import	יִבֵּא
export	יִצֵּא
deplorable	עָלוּב
execrable	עָלוּב
miserable	עָלוּב
woeful	עָלוּב
wretched	עָלוּב
hospitalize	אִשְׁפֵּז
hospitalise	אִשְׁפֵּז
mortgage	מִשְׁכֵּן
mortgage	שִׁעְבֵּד
jerboa	יַרְבּוּעַ
squirrel	סְנָאִי
collateral	מְסַיֵּעַ
confirmative	מְסַיֵּעַ
confirming	מְסַיֵּעַ
confirmatory	מְסַיֵּעַ
corroborative	מְסַיֵּעַ
corroboratory	מְסַיֵּעַ
substantiating	מְסַיֵּעַ
substantiative	מְסַיֵּעַ
validating	מְסַיֵּעַ
validatory	מְסַיֵּעַ
verificatory	מְסַיֵּעַ
verifying	מְסַיֵּעַ
surprised	מֻפְתָּע
surprising	מַפְתִּיעַ
surprising	מַתְמִיהַּ
immunized	מְחֻסָּן
immunised	מְחֻסָּן
vaccinated	מְחֻסָּן
lemony	לִימוֹנִי
lemony	חֲמַצְמַץ
lemonlike	לִימוֹנִי
lemonlike	חֲמַצְמַץ
sourish	לִימוֹנִי
sourish	חֲמַצְמַץ
tangy	לִימוֹנִי
tangy	חֲמַצְמַץ
tart	לִימוֹנִי
tart	חֲמַצְמַץ
make bold	הֵעֵז
dare	הֵעֵז
presume	הֵעֵז
foal	סְיָח
stallion	!שָׁלֵם
synchronic	סִינְכְרוֹנִי
mare	סוּסָה
female horse	סוּסָה
charger	!מַטְעֵן
courser	!מַטְעֵן
short	נְמוּךְ-קוֹמָה
short	נָמוּךְ
little	נְמוּךְ-קוֹמָה
little	נָמוּךְ
mule	פֶּרֶד
hobnob	הִסְתּוֹבֵב
rhinoceros	קַרְנָף
rhino	קַרְנָף
sow	חֲזִירָה
dainty	!טָעִים
co-opt	!צֵרֵף
upgrade	קִדֵּם
advance	קִדֵּם
kick upstairs	קִדֵּם
raise	קִדֵּם
elevate	קִדֵּם
salty	מָלוּחַ
moderate	!מָתוּן
restrained	!מָתוּן
cattle	בָּקָר
cows	בָּקָר
kine	בָּקָר
oxen	בָּקָר
Bos taurus	בָּקָר
heifer	עֶגְלָה
depose	!הִדִּיחַ
force out	!הִדִּיחַ
supplant	הֶחְלִיף
replace	הֶחְלִיף
supersede	הֶחְלִיף
supervene upon	הֶחְלִיף
supercede	הֶחְלִיף
edgy	עַצְבָּנִי
high-strung	עַצְבָּנִי
highly strung	עַצְבָּנִי
jittery	עַצְבָּנִי
jumpy	עַצְבָּנִי
nervy	עַצְבָּנִי
overstrung	עַצְבָּנִי
restive	עַצְבָּנִי
uptight	עַצְבָּנִי
electric	טָעוּן
bison	בִּיזוֹן
sheep	כֶּבֶשׂ
ewe	כִּבְשָׂה
work at	עָבַד-עַל
work on	עָבַד-עַל
collaborate	חָבַר
collaborate	שִׁתֵּף-פְּעֻלָּה
join forces	חָבַר
join forces	שִׁתֵּף-פְּעֻלָּה
cooperate	חָבַר
cooperate	שִׁתֵּף-פְּעֻלָּה
get together	חָבַר
get together	שִׁתֵּף-פְּעֻלָּה
kid	גְּדִי
billy	שְׂעִיר-עִזִּים
billy	תַּיִשׁ
billy	צָפִיר
billy	שָׂעִיר
billy goat	שְׂעִיר-עִזִּים
billy goat	תַּיִשׁ
billy goat	צָפִיר
billy goat	שָׂעִיר
he-goat	שְׂעִיר-עִזִּים
he-goat	תַּיִשׁ
he-goat	צָפִיר
he-goat	שָׂעִיר
nanny	עֵז
nanny-goat	עֵז
she-goat	עֵז
labor	יָגַע
labour	יָגַע
toil	יָגַע
fag	יָגַע
travail	יָגַע
grind	יָגַע
drudge	יָגַע
dig	יָגַע
moil	יָגַע
antelope	!דִּישׁוֹן
tidy	מְסֻדָּר
gazelle	!צְבִיָּה
gazelle	!צְבִי
disheveled	!פָּרוּעַ
dishevelled	!פָּרוּעַ
frowzled	!פָּרוּעַ
rumpled	!פָּרוּעַ
tousled	!פָּרוּעַ
inaugurate	חָנַךְ
restore	!הֶחְזִיר
reinstate	!הֶחְזִיר
reestablish	!הֶחְזִיר
establish	יִסֵּד
set up	יִסֵּד
found	יִסֵּד
launch	יִסֵּד
abolish	בִּטֵּל
get rid of	בִּטֵּל
kempt	GAP!
tidy	GAP!
combed	סָרוּק
combed	מְסֹרָק
fawn	עֹפֶר
hind	אַיָּלָה
administer	!נִהוּל
administrate	!נִהוּל
aweary	יָגֵעַ
weary	יָגֵעַ
exhausted	הָרוּס
exhausted	סָחוּט
exhausted	קָרוּעַ
exhausted	מֻתָּשׁ
exhausted	גָּמוּר
exhausted	הָרוּג
exhausted	רָצוּץ
exhausted	שָׁפוּךְ
dog-tired	הָרוּס
dog-tired	סָחוּט
dog-tired	קָרוּעַ
dog-tired	מֻתָּשׁ
dog-tired	גָּמוּר
dog-tired	הָרוּג
dog-tired	רָצוּץ
dog-tired	שָׁפוּךְ
fagged	הָרוּס
fagged	סָחוּט
fagged	קָרוּעַ
fagged	מֻתָּשׁ
fagged	גָּמוּר
fagged	הָרוּג
fagged	רָצוּץ
fagged	שָׁפוּךְ
fatigued	הָרוּס
fatigued	סָחוּט
fatigued	קָרוּעַ
fatigued	מֻתָּשׁ
fatigued	גָּמוּר
fatigued	הָרוּג
fatigued	רָצוּץ
fatigued	שָׁפוּךְ
played out	הָרוּס
played out	סָחוּט
played out	קָרוּעַ
played out	מֻתָּשׁ
played out	גָּמוּר
played out	הָרוּג
played out	רָצוּץ
played out	שָׁפוּךְ
spent	הָרוּס
spent	סָחוּט
spent	קָרוּעַ
spent	מֻתָּשׁ
spent	גָּמוּר
spent	הָרוּג
spent	רָצוּץ
spent	שָׁפוּךְ
washed-out	הָרוּס
washed-out	סָחוּט
washed-out	קָרוּעַ
washed-out	מֻתָּשׁ
washed-out	גָּמוּר
washed-out	הָרוּג
washed-out	רָצוּץ
washed-out	שָׁפוּךְ
worn-out	הָרוּס
worn-out	סָחוּט
worn-out	קָרוּעַ
worn-out	מֻתָּשׁ
worn-out	גָּמוּר
worn-out	הָרוּג
worn-out	רָצוּץ
worn-out	שָׁפוּךְ
worn out	הָרוּס
worn out	סָחוּט
worn out	קָרוּעַ
worn out	מֻתָּשׁ
worn out	גָּמוּר
worn out	הָרוּג
worn out	רָצוּץ
worn out	שָׁפוּךְ
join	חָבַר
join	הִצְטָרֵף
fall in	חָבַר
fall in	הִצְטָרֵף
get together	הִצְטָרֵף
camel	גָּמָל
giraffe	גִ'ירָף
giraffe	גִ'ירָפָה
camelopard	גִ'ירָף
camelopard	גִ'ירָפָה
Giraffa camelopardalis	גִ'ירָף
Giraffa camelopardalis	גִ'ירָפָה
topmost	הָעֶלְיוֹן
topmost	הַגָּבוֹהַּ-בְּיוֹתֵר
uppermost	הָעֶלְיוֹן
uppermost	הַגָּבוֹהַּ-בְּיוֹתֵר
upmost	הָעֶלְיוֹן
upmost	הַגָּבוֹהַּ-בְּיוֹתֵר
upper	!עֶלְיוֹן
side	מֵהַצַּד
side	צְדָדִי
marten	!דָּלָק
marten cat	!דָּלָק
keep away	!הִתְרַחֵק
keep away	!הִרְחִיק
interfere	!הִתְעָרֵב
get along with	הִסְתַּדֵּר
get on with	הִסְתַּדֵּר
get on	הִסְתַּדֵּר
get along	הִסְתַּדֵּר
actual	אֲמִתִּי
literal	אֲמִתִּי
real	אֲמִתִּי
cynical	צִינִי
misanthropic	צִינִי
misanthropical	צִינִי
stifle	!בֶּרֶךְ
knee	!בֶּרֶךְ
forelimb	גַּפָּה-קִדְמִית
authentic	אָמִין
homo	הָאָדָם
man	הָאָדָם
human being	הָאָדָם
human	הָאָדָם
overhead	עִלִּי
appoint	מִנָּה
charge	מִנָּה
agreed	!מֻסְכָּם
in agreement	!מֻסְכָּם
abrogate	!בִּטֵּל
imprison	אָסַר
imprison	חָבַשׁ
imprison	כָּלָא
incarcerate	אָסַר
incarcerate	חָבַשׁ
incarcerate	כָּלָא
lag	אָסַר
lag	חָבַשׁ
lag	כָּלָא
immure	אָסַר
immure	חָבַשׁ
immure	כָּלָא
put behind bars	אָסַר
put behind bars	חָבַשׁ
put behind bars	כָּלָא
jail	אָסַר
jail	חָבַשׁ
jail	כָּלָא
jug	אָסַר
jug	חָבַשׁ
jug	כָּלָא
gaol	אָסַר
gaol	חָבַשׁ
gaol	כָּלָא
put away	אָסַר
put away	חָבַשׁ
put away	כָּלָא
remand	אָסַר
remand	חָבַשׁ
remand	כָּלָא
expatriate	הִגְלָה
deport	הִגְלָה
exile	הִגְלָה
worthless	אַפְסִי
worthless	חֲסַר-עֵרֶךְ
elephant	פִּיל
coerce	אִלֵּץ
coerce	כָּפָה
coerce	חִיֵּב
hale	אִלֵּץ
hale	כָּפָה
hale	חִיֵּב
squeeze	אִלֵּץ
squeeze	כָּפָה
squeeze	חִיֵּב
pressure	אִלֵּץ
pressure	כָּפָה
pressure	חִיֵּב
force	אִלֵּץ
force	כָּפָה
force	חִיֵּב
ventilated	מְאֻוְרָר
mistreat	הִתְעַלֵּל
maltreat	הִתְעַלֵּל
abuse	הִתְעַלֵּל
ill-use	הִתְעַלֵּל
step	הִתְעַלֵּל
ill-treat	הִתְעַלֵּל
camouflaged	מֻסְוֶה
concealed	!צָפוּן
hidden	!צָפוּן
out of sight	!צָפוּן
behave	!הִתְנַהֵג
comport	!הִתְנַהֵג
voluntary	ווֹלוּנְטָרִי
voluntary	הִתְנַדְּבוּתִי
voluntary	רְצוֹנִי
threatened	!מְאֻיָּם
achieve	!הִשִּׂיג
achieve	!פָּעַל
achieve	!הֵבִיא
accomplish	!הִשִּׂיג
accomplish	!פָּעַל
accomplish	!הֵבִיא
attain	!הִשִּׂיג
attain	!פָּעַל
attain	!הֵבִיא
reach	!הִשִּׂיג
reach	!פָּעַל
reach	!הֵבִיא
air-conditioned	מְמֻזָּג
hearty	לְבָבִי
test	נִסָּה
prove	נִסָּה
try	נִסָּה
try out	נִסָּה
examine	נִסָּה
essay	נִסָּה
intervene	!הִתְעָרֵב
step in	!הִתְעָרֵב
interpose	!הִתְעָרֵב
rear	אָמַן
rear	גִּדֵּל
raise	אָמַן
raise	גִּדֵּל
bring up	אָמַן
bring up	גִּדֵּל
nurture	אָמַן
nurture	גִּדֵּל
parent	אָמַן
parent	גִּדֵּל
welcome	!רָצוּי
grow up	גָּדַל
sabotage	חִבֵּל
undermine	חִבֵּל
countermine	חִבֵּל
counteract	חִבֵּל
subvert	חִבֵּל
weaken	חִבֵּל
dizzy	!מְסֻחְרָר
giddy	!מְסֻחְרָר
woozy	!מְסֻחְרָר
vertiginous	!מְסֻחְרָר
help	הִגִּישׁ-עֶזְרָה
assist	הִגִּישׁ-עֶזְרָה
assist	עָזַר
assist	סִיֵּעַ
aid	הִגִּישׁ-עֶזְרָה
damp	טָחוּב
damp	לַח
damp	לַחְלוּחִי
dampish	טָחוּב
dampish	לַח
dampish	לַחְלוּחִי
moist	טָחוּב
moist	לַח
moist	לַחְלוּחִי
humid	לַח
muggy	הָבִיל
steamy	הָבִיל
sticky	הָבִיל
boost	קִדֵּם
further	קִדֵּם
encourage	קִדֵּם
manual	GAP!
stop	בָּלַם
halt	בָּלַם
block	בָּלַם
block	עָצַר
kibosh	בָּלַם
kibosh	עָצַר
wide	רָחָב
broad	רָחָב
transgress	חָרַג
transgress	הֵפֵר
transgress	עָבַר-עַל
offend	חָרַג
offend	הֵפֵר
offend	עָבַר-עַל
infract	חָרַג
infract	הֵפֵר
infract	עָבַר-עַל
violate	חָרַג
violate	הֵפֵר
violate	עָבַר-עַל
go against	חָרַג
go against	הֵפֵר
go against	עָבַר-עַל
breach	חָרַג
breach	הֵפֵר
breach	עָבַר-עַל
break	חָרַג
break	הֵפֵר
break	עָבַר-עַל
overdo	הִגְזִים
foolish	מְטֻפָּשׁ
foolish	טִפְּשִׁי
victimize	!הוֹנָה
swindle	!הוֹנָה
rook	!הוֹנָה
goldbrick	!הוֹנָה
nobble	!הוֹנָה
diddle	!הוֹנָה
bunco	!הוֹנָה
defraud	!הוֹנָה
scam	!הוֹנָה
mulct	!הוֹנָה
gyp	!הוֹנָה
gip	!הוֹנָה
hornswoggle	!הוֹנָה
short-change	!הוֹנָה
con	!הוֹנָה
wooded	!מְיֹעָר
knitted	סָרוּג
blackmail	!לָחַץ
blackjack	!לָחַץ
pressure	!לָחַץ
eroded	!מְשֻׁפְשָׁף
scoured	!מְשֻׁפְשָׁף
defect	עָרַק
desert	עָרַק
govern	שָׁלַט
rule	שָׁלַט
cope	הִתְמוֹדֵד
get by	הִתְמוֹדֵד
make out	הִתְמוֹדֵד
make do	הִתְמוֹדֵד
grapple	הִתְמוֹדֵד
deal	הִתְמוֹדֵד
manage	הִתְמוֹדֵד
worthwhile	כְּדָאִי
malignant	מַמְאִיר
cancerous	סַרְטָנִי
shelled	!קָלוּף
skinned	!קָלוּף
aesculapian	!רְפוּאִי
end	נִגְמַר
end	הִסְתַּיֵּם
stop	נִגְמַר
stop	הִסְתַּיֵּם
finish	נִגְמַר
finish	הִסְתַּיֵּם
terminate	נִגְמַר
terminate	הִסְתַּיֵּם
cease	נִגְמַר
cease	הִסְתַּיֵּם
work out	הִסְתַּדֵּר
offer	!הֵבִיא
offer up	!הֵבִיא
exist	הִתְקַיֵּם
survive	הִתְקַיֵּם
live	הִתְקַיֵּם
subsist	הִתְקַיֵּם
do	הִסְתַּדֵּר
fare	הִסְתַּדֵּר
make out	הִסְתַּדֵּר
come	הִסְתַּדֵּר
survive	שָׂרַד
last	שָׂרַד
live	שָׂרַד
live on	שָׂרַד
go	שָׂרַד
endure	שָׂרַד
hold up	שָׂרַד
hold out	שָׂרַד
compose	הִרְכִּיב
connect	הִתְאַחֵד
connect	הִתְחַבֵּר
link	הִתְאַחֵד
link	הִתְחַבֵּר
link up	הִתְאַחֵד
link up	הִתְחַבֵּר
join	הִתְאַחֵד
join	הִתְחַבֵּר
unite	הִתְחַבֵּר
become	נִהְיָה
become	הָפַךְ
become	נֶהְפַּךְ
become	נֶהֱפַךְ
turn	נִהְיָה
turn	הָפַךְ
turn	נֶהְפַּךְ
turn	נֶהֱפַךְ
necessitate	הִצְרִיךְ
necessitate	דָּרַשׁ
ask	הִצְרִיךְ
ask	דָּרַשׁ
postulate	הִצְרִיךְ
postulate	דָּרַשׁ
need	הִצְרִיךְ
need	דָּרַשׁ
require	הִצְרִיךְ
require	דָּרַשׁ
take	הִצְרִיךְ
take	דָּרַשׁ
involve	הִצְרִיךְ
involve	דָּרַשׁ
call for	הִצְרִיךְ
call for	דָּרַשׁ
demand	הִצְרִיךְ
demand	דָּרַשׁ
consist	הֵכִיל
comprise	הֵכִיל
hesitate	!הִסֵּס
waver	!הִסֵּס
waffle	!הִסֵּס
pause	!הִסֵּס
venous	וְרִידִי
perpetuate	הִנְצִיחַ
populate	גָּר
populate	יָשַׁב
populate	חַי
populate	שָׁכַן
populate	הִתְגּוֹרֵר
dwell	גָּר
dwell	יָשַׁב
dwell	חַי
dwell	שָׁכַן
dwell	הִתְגּוֹרֵר
live	גָּר
live	יָשַׁב
live	חַי
live	שָׁכַן
live	הִתְגּוֹרֵר
inhabit	גָּר
inhabit	יָשַׁב
inhabit	חַי
inhabit	שָׁכַן
inhabit	הִתְגּוֹרֵר
lodge	אִכְסֵן
accommodate	אִכְסֵן
shelter	!סָכַךְ
suffice	הִסְפִּיק
do	הִסְפִּיק
answer	הִסְפִּיק
serve	הִסְפִּיק
access	דֶּרֶךְ
approach	דֶּרֶךְ
live up to	!סִפֵּק
stink	!הִסְרִיחַ
focus on	הִתְמַקֵּד
focus on	הִתְרַכֵּז
center on	הִתְמַקֵּד
center on	הִתְרַכֵּז
revolve around	הִתְמַקֵּד
revolve around	הִתְרַכֵּז
revolve about	הִתְמַקֵּד
revolve about	הִתְרַכֵּז
concentrate on	הִתְמַקֵּד
concentrate on	הִתְרַכֵּז
center	הִתְמַקֵּד
center	הִתְרַכֵּז
matter to	עִנְיֵן
discontinue	חָדַל
discontinue	פָּסַק
stop	חָדַל
stop	פָּסַק
cease	חָדַל
cease	פָּסַק
cease	הִפְסִיק
give up	חָדַל
give up	פָּסַק
give up	הִפְסִיק
quit	חָדַל
quit	פָּסַק
quit	הִפְסִיק
lay off	חָדַל
lay off	פָּסַק
lay off	הִפְסִיק
discontinue	נִפְסַק
air conditioner	מַזְגָן
air conditioning	מַזְגָן
airplane	מָטוֹס
airplane	אֲוִירוֹן
aeroplane	מָטוֹס
aeroplane	אֲוִירוֹן
plane	מָטוֹס
plane	אֲוִירוֹן
chemical	כִּימִי
chemic	כִּימִי
precede	קָדַם
predate	קָדַם
aisle	מַעֲבָר
gangway	מַעֲבָר
aisle	!מַעֲבָר
civil	אֶזְרָחִי
civic	אֶזְרָחִי
harmonize	!הִסְכִּים
harmonise	!הִסְכִּים
consort	!הִסְכִּים
accord	!הִסְכִּים
concord	!הִסְכִּים
fit in	!הִסְכִּים
agree	!הִסְכִּים
American Stock Exchange	!רֶסֶן
AMEX	!רֶסֶן
Curb	!רֶסֶן
last	!נִמְשַׁךְ
endure	!נִמְשַׁךְ
amplifier	אֶמְפְּלִיפָיֶר
amplifier	מַגְבֵּר
amulet	קָמֵעַ
talisman	קָמֵעַ
anechoic chamber	חֶדֶר-אָקוּסְטִי
forego	קָדַם
forgo	קָדַם
antecede	קָדַם
antedate	קָדַם
stick out	בָּלַט
protrude	בָּלַט
jut out	בָּלַט
jut	בָּלַט
project	בָּלַט
annex	אֲגַף
annexe	אֲגַף
extension	אֲגַף
wing	אֲגַף
anteroom	מְבוֹאָה
antechamber	מְבוֹאָה
entrance hall	מְבוֹאָה
hall	מְבוֹאָה
foyer	מְבוֹאָה
lobby	מְבוֹאָה
vestibule	מְבוֹאָה
tend	!נָטָה
be given	!נָטָה
lean	!נָטָה
incline	!נָטָה
run	!נָטָה
leave	!קִיֵּם
allow for	!קִיֵּם
allow	!קִיֵּם
provide	!קִיֵּם
essential	!מַהוּתִי
apartment	!דִּירָה
flat	!דִּירָה
apartment building	בֵּית-דִּירוֹת
apartment house	בֵּית-דִּירוֹת
persist	!נִשְׁאַר
archive	אַרְכִיב
archive	אַרְכִיּוֹן
archive	גַּנְזַךְ
area	שֶׁטַח
armchair	כֻּרְסָה
army base	בָּסִיס-צְבָאִי
army base	בָּסִיס
army base	מַחֲנֶה
attire	GAP!
garb	GAP!
lunar	יְרֵחִי
drizzle	טִפְטֵף
mizzle	טִפְטֵף
auditorium	GAP!
medical	רְפוּאִי
automaton	רוֹבּוֹט
robot	רוֹבּוֹט
golem	רוֹבּוֹט
awl	מַרְצֵעַ
awning	גַּגּוֹן
awning	סוֹכֵךְ
sunshade	גַּגּוֹן
sunshade	סוֹכֵךְ
sunblind	גַּגּוֹן
sunblind	סוֹכֵךְ
ax	גַּרְזֶן
ax	קַרְדֹּם
axe	גַּרְזֶן
axe	קַרְדֹּם
military	!צְבָאִי
axle	סֶרֶן
axle	צִיר
baby buggy	עֲגָלָה
baby buggy	עֶגְלַת-יְלָדִים
baby buggy	עֶגְלַת-תִּינוֹקוֹת
baby carriage	עֲגָלָה
baby carriage	עֶגְלַת-יְלָדִים
baby carriage	עֶגְלַת-תִּינוֹקוֹת
carriage	עֲגָלָה
carriage	עֶגְלַת-יְלָדִים
carriage	עֶגְלַת-תִּינוֹקוֹת
perambulator	עֲגָלָה
perambulator	עֶגְלַת-יְלָדִים
perambulator	עֶגְלַת-תִּינוֹקוֹת
pram	עֲגָלָה
pram	עֶגְלַת-יְלָדִים
pram	עֶגְלַת-תִּינוֹקוֹת
stroller	עֲגָלָה
stroller	עֶגְלַת-יְלָדִים
stroller	עֶגְלַת-תִּינוֹקוֹת
go-cart	עֲגָלָה
go-cart	עֶגְלַת-יְלָדִים
go-cart	עֶגְלַת-תִּינוֹקוֹת
pushchair	עֲגָלָה
pushchair	עֶגְלַת-יְלָדִים
pushchair	עֶגְלַת-תִּינוֹקוֹת
pusher	עֲגָלָה
pusher	עֶגְלַת-יְלָדִים
pusher	עֶגְלַת-תִּינוֹקוֹת
back	יָד
back	מִשְׁעֶנֶת
backrest	יָד
backrest	מִשְׁעֶנֶת
fume	עִשֵּׁן
back room	אֲחוֹרֵי-הַקְּלָעִים
baggage	מִטְעָן
baggage	מִזְוָד
luggage	מִטְעָן
luggage	מִזְוָד
bakery	מַאֲפִיָּה
bakeshop	מַאֲפִיָּה
bakehouse	מַאֲפִיָּה
balcony	!מִרְפֶּסֶת
balcony	יָצִיעַ
ballroom	אוּלַם-רִקּוּדִים
dance hall	אוּלַם-רִקּוּדִים
dance palace	אוּלַם-רִקּוּדִים
barge	דּוֹבְרָה
flatboat	דּוֹבְרָה
hoy	דּוֹבְרָה
lighter	דּוֹבְרָה
barricade	בָּרִיקָדָה
barricade	מִתְרָס
barroom	בָּר
bar	בָּר
saloon	בָּר
ginmill	בָּר
taproom	בָּר
barrow	מְרִיצָה
garden cart	מְרִיצָה
lawn cart	מְרִיצָה
wheelbarrow	מְרִיצָה
base	כַּן
pedestal	כַּן
stand	כַּן
base	בָּסִיס
base of operations	בָּסִיס
baseball glove	GAP!
glove	GAP!
baseball mitt	GAP!
mitt	GAP!
bastion	!מְצוּדָה
citadel	!מְצוּדָה
bathroom	מִקְלַחַת
bathroom	אַמְבַּטְיָה
bathroom	חֲדַר-אַמְבַּטְיָה
bathroom	חֲדַר-רַחְצָה
bath	מִקְלַחַת
bath	חֲדַר-אַמְבַּטְיָה
bath	חֲדַר-רַחְצָה
bathtub	אַמְבַּטְיָה
bathing tub	אַמְבַּטְיָה
tub	אַמְבַּטְיָה
baton	שַׁרְבִיט
bayonet	כִּידוֹן
beacon	מִגְדָּלוֹר
lighthouse	מִגְדָּלוֹר
beacon light	מִגְדָּלוֹר
pharos	מִגְדָּלוֹר
bedroom	חֲדַר-שֵׁנָה
sleeping room	חֲדַר-שֵׁנָה
sleeping accommodation	חֲדַר-שֵׁנָה
chamber	חֲדַר-שֵׁנָה
bedchamber	חֲדַר-שֵׁנָה
beehive	!כַּוֶּרֶת
hive	!כַּוֶּרֶת
belfry	מִגְדַּל-פַּעֲמוֹנִים
instrumental	כֵּלִי
instrumental	אִינְסְטְרוּמֶנְטָלִי
electric	חַשְׁמַלִּי
electrical	חַשְׁמַלִּי
bend	סִיבוּב
bend	עִקּוּל
bend	פִּתּוּל
curve	סִיבוּב
curve	עִקּוּל
curve	פִּתּוּל
beret	כֻּמְתָּה
beret	בֶּרֶט
billboard	GAP!
hoarding	GAP!
billiard room	חֲדַר-בִּילְיַארְד
billiard saloon	חֲדַר-בִּילְיַארְד
billiard parlor	חֲדַר-בִּילְיַארְד
billiard parlour	חֲדַר-בִּילְיַארְד
billiard hall	חֲדַר-בִּילְיַארְד
vocational	!מִקְצוֹעִי
binoculars	מִשְׁקֶפֶת
field glasses	מִשְׁקֶפֶת
opera glasses	מִשְׁקֶפֶת
birdhouse	שׁוֹבָךְ
bishop	רָץ
blackboard	לוּחַ
chalkboard	לוּחַ
fiscal	פִינַנְסִי
fiscal	כַּסְפִּי
financial	פִינַנְסִי
financial	כַּסְפִּי
blanket	!שְׂמִיכָה
block	בְּלוֹק
bloomers	GAP!
pants	GAP!
drawers	GAP!
knickers	GAP!
blouse	GAP!
boater	כּוֹבַע-קַשׁ
leghorn	כּוֹבַע-קַשׁ
Panama	כּוֹבַע-קַשׁ
Panama hat	כּוֹבַע-קַשׁ
sailor	כּוֹבַע-קַשׁ
skimmer	כּוֹבַע-קַשׁ
straw hat	כּוֹבַע-קַשׁ
bomb	פְּצָצָה
messianic	מְשִׁיחִי
bomb calorimeter	קָלוֹרִימֶטֶר-פְּצָצָה
bomb	קָלוֹרִימֶטֶר-פְּצָצָה
bookmark	סִימָנִיָּה
bookmarker	סִימָנִיָּה
boxing glove	כְּפָפַת-אִגְרוּף
glove	כְּפָפַת-אִגְרוּף
nautical	!יַמִּי
marine	!יַמִּי
brassiere	חֲזִיָּה
bra	חֲזִיָּה
bandeau	חֲזִיָּה
brick	לְבֵנָה
organizational	אִרְגּוּנִי
organisational	אִרְגּוּנִי
bronze	GAP!
broom	מַטְאֲטֵא
bucket	!דְּלִי
pail	!דְּלִי
buffer	!מְלַטֵּשׁ
polisher	!מְלַטֵּשׁ
edifice	בִּנְיָן
bulldozer	!דַּחְפּוֹר
dozer	!דַּחְפּוֹר
bumper	פָּגוֹשׁ
bumper	טַמְבּוֹן
bundle	אֲגֻדָּה
bundle	צְרוֹר
sheaf	אֲגֻדָּה
sheaf	צְרוֹר
bung	!מְגוּפָה
spile	!מְגוּפָה
bunker	בּוּנְקֶר
bunker	מְצָד
dugout	בּוּנְקֶר
dugout	מְצָד
Jewish	יְהוּדִי
Judaic	יְהוּדִי
burial mound	!תֵּל
grave mound	!תֵּל
barrow	!תֵּל
tumulus	!תֵּל
burner	!מַבְעֵר
buttonhole	אִבְקָה
buttonhole	לוּלָאָה
button hole	אִבְקָה
button hole	לוּלָאָה
rabbinical	רַבָּנִי
rabbinic	רַבָּנִי
cake	GAP!
bar	GAP!
calculator	מַחְשֵׁב
calculator	מַחְשְׁבוֹן
calculating machine	מַחְשֵׁב
calculating machine	מַחְשְׁבוֹן
camouflage	!הַסְוָאָה
camp	GAP!
encampment	GAP!
cantonment	GAP!
bivouac	GAP!
can	פַּחִית
tin	פַּחִית
tin can	פַּחִית
candle	נֵר
taper	נֵר
wax light	נֵר
candlestick	פָּמוֹט
candle holder	פָּמוֹט
tactical	טַקְטִי
tactical	תַּכְסִיסִי
Christian	נוֹצְרִי
car	מְכוֹנִית
car	אוֹטוֹ
auto	מְכוֹנִית
auto	אוֹטוֹ
automobile	מְכוֹנִית
automobile	אוֹטוֹ
machine	מְכוֹנִית
machine	אוֹטוֹ
motorcar	מְכוֹנִית
motorcar	אוֹטוֹ
French	גָּאלִי
French	צָרְפָתִי
Gallic	גָּאלִי
Gallic	צָרְפָתִי
Spanish	סְפָרַדִּי
carburetor	קַרְבּוּרָטוֹר
carburetor	מְאַיֵּד
carburettor	קַרְבּוּרָטוֹר
carburettor	מְאַיֵּד
cardroom	חֲדַר-קְלָפִים
cargo	!מִטְעָן
lading	!מִטְעָן
freight	!מִטְעָן
load	!מִטְעָן
loading	!מִטְעָן
payload	!מִטְעָן
shipment	!מִטְעָן
consignment	!מִטְעָן
carpet beater	מַחְבֵּט
rug beater	מַחְבֵּט
European	אֵירוֹפֶּאִי
European	אֵירוֹפִּי
cart	עֲגָלָה
Israeli	יִשְׂרְאֵלִי
Palestinian	פָּלֶשְׂתִּינִי
Palestinian	פָּלֶשְׂתִּינָאִי
cell	תָּא-כֶּלֶא
jail cell	תָּא-כֶּלֶא
prison cell	תָּא-כֶּלֶא
cell	GAP!
cubicle	GAP!
chair	כִּסֵּא
chalk	גִּיר
chamber	לִשְׁכַּת-הַשּׁוֹפֵט
chandelier	נִבְרֶשֶׁת
chandelier	לוּסְטְרָה
pendant	נִבְרֶשֶׁת
pendant	לוּסְטְרָה
pendent	נִבְרֶשֶׁת
pendent	לוּסְטְרָה
chariot	!מֶרְכָּבָה
charm	סִימָן-טוֹב
good luck charm	סִימָן-טוֹב
chest	תֵּבָה
chest of drawers	שִׁדָּה
chest	שִׁדָּה
bureau	שִׁדָּה
dresser	שִׁדָּה
Greek	יְוָנִי
Grecian	יְוָנִי
Hellenic	יְוָנִי
chicken coop	לוּל
coop	לוּל
hencoop	לוּל
henhouse	לוּל
chimney	אֲרֻבָּה
chisel	אִזְמֵל
chisel	מַפְסֶלֶת
budgetary	תַּקְצִיבִי
choke	מַשְׁנֵק
choke	צ'וֹק
church	כְּנֵסִיָּה
church building	כְּנֵסִיָּה
civies	אֶזְרָחִי
civvies	אֶזְרָחִי
classroom	כִּתָּה
schoolroom	כִּתָּה
clinic	מִרְפְּאַת-חוּץ
arithmetical	חֶשְׁבּוֹנִי
arithmetic	חֶשְׁבּוֹנִי
cloakroom	גַּרְדֶּרוֹבָּה
cloakroom	מֶלְתָּחָה
coatroom	גַּרְדֶּרוֹבָּה
coatroom	מֶלְתָּחָה
clock	שָׁעוֹן
closet	GAP!
clothing	בִּגּוּד
article of clothing	בִּגּוּד
vesture	בִּגּוּד
wear	בִּגּוּד
wearable	בִּגּוּד
habiliment	בִּגּוּד
clubhouse	!מוֹעֲדוֹן
club	!מוֹעֲדוֹן
clubroom	GAP!
departmental	מַחְלַקְתִּי
cocaine	קוֹק
cocaine	קוֹקָאִין
cocain	קוֹק
cocain	קוֹקָאִין
coffin	אֲרוֹן-מֵתִים
coffin	אָרוֹן
casket	אֲרוֹן-מֵתִים
casket	אָרוֹן
journalistic	עִתּוֹנָאִי
commutator	מַחְלֵף
compartment	מָדוֹר
compound	!תִּרְכֹּבֶת
compressor	מַדְחֵס
compressor	קוֹמְפְּרֶסוֹר
computer	מַחְשֵׁב
computing machine	מַחְשֵׁב
computing device	מַחְשֵׁב
data processor	מַחְשֵׁב
electronic computer	מַחְשֵׁב
information processing system	מַחְשֵׁב
condom	קוֹנְדּוֹם
condom	גּוּמִי
condom	כּוֹבָעוֹן
rubber	קוֹנְדּוֹם
rubber	גּוּמִי
rubber	כּוֹבָעוֹן
safety	קוֹנְדּוֹם
safety	גּוּמִי
safety	כּוֹבָעוֹן
safe	קוֹנְדּוֹם
safe	גּוּמִי
safe	כּוֹבָעוֹן
prophylactic	קוֹנְדּוֹם
prophylactic	גּוּמִי
prophylactic	כּוֹבָעוֹן
conductor	!מוֹלִיךְ
conference room	חֲדַר-יְשִׁיבוֹת
azotic	חַנְקָנִי
nitric	חַנְקָנִי
nitrous	חַנְקָנִי
control panel	לוּחַ
instrument panel	לוּחַ
control board	לוּחַ
board	לוּחַ
panel	לוּחַ
control room	חֲדַר-בַּקָּרָה
convent	!מִנְזָר
phosphorous	זַרְחָנִי
phosphoric	זַרְחָנִי
cooker	!כִּירַיִם
regimental	חֲטִיבָתִי
cornet	חֲצוֹצְרָה
horn	חֲצוֹצְרָה
trumpet	חֲצוֹצְרָה
trump	חֲצוֹצְרָה
corridor	!פְּרוֹזְדוֹר
corridor	!מִסְדְּרוֹן
corset	חֲגוֹרַת-בֶּטֶן
corset	מָחוֹךְ
girdle	חֲגוֹרַת-בֶּטֶן
girdle	מָחוֹךְ
stays	חֲגוֹרַת-בֶּטֶן
stays	מָחוֹךְ
court	!מִגְרָשׁ
court	אוּלָם-בֵּית-הַמִּשְׁפָּט
courtroom	אוּלָם-בֵּית-הַמִּשְׁפָּט
cowbarn	רֶפֶת
cowshed	רֶפֶת
cow barn	רֶפֶת
cowhouse	רֶפֶת
byre	רֶפֶת
crane	מָנוֹף
crane	עֲגוּרָן
crate	אַרְגָּז
cringle	!לוּלָאָה
eyelet	!לוּלָאָה
loop	!לוּלָאָה
grommet	!לוּלָאָה
grummet	!לוּלָאָה
crop	GAP!
cruiser	סַיֶּרֶת
racial	GAP!
crusher	מַגְרֵסָה
cudgel	אַלָּה
cupboard	אָרוֹן
closet	אָרוֹן
curb	!רֶסֶן
curb bit	!רֶסֶן
held	מֻחְזָק
curtain	וִילוֹן
drape	וִילוֹן
drapery	וִילוֹן
mantle	וִילוֹן
pall	וִילוֹן
oxidized	מְחֻמְצָן
oxidised	מְחֻמְצָן
pasteurized	מְפֻסְטָר
pasteurised	מְפֻסְטָר
pursued	!נִרְדָּף
squashed	מָעוּךְ
dart	!חֵץ
dart	חֵץ
deck	!סִפּוּן
decoration	אוֹרְנָמֶנְט
decoration	דֶּקוֹרַצְיָה
ornament	קִשּׁוּט
ornament	אוֹרְנָמֶנְט
ornament	עִטּוּר
ornament	דֶּקוֹרַצְיָה
ornamentation	קִשּׁוּט
ornamentation	אוֹרְנָמֶנְט
ornamentation	עִטּוּר
ornamentation	דֶּקוֹרַצְיָה
deep-freeze	דִּיפּ-פְרִיז
deep-freeze	מַקְפִּיא
deep-freeze	מַקְפֵּא
Deepfreeze	דִּיפּ-פְרִיז
Deepfreeze	מַקְפִּיא
Deepfreeze	מַקְפֵּא
deep freezer	דִּיפּ-פְרִיז
deep freezer	מַקְפִּיא
deep freezer	מַקְפֵּא
freezer	דִּיפּ-פְרִיז
freezer	מַקְפִּיא
freezer	מַקְפֵּא
destroyer	מַשְׁחֶתֶת
guided missile destroyer	מַשְׁחֶתֶת
diagram	תַּרְשִׁים
diaper	חִתּוּל
nappy	חִתּוּל
napkin	חִתּוּל
dimmer	דִּימֶר
dimmer	וַסַּת-אוֹר
dimmer	עַמְעָם
dining table	שֻׁלְחָן
dining table	שֻׁלְחָן-אֹכֶל
board	שֻׁלְחָן
board	שֻׁלְחָן-אֹכֶל
disguise	תַּחְפֹּשֶׂת
diving board	מַקְפֵּצָה
dock	!מִבְדּוֹק
dockage	!מִבְדּוֹק
docking facility	!מִבְדּוֹק
doll	בֻּבָּה
dolly	בֻּבָּה
dome	כִּפָּה
dome	!כִּפָּה
domed stadium	!כִּפָּה
covered stadium	!כִּפָּה
doorway	!כְּנִיסָה
door	!כְּנִיסָה
room access	!כְּנִיסָה
threshold	!כְּנִיסָה
dose	דּוֹזָה
dosage	דּוֹזָה
drawing card	GAP!
loss leader	GAP!
leader	GAP!
dress	שִׂמְלָה
frock	שִׂמְלָה
drill	!מַקְדֵּחַ
electric drill	!מַקְדֵּחַ
dropper	טַפְטֶפֶת
eye dropper	טַפְטֶפֶת
drug	!סַם
dustpan	יָעֶה
dwelling	בֵּית-מְגוּרִים
home	בֵּית-מְגוּרִים
domicile	בֵּית-מְגוּרִים
abode	בֵּית-מְגוּרִים
habitation	בֵּית-מְגוּרִים
dwelling house	בֵּית-מְגוּרִים
earring	עָגִיל
eiderdown	כֶּסֶת
eiderdown	שְׂמִיכַת-פּוּךְ
duvet	כֶּסֶת
duvet	שְׂמִיכַת-פּוּךְ
continental quilt	כֶּסֶת
continental quilt	שְׂמִיכַת-פּוּךְ
electric refrigerator	!מְקָרֵר
fridge	!מְקָרֵר
elevator	מַעֲלִית
lift	מַעֲלִית
embassy	שַׁגְרִירוּת
emblem	סֵמֶל
embroidery	רִקְמָה
fancywork	רִקְמָה
engineering	חֲדַר-מְנוֹעִים
engine room	חֲדַר-מְנוֹעִים
entrance	פֶּתַח
entranceway	פֶּתַח
entranceway	כְּנִיסָה
entryway	פֶּתַח
entryway	כְּנִיסָה
entry	פֶּתַח
entree	פֶּתַח
entree	כְּנִיסָה
entrenchment	!הִתְחַפְּרוּת
intrenchment	!הִתְחַפְּרוּת
export	יִצּוּא
export	יְצוּא
expressway	!דֶּרֶךְ
freeway	!דֶּרֶךְ
motorway	!דֶּרֶךְ
pike	!דֶּרֶךְ
state highway	!דֶּרֶךְ
superhighway	!דֶּרֶךְ
throughway	!דֶּרֶךְ
thruway	!דֶּרֶךְ
extra	!נִצָּב
duplicate	!נִצָּב
fabric	בַּד
fabric	אָרִיג
cloth	בַּד
cloth	אָרִיג
material	בַּד
material	אָרִיג
textile	בַּד
textile	אָרִיג
factory	!מִפְעָל
mill	!מִפְעָל
manufacturing plant	!מִפְעָל
manufactory	!מִפְעָל
fake	!זִיּוּף
sham	!זִיּוּף
postiche	!זִיּוּף
fancy dress	!תַּחְפֹּשֶׂת
masquerade	!תַּחְפֹּשֶׂת
masquerade costume	!תַּחְפֹּשֶׂת
farm	מֶשֶׁק
farm	חַוָּה
fastener	!רוֹכְסָן
fastening	!רוֹכְסָן
holdfast	!רוֹכְסָן
fixing	!רוֹכְסָן
fatigues	מַדֵּי-בֵּית
fatigues	בֵּית
fedora	!מִגְבַּעַת
felt hat	!מִגְבַּעַת
homburg	!מִגְבַּעַת
Stetson	!מִגְבַּעַת
trilby	!מִגְבַּעַת
felt	לֶבֶד
fence	גָּדֵר
fencing	גָּדֵר
ferry	סְפִינַת-מַעְבֹּרֶת
ferry	מַעְבֹּרֶת
ferryboat	סְפִינַת-מַעְבֹּרֶת
ferryboat	מַעְבֹּרֶת
fetter	GAP!
hobble	GAP!
fiber	!סִיב
fibre	!סִיב
vulcanized fiber	!סִיב
figurine	פִּסְלוֹן
statuette	פִּסְלוֹן
file	שׁוֹפִין
file	מָשׁוֹף
file	פְּצִירָה
fillet	!בְּלִימָה
fillet	!עֲצִירָה
stopping	!בְּלִימָה
stopping	!עֲצִירָה
film	סֶרֶט-צִלּוּם
film	סֶרֶט
photographic film	סֶרֶט-צִלּוּם
photographic film	סֶרֶט
filter	פִילְטֶר
filter	מַסְנֵן
filter	!מַסְנֵן
firecracker	חֲזִיז
cracker	חֲזִיז
banger	חֲזִיז
fireplace	אָח
hearth	אָח
open fireplace	אָח
first gear	רִאשׁוֹן
first gear	הִלּוּךְ-רִאשׁוֹן
first	רִאשׁוֹן
first	הִלּוּךְ-רִאשׁוֹן
low gear	רִאשׁוֹן
low gear	הִלּוּךְ-רִאשׁוֹן
low	רִאשׁוֹן
low	הִלּוּךְ-רִאשׁוֹן
flashlight	פָּנַס-כִּיס
flashlight	פָּנָס
torch	פָּנַס-כִּיס
torch	פָּנָס
flipper	סְנַפִּיר
fin	סְנַפִּיר
football	!כַּדּוּרֶגֶל
fortress	!מִבְצָר
fort	!מִבְצָר
forum	!מִפְגָּשׁ
assembly	!מִפְגָּשׁ
meeting place	!מִפְגָּשׁ
fraction	!שֶׁבֶר
framework	!מִסְגֶּרֶת
French horn	קֶרֶן-יַעַר
French horn	קֶרֶן-צָרְפָתִית
French horn	קֶרֶן
horn	קֶרֶן-יַעַר
horn	קֶרֶן-צָרְפָתִית
horn	קֶרֶן
fur	פַּרְוָה
furnishing	רִהוּט
furniture	רָהִיט
piece of furniture	רָהִיט
article of furniture	רָהִיט
furrow	תֶּלֶם
fuse	מַרְעוֹם
fuze	מַרְעוֹם
fusee	מַרְעוֹם
fuzee	מַרְעוֹם
primer	מַרְעוֹם
priming	מַרְעוֹם
gangplank	כֶּבֶשׁ
gangboard	כֶּבֶשׁ
gangway	כֶּבֶשׁ
gangway	!כֶּבֶשׁ
garage	מוּסָךְ
garage	גָּרָז'
service department	גָּרָז'
service department	מוּסָךְ
garden	גַּן
garden	גִּנָּה
garden	!גִּנָּה
garden	!גַּן
garment	בֶּגֶד
garment	כְּלִי
gate	שַׁעַר
gate	שַׁעַר-לוֹגִי
logic gate	שַׁעַר-לוֹגִי
gateway	!כְּנִיסָה
gear	!מַהֲלָךְ
gear mechanism	!מַהֲלָךְ
girder	קוֹרָה
glider	!דָּאוֹן
sailplane	!דָּאוֹן
glove	כְּפָפָה
goalpost	שַׁעַר
gown	שִׂמְלַת-עֶרֶב
gown	גְּלִימָה
robe	גְּלִימָה
gown	GAP!
surgical gown	GAP!
scrubs	GAP!
grater	פּוּמְפִּיָּה
grave	קֶבֶר
tomb	קֶבֶר
gravestone	מַצֵּבָה
headstone	מַצֵּבָה
tombstone	מַצֵּבָה
greenhouse	חֲמָמָה
nursery	חֲמָמָה
glasshouse	חֲמָמָה
grenade	רִמּוֹן
grove	!מַטָּע
woodlet	!מַטָּע
orchard	!מַטָּע
plantation	!מַטָּע
guitar	גִּיטָרָה
gutter	מַרְזֵב
trough	מַרְזֵב
Guy	GAP!
hall	אוּלָם
hammock	עַרְסָל
sack	עַרְסָל
handcart	עֲגָלָה
pushcart	עֲגָלָה
handcuff	אֲזִקִּים
cuff	אֲזִקִּים
handlock	אֲזִקִּים
manacle	אֲזִקִּים
handkerchief	מִטְפַּחַת
handkerchief	מִמְחָטָה
handkerchief	מִטפַּחַת-אַף
hankie	מִטְפַּחַת
hankie	מִמְחָטָה
hankie	מִטפַּחַת-אַף
hanky	מִטְפַּחַת
hanky	מִמְחָטָה
hanky	מִטפַּחַת-אַף
hankey	מִטְפַּחַת
hankey	מִמְחָטָה
hankey	מִטפַּחַת-אַף
hanger	קוֹלָב
hanger	מִתְלֶה
hanging	!תְּלִיָּה
wall hanging	!תְּלִיָּה
hardware store	GAP!
ironmonger	GAP!
ironmonger's shop	GAP!
harem	הַרְמוֹן
hareem	הַרְמוֹן
seraglio	הַרְמוֹן
serail	הַרְמוֹן
harness	רִתְמָה
harness	!רִתְמָה
harp	נֵבֶל
harp	!נֵבֶל
headdress	כִּסּוּי-רֹאשׁ
headgear	כִּסּוּי-רֹאשׁ
headscarf	מִטְפַּחַת-רֹאשׁ
helicopter	הֶלִיקוֹפְּטֶר
helicopter	מַסּוֹק
chopper	הֶלִיקוֹפְּטֶר
chopper	מַסּוֹק
whirlybird	הֶלִיקוֹפְּטֶר
whirlybird	מַסּוֹק
eggbeater	הֶלִיקוֹפְּטֶר
eggbeater	מַסּוֹק
heroin	הֶרוֹאִין
heroin	לָבָן
diacetylmorphine	הֶרוֹאִין
diacetylmorphine	לָבָן
hinge	צִיר
flexible joint	צִיר
hoe	מַעְדֵּר
holster	!נַרְתִּיק
home	בֵּית אָבוֹת
nursing home	בֵּית אָבוֹת
rest home	בֵּית אָבוֹת
honeycomb	GAP!
hostel	מְעוֹנוֹת
youth hostel	מְעוֹנוֹת
student lodging	מְעוֹנוֹת
hostel	אַכְסַנְיָה
hostel	אַכְסַנְיַת-נֹעַר
hostelry	אַכְסַנְיָה
hostelry	אַכְסַנְיַת-נֹעַר
inn	אַכְסַנְיָה
inn	אַכְסַנְיַת-נֹעַר
lodge	אַכְסַנְיָה
lodge	אַכְסַנְיַת-נֹעַר
auberge	אַכְסַנְיָה
auberge	אַכְסַנְיַת-נֹעַר
hotel	מָלוֹן
hotel	בֵּית-מָלוֹן
house	בַּיִת
housing	דִּיּוּר
lodging	דִּיּוּר
living accommodations	דִּיּוּר
hovel	בִּקְתָּה
hovel	צְרִיף
hut	בִּקְתָּה
hut	צְרִיף
hutch	בִּקְתָּה
hutch	צְרִיף
shack	בִּקְתָּה
shack	צְרִיף
shanty	בִּקְתָּה
shanty	צְרִיף
hovercraft	רַחֶפֶת
ground-effect machine	רַחֶפֶת
hunter	!צַיָּד
hunting watch	!צַיָּד
hut	!צְרִיף
army hut	!צְרִיף
field hut	!צְרִיף
Identikit	קְלַסְתֵּרוֹן
Identikit picture	קְלַסְתֵּרוֹן
ignition	!הַצָּתָה
ignition system	!הַצָּתָה
imitation	זִיּוּף
implement	!כְּלִי
import	יִבּוּא
import	יְבוּא
infrastructure	תַּשְׁתִּית
base	תַּשְׁתִּית
infrastructure	!תַּשְׁתִּית
substructure	!תַּשְׁתִּית
instrumentality	מִכְשׁוּר
instrumentation	מִכְשׁוּר
interchange	מֶחְלָף
internet	מִרְשֶׁתֶת
internet	אִינְטֶרְנֶט
internet	רֶשֶׁת-הָאִינְטֶרְנֶט
net	מִרְשֶׁתֶת
net	אִינְטֶרְנֶט
net	רֶשֶׁת-הָאִינְטֶרְנֶט
cyberspace	מִרְשֶׁתֶת
cyberspace	אִינְטֶרְנֶט
cyberspace	רֶשֶׁת-הָאִינְטֶרְנֶט
invention	חִדּוּשׁ
innovation	חִדּוּשׁ
island	GAP!
jacket	זָ'קֶט
jacket	מִקְטֹרֶן
jail	!כֶּלֶא
jailhouse	!כֶּלֶא
gaol	!כֶּלֶא
clink	!כֶּלֶא
slammer	!כֶּלֶא
poky	!כֶּלֶא
pokey	!כֶּלֶא
jar	צִנְצֶנֶת
jet	מְטוֹס-סִילוֹן
jet plane	מְטוֹס-סִילוֹן
jet-propelled plane	מְטוֹס-סִילוֹן
jewel	אֶבֶן-טוֹבָה
jewel	אֶבֶן-חֵן
jewel	אֶבֶן-יְקָרָה
jewel	אֶבֶן
gem	אֶבֶן-טוֹבָה
gem	אֶבֶן-חֵן
gem	אֶבֶן-יְקָרָה
gem	אֶבֶן
precious stone	אֶבֶן-טוֹבָה
precious stone	אֶבֶן-חֵן
precious stone	אֶבֶן-יְקָרָה
precious stone	אֶבֶן
jewelry	תַּכְשִׁיט
jewellery	תַּכְשִׁיט
jigsaw	!מַסּוֹרִית
scroll saw	!מַסּוֹרִית
fretsaw	!מַסּוֹרִית
jug	!כַּד
keepsake	סוּבֶנִיר
keepsake	מַזְכֶּרֶת
souvenir	סוּבֶנִיר
souvenir	מַזְכֶּרֶת
token	סוּבֶנִיר
token	מַזְכֶּרֶת
relic	סוּבֶנִיר
relic	מַזְכֶּרֶת
kennel	מְלוּנָה
doghouse	מְלוּנָה
dog house	מְלוּנָה
kerchief	מִטְפַּחַת
keystone	אֶבֶן-הָרֹאשָׁה
key	אֶבֶן-הָרֹאשָׁה
headstone	אֶבֶן-הָרֹאשָׁה
khaki	חָקִי
kit	עֶרְכָּה
kit	קִיט
outfit	עֶרְכָּה
outfit	קִיט
kitchen	מִטְבָּח
knee	בֶּרֶךְ
knit	סָרִיג
knitting	סָרִיג
knitwork	סָרִיג
knob	גֻּלָּה
boss	גֻּלָּה
knob	GAP!
pommel	GAP!
knot	קֶשֶׁר
lab	מַעְבָּדָה
laboratory	מַעְבָּדָה
research lab	מַעְבָּדָה
research laboratory	מַעְבָּדָה
science lab	מַעְבָּדָה
science laboratory	מַעְבָּדָה
lace	תַּחֲרָה
ladder	סֻלָּם
ladle	מַצֶּקֶת
lame	!פִּסֵּחַ
lamp chimney	GAP!
chimney	GAP!
lampshade	אָהִיל
lamp shade	אָהִיל
lane	!נָתִיב
lapel	!דַּשׁ
lathe	מַחְרֵטָה
laundry	מִכְבָּסָה
laundry	כְּבָסִים
laundry	כְּבִיסָה
wash	כְּבָסִים
wash	כְּבִיסָה
washing	כְּבָסִים
washing	כְּבִיסָה
washables	כְּבָסִים
washables	כְּבִיסָה
lawn mower	מַכְסֵחָה
lawn mower	מַכְסֵחַת-דֶּשֶׁא
mower	מַכְסֵחָה
mower	מַכְסֵחַת-דֶּשֶׁא
bed	!שִׁכְבָה
leaf	!עָלֶה
lens	עֲדָשָׁה
lense	עֲדָשָׁה
lens system	עֲדָשָׁה
lens	עֲדֶשֶׁת-אֱלֶקְטְרוֹנִים
electron lens	עֲדֶשֶׁת-אֱלֶקְטְרוֹנִים
lid	מִכְסֶה
light	אוֹר
light source	אוֹר
lingerie	GAP!
intimate apparel	GAP!
lipstick	אֹדֶם
lipstick	לִיפְּסְטִיק
lipstick	שְׂפָתוֹן
lip rouge	אֹדֶם
lip rouge	לִיפְּסְטִיק
lip rouge	שְׂפָתוֹן
loft	עֲלִיַּת-גַּג
loft	עֲלִיָּה
attic	עֲלִיַּת-גַּג
attic	עֲלִיָּה
garret	עֲלִיַּת-גַּג
garret	עֲלִיָּה
loom	נוּל
lorry	!מַשָּׂאִית
camion	!מַשָּׂאִית
lorry	GAP!
louver	רְפָפָה
louvre	רְפָפָה
fin	רְפָפָה
Louvre	!שָׁלָב
Louvre Museum	!שָׁלָב
lyre	לִירָה
magnet	מַגְנֵט
main street	רְחוֹב-רָאשִׁי
high street	רְחוֹב-רָאשִׁי
makeup	אִפּוּר
make-up	אִפּוּר
war paint	אִפּוּר
map	מַפָּה
marble	ג'וּלָה
marble	גֻּלָּה
marble	GAP!
mart	שׁוּק
mattress	מִזְרוֹן
mattress	מִזְרָן
medicine	סַם
medicine	תְּרוּפָה
medication	סַם
medication	תְּרוּפָה
medicament	סַם
medicament	תְּרוּפָה
medicinal drug	סַם
medicinal drug	תְּרוּפָה
megaphone	מַגְבִּיר-קוֹל
megaphone	מֶגָפוֹן
memorial	מַצֵּבַת-זִכָּרוֹן
memorial	גַּלְעֵד
memorial	אַנְדַּרְטָה
monument	מַצֵּבַת-זִכָּרוֹן
monument	גַּלְעֵד
monument	אַנְדַּרְטָה
merchandise	!מֶכֶר
ware	!מֶכֶר
product	!מֶכֶר
metro	תַּחְתִּית
metro	מֶטְרוֹ
metro	רַכֶּבֶת-תַּחְתִּית
tube	תַּחְתִּית
tube	מֶטְרוֹ
tube	רַכֶּבֶת-תַּחְתִּית
underground	תַּחְתִּית
underground	מֶטְרוֹ
underground	רַכֶּבֶת-תַּחְתִּית
subway system	תַּחְתִּית
subway system	מֶטְרוֹ
subway system	רַכֶּבֶת-תַּחְתִּית
subway	תַּחְתִּית
subway	מֶטְרוֹ
subway	רַכֶּבֶת-תַּחְתִּית
military post	מֻצָּב
post	מֻצָּב
milling	!טְחִינָה
mincer	!מַטְחֵנָה
mincing machine	!מַטְחֵנָה
mine	מוֹקֵשׁ
mine	מִכְרֶה
minibike	קַטְנוֹעַ
motorbike	קַטְנוֹעַ
mirror	רְאִי
mirror	מַרְאָה
missile	!טִיל
monastery	!מִנְזָר
mortar	מַרְגֵּמָה
howitzer	מַרְגֵּמָה
trench mortar	מַרְגֵּמָה
mortar	מַכְתֵּשׁ
mosque	מִסְגָּד
motor	!מָנוֹעַ
motorcycle	אוֹפַנּוֹעַ
bike	אוֹפַנּוֹעַ
mound	תֵּל
hill	תֵּל
mound	!גִּבְעָה
hill	!גִּבְעָה
pitcher's mound	!גִּבְעָה
computer mouse	עַכְבָּר
mule	GAP!
scuff	GAP!
museum	מוּזֵאוֹן
nail	מַסְמֵר
napkin	מַפִּית
table napkin	מַפִּית
serviette	מַפִּית
narcotic	!סַם
necklace	מַחְרֹזֶת
neckline	!מַחְשׂוֹף
necktie	עֲנִיבָה
tie	עֲנִיבָה
network	רֶשֶׁת-שִׁדּוּר
network	רֶשֶׁת
network	!רֶשֶׁת
electronic network	!רֶשֶׁת
newspaper	עִתּוֹן
paper	עִתּוֹן
node	לָקוֹחַ
client	לָקוֹחַ
guest	לָקוֹחַ
nursery	!מִשְׁתָּלָה
baby's room	!מִשְׁתָּלָה
oar	מָשׁוֹט
objective	עַצְמִית
objective lens	עַצְמִית
object lens	עַצְמִית
object glass	עַצְמִית
oboe	אַבּוּב
hautboy	אַבּוּב
hautbois	אַבּוּב
oil tanker	!מְכָלִית
oiler	!מְכָלִית
tanker	!מְכָלִית
tank ship	!מְכָלִית
openwork	GAP!
orchestra	!תִּזְמֹרֶת
organ	עוּגָב
organ	אוֹרְגָּן
pipe organ	עוּגָב
pipe organ	אוֹרְגָּן
oven	תַּנּוּר
package	חֲבִילָה
parcel	חֲבִילָה
paint	צֶבַע
pigment	צֶבַע
paintbrush	מִכְחוֹל
painting	צִיּוּר
picture	צִיּוּר
parachute	מַצְנֵחַ
chute	מַצְנֵחַ
parasol	שִׁמְשִׁיָּה
sunshade	שִׁמְשִׁיָּה
portion	חֵלֶק
partition	מְחִצָּה
divider	מְחִצָּה
pavilion	בִּיתָן
marquee	בִּיתָן
pedal	!דַּוְשָׁה
treadle	!דַּוְשָׁה
foot pedal	!דַּוְשָׁה
foot lever	!דַּוְשָׁה
pencil	עִפָּרוֹן
pendulum	מְטוּטֶלֶת
penknife	GAP!
perfume	בֹּשֶׂם
essence	בֹּשֶׂם
photograph	תְּמוּנָה
photograph	צִלּוּם
photograph	פוֹטוֹגְרָף
photograph	תַּצְלוּם
photo	תְּמוּנָה
photo	צִלּוּם
photo	פוֹטוֹגְרָף
photo	תַּצְלוּם
exposure	תְּמוּנָה
exposure	צִלּוּם
exposure	פוֹטוֹגְרָף
exposure	תַּצְלוּם
picture	תְּמוּנָה
picture	צִלּוּם
picture	פוֹטוֹגְרָף
picture	תַּצְלוּם
pic	תְּמוּנָה
pic	צִלּוּם
pic	פוֹטוֹגְרָף
pic	תַּצְלוּם
piano	פְּסַנְתֵּר
pianoforte	פְּסַנְתֵּר
forte-piano	פְּסַנְתֵּר
pier	!מִבְדּוֹק
wharf	!מִבְדּוֹק
wharfage	!מִבְדּוֹק
pill	גְּלוּלָה
pill	טַבְלִית
pill	כַּדּוּר
lozenge	גְּלוּלָה
lozenge	טַבְלִית
lozenge	כַּדּוּר
tablet	גְּלוּלָה
tablet	טַבְלִית
tablet	כַּדּוּר
tab	גְּלוּלָה
tab	טַבְלִית
tab	כַּדּוּר
pill	!גְּלוּלָה
pill	גְּלוּלָה-לִמְנִיעַת-הֵרָיוֹן
birth control pill	גְּלוּלָה
birth control pill	גְּלוּלָה-לִמְנִיעַת-הֵרָיוֹן
contraceptive pill	גְּלוּלָה
contraceptive pill	גְּלוּלָה-לִמְנִיעַת-הֵרָיוֹן
oral contraceptive pill	גְּלוּלָה
oral contraceptive pill	גְּלוּלָה-לִמְנִיעַת-הֵרָיוֹן
oral contraceptive	גְּלוּלָה
oral contraceptive	גְּלוּלָה-לִמְנִיעַת-הֵרָיוֹן
anovulatory drug	גְּלוּלָה
anovulatory drug	גְּלוּלָה-לִמְנִיעַת-הֵרָיוֹן
anovulant	גְּלוּלָה
anovulant	גְּלוּלָה-לִמְנִיעַת-הֵרָיוֹן
pillory	סַד
pillow	כַּר
pistol	אֶקְדָּח
handgun	אֶקְדָּח
side arm	אֶקְדָּח
shooting iron	אֶקְדָּח
piston	בֻּכְנָה
plunger	בֻּכְנָה
pit	מַחְצָבָה
quarry	מַחְצָבָה
stone pit	מַחְצָבָה
pitchfork	קִלְשׁוֹן
plane	מַקְצוּעָה
carpenter's plane	מַקְצוּעָה
woodworking plane	מַקְצוּעָה
plane	!מַקְצוּעָה
planer	!מַקְצוּעָה
planing machine	!מַקְצוּעָה
plenum	!מְלִיאָה
plug	פְּקָק
stopper	פְּקָק
stopple	פְּקָק
plumbing	צַנֶּרֶת
plumbing system	צַנֶּרֶת
plumbing system	אִינְסְטֶלַצְיָה
pocketknife	אוֹלָר
pocket knife	אוֹלָר
portfolio	פּוֹרְטְפוֹלְיוֹ
potsherd	חֶרֶס
projectile	!טִיל
pump	מַשְׁאֵבָה
pump	נַעַל-סִירָה
puppet	בֻּבָּה
puppet	מַרְיוֹנֶטָה
marionette	מַרְיוֹנֶטָה
quarrel	!רִיב
quilt	כֶּסֶת
quilt	שְׂמִיכַת-פּוּךְ
comforter	כֶּסֶת
comforter	שְׂמִיכַת-פּוּךְ
comfort	כֶּסֶת
comfort	שְׂמִיכַת-פּוּךְ
puff	כֶּסֶת
puff	שְׂמִיכַת-פּוּךְ
racket	מַחְבֵּט
racquet	מַחְבֵּט
radar	מַכָּ"ם
radar	רָדָאר
microwave radar	מַכָּ"ם
microwave radar	רָדָאר
radio detection and ranging	מַכָּ"ם
radio detection and ranging	רָדָאר
radiolocation	מַכָּ"ם
radiolocation	רָדָאר
rake	מַגְרֵפָה
reception desk	קַבָּלָה
reception desk	דֶּלְפֵּק-קַבָּלָה
reel	!סְלִיל
reflection	!הִשְׁתַּקְּפוּת
reflexion	!הִשְׁתַּקְּפוּת
refrigerator	פְרִיגִ'ידֶר
refrigerator	מְקָרֵר
icebox	פְרִיגִ'ידֶר
icebox	מְקָרֵר
relay	מִמְסָר
electrical relay	מִמְסָר
remedy	!סַם
curative	!סַם
cure	!סַם
therapeutic	!סַם
remote control	שַׁלַּט-רַחַק
remote control	שַׁלָּט
remote	שַׁלַּט-רַחַק
remote	שַׁלָּט
resistor	נַגָּד
resistance	נַגָּד
restaurant	מִסְעָדָה
eating house	מִסְעָדָה
eating place	מִסְעָדָה
eatery	מִסְעָדָה
rifle	רוֹבֶה
route	!דֶּרֶךְ
roadblock	מַחְסוֹם
barricade	מַחְסוֹם
rock garden	מִסְלָעָה
rockery	מִסְלָעָה
roof	גַּג
roof	!גַּג
room	חֶדֶר
root cellar	GAP!
root cellar	מַרְתֵּף-יֵינוֹת
cellar	GAP!
cellar	מַרְתֵּף-יֵינוֹת
rope	!חֶבֶל
rotating shaft	גַּל
shaft	גַּל
rouge	סֹמֶק
rouge	רוּז'
paint	סֹמֶק
paint	רוּז'
blusher	סֹמֶק
blusher	רוּז'
rubber eraser	מַחַק
rubber	מַחַק
pencil eraser	מַחַק
rug	שָׁטִיחַ
rug	מַרְבָד
carpet	שָׁטִיחַ
carpet	מַרְבָד
carpeting	שָׁטִיחַ
carpeting	מַרְבָד
rule	סַרְגֵּל
ruler	סַרְגֵּל
runway	מַסְלוּל
safe	!כַּסֶּפֶת
sandal	סַנְדָּל
satchel	יַלְקוּט
satellite	לַוְיָן
artificial satellite	לַוְיָן
orbiter	לַוְיָן
scabbard	!נְדָן
scalpel	אִזְמֵל
scarecrow	!דַּחְלִיל
straw man	!דַּחְלִיל
strawman	!דַּחְלִיל
bird-scarer	!דַּחְלִיל
scarer	!דַּחְלִיל
scarf	צָעִיף
screwdriver	מַבְרֵג
screw thread	תַּבְרִיג
thread	תַּבְרִיג
scythe	חֶרְמֵשׁ
searchlight	זַרְקוֹר
seat	מוֹשָׁב
secretary	מִכְתָּבָה
writing table	מִכְתָּבָה
escritoire	מִכְתָּבָה
secretaire	מִכְתָּבָה
section	!קֶטַע
segment	!קֶטַע
sewer	בִּיב
sewer	בִּיּוּב
sewerage	בִּיב
sewerage	בִּיּוּב
cloaca	בִּיב
cloaca	בִּיּוּב
sharpener	מַשְׁחֵזָה
shawl	שָׁל
sheath	!נַרְתִּיק
shed	!סְכָכָה
sheet metal	יְרִיעַת-פַּח
sheet metal	פַּח
shelf	מַדָּף
shield	מָגֵן
buckler	מָגֵן
shield	!מָגֵן
ship	אֳנִיָּה
shipyard	!מִסְפָּנָה
shirt	חֻלְצָה
shoelace	שְׂרוֹךְ-נַעַל
shoe lace	שְׂרוֹךְ-נַעַל
shoestring	שְׂרוֹךְ-נַעַל
shoe string	שְׂרוֹךְ-נַעַל
shop	חֲנוּת
store	חֲנוּת
short circuit	!קֶצֶר
short circuit	קֶצֶר
short	!קֶצֶר
short	קֶצֶר
shortcut	קִצּוּר-דֶּרֶךְ
cutoff	קִצּוּר-דֶּרֶךְ
crosscut	קִצּוּר-דֶּרֶךְ
shower	מִקְלַחַת
shower curtain	וִילוֹן-מִקְלַחַת
shower stall	מִקְלְחוֹן
shower bath	מִקְלְחוֹן
shrine	מָקוֹם-קָדוֹשׁ
sickle	מַגָּל
reaping hook	מַגָּל
reap hook	מַגָּל
silencer	עַמָם-פְּלִיטָה
muffler	עַמָם-פְּלִיטָה
silk	מֶשִׁי
skewer	שַׁפּוּד
skewer	סִיח'
skewer	שִׁפּוּד
slab	!לוּחַ
slat	!שָׁלָב
spline	!שָׁלָב
sleeve	שַׁרְווּל
arm	שַׁרְווּל
sleeve	!שַׁרְווּל
slide	מַגְלֵשָׁה
playground slide	מַגְלֵשָׁה
sliding board	מַגְלֵשָׁה
slingshot	רוּגַטְקָה
slingshot	מִקְלַעַת
slingshot	קֶלַע
sling	רוּגַטְקָה
sling	מִקְלַעַת
sling	קֶלַע
catapult	רוּגַטְקָה
catapult	מִקְלַעַת
catapult	קֶלַע
slip	פֶּתֶק
slip	פִּתְקָה
slip of paper	פֶּתֶק
slip of paper	פִּתְקָה
snake	!נָחָשׁ
sock	גֶּרֶב
sofa	סַפָּה
couch	סַפָּה
lounge	סַפָּה
soundtrack	פַּסְקוֹל
spacecraft	רֶכֶב-חָלָל
ballistic capsule	רֶכֶב-חָלָל
space vehicle	רֶכֶב-חָלָל
spear	חֲנִית
lance	חֲנִית
shaft	חֲנִית
spear	!חֲנִית
gig	!חֲנִית
fizgig	!חֲנִית
fishgig	!חֲנִית
lance	!חֲנִית
spoke	חִשּׁוּר
wheel spoke	חִשּׁוּר
radius	חִשּׁוּר
spoon	כַּף
spoon	!כַּף
sprinkler	מַמְטֵרָה
squash racket	מַחְבֵּט-סְקְווֹשׁ
squash racquet	מַחְבֵּט-סְקְווֹשׁ
bat	מַחְבֵּט-סְקְווֹשׁ
stable	אֻרְוָה
stalls	אֻרְוָה
horse barn	אֻרְוָה
starship	סְפִינַת-חָלָל
starship	חֲלָלִית
spaceship	סְפִינַת-חָלָל
spaceship	חֲלָלִית
statue	!פֶּסֶל
steel	מַשְׁחֵז
step	מַדְרֵגָה
stair	מַדְרֵגָה
stitch	עַיִן
stock exchange	בּוּרְסָה
stock market	בּוּרְסָה
securities market	בּוּרְסָה
strainer	מִסְנֶנֶת
strainer	מְסַנֶּנֶת
streetcar	חַשְׁמַלִּית
tram	חַשְׁמַלִּית
tramcar	חַשְׁמַלִּית
trolley	חַשְׁמַלִּית
trolley car	חַשְׁמַלִּית
stronghold	!מָעֹז
stronghold	!מְצָד
fastness	!מָעֹז
fastness	!מְצָד
structure	מִבְנֶה
construction	מִבְנֶה
studio	אֻלְפָּן
studio	סְטוּדְיוֹ
studio apartment	דִּירַת-סְטוּדְיוֹ
studio	דִּירַת-סְטוּדְיוֹ
subject	מֻשָּׂא-תֵּאוּר
content	מֻשָּׂא-תֵּאוּר
depicted object	מֻשָּׂא-תֵּאוּר
suede cloth	!זַמְשׁ
suede	!זַמְשׁ
suit	חֲלִיפָה
suit of clothes	חֲלִיפָה
sum	!סְכוּם
sum	!סָךְ
sum	!סַךְ
total	!סְכוּם
total	!סָךְ
total	!סַךְ
totality	!סְכוּם
totality	!סָךְ
totality	!סַךְ
aggregate	!סְכוּם
aggregate	!סָךְ
aggregate	!סַךְ
suppository	נֵר
suppository	פְּתִילָה
surfboard	גַּלְשָׁן
suspension	!מַתַּכְתִּי
suspension system	!מַתַּכְתִּי
sweater	סְוֶדֶר
jumper	סְוֶדֶר
switchboard	!מֶרְכָּזִיָּה
patchboard	!מֶרְכָּזִיָּה
plugboard	!מֶרְכָּזִיָּה
sword	חֶרֶב
blade	חֶרֶב
brand	חֶרֶב
steel	חֶרֶב
syringe	מַזְרֵק
tablecloth	מַפָּה
tambourine	טַמְבּוּרִין
tambourine	תֹּף-מִרְיָם
tape	מֶטֶר
tape	סֶרֶט-מִדָּה
tapeline	מֶטֶר
tapeline	סֶרֶט-מִדָּה
tape measure	מֶטֶר
tape measure	סֶרֶט-מִדָּה
tape recorder	טֵיְפּ
tape recorder	רְשַׁמְקוֹל
tape machine	טֵיְפּ
tape machine	רְשַׁמְקוֹל
tassel	גְּדִיל
teaspoon	כַּפִּית
telephone	טֶלֶפוֹן
phone	טֶלֶפוֹן
telephone set	טֶלֶפוֹן
television	טֶלֶוִיזְיָה
television	טֶלֶבִיזְיָה
television system	טֶלֶוִיזְיָה
television system	טֶלֶבִיזְיָה
television receiver	הַמָּסָךְ-הַקָּטָן
television receiver	טֶלֶוִיזְיָה
television receiver	טֶלֶבִיזְיָה
television	הַמָּסָךְ-הַקָּטָן
television set	הַמָּסָךְ-הַקָּטָן
television set	טֶלֶוִיזְיָה
television set	טֶלֶבִיזְיָה
tv	הַמָּסָךְ-הַקָּטָן
tv	טֶלֶוִיזְיָה
tv	טֶלֶבִיזְיָה
tv set	הַמָּסָךְ-הַקָּטָן
tv set	טֶלֶוִיזְיָה
tv set	טֶלֶבִיזְיָה
idiot box	הַמָּסָךְ-הַקָּטָן
idiot box	טֶלֶוִיזְיָה
idiot box	טֶלֶבִיזְיָה
boob tube	הַמָּסָךְ-הַקָּטָן
boob tube	טֶלֶוִיזְיָה
boob tube	טֶלֶבִיזְיָה
telly	הַמָּסָךְ-הַקָּטָן
telly	טֶלֶוִיזְיָה
telly	טֶלֶבִיזְיָה
goggle box	הַמָּסָךְ-הַקָּטָן
goggle box	טֶלֶוִיזְיָה
goggle box	טֶלֶבִיזְיָה
tent	אֹהֶל
collapsible shelter	אֹהֶל
terminal	מָסוֹף
theater	תֵּאַטְרוֹן
theatre	תֵּאַטְרוֹן
house	תֵּאַטְרוֹן
thermometer	מַדְחֹם
thermometer	תֶּרְמוֹמֶטֶר
thing	דָּבָר
thread	חוּט
yarn	חוּט
tie	אֶדֶן
railroad tie	אֶדֶן
crosstie	אֶדֶן
sleeper	אֶדֶן
tile	אָרִיחַ
tile	מַרְצֶפֶת
toothpick	קֵיסָם
toothpick	קֵיסַם-שִׁנַּיִם
toothpick	מַחְצֵצָה
towel	מַגֶּבֶת
tower	מִגְדָּל
town hall	בֵּית-הָעִירִיָּה
town hall	הָעִירִיָּה
transformer	שַׁנַּאי
transformer	טְרַנְסְפוֹרְמָטוֹר
transmitter	מַשְׁדֵּר
sender	מַשְׁדֵּר
tray	מַגָּשׁ
tray	טַס
triangle	מְשֻׁלָּשׁ
tunnel	מִנְהָרָה
umbrella	מִטְרִיָּה
underwear	לְבָנִים
underwear	הַלְבָּשָׁה-תַּחְתּוֹנָה
underclothes	לְבָנִים
underclothes	הַלְבָּשָׁה-תַּחְתּוֹנָה
underclothing	לְבָנִים
underclothing	הַלְבָּשָׁה-תַּחְתּוֹנָה
uniform	מַדִּים
upholstery	רִפּוּד
utensil	!כְּלִי
vaccine	תַּרְכִּיב
vaccine	חִסּוּן
vaccinum	תַּרְכִּיב
vaccinum	חִסּוּן
vase	אֲגַרְטָל
vehicle	רֶכֶב
velvet	קְטִיפָה
ventilator	מְאַוְרֵר
ventilator	וֶנְטִילָטוֹר
vineyard	כֶּרֶם
vinery	כֶּרֶם
violin	כִּנּוֹר
fiddle	כִּנּוֹר
wallet	אַרְנָק
billfold	אַרְנָק
notecase	אַרְנָק
pocketbook	אַרְנָק
ward	GAP!
hospital ward	GAP!
warp	שְׁתִי
watchtower	מִגְדַּל-תַּצְפִּית
water faucet	בֶּרֶז
water tap	בֶּרֶז
tap	בֶּרֶז
hydrant	בֶּרֶז
weapon	כְּלִי-נֶשֶׁק
weapon	כְּלִי
weapon	נֶשֶׁק
weapon	כְּלִי-זַיִן
arm	כְּלִי-נֶשֶׁק
arm	כְּלִי
arm	נֶשֶׁק
arm	כְּלִי-זַיִן
weapon system	כְּלִי-נֶשֶׁק
weapon system	כְּלִי
weapon system	נֶשֶׁק
weapon system	כְּלִי-זַיִן
whip	שׁוֹט
white	לָבָן
windowsill	אֶדֶן
windshield	מָגֵן-רוּחַ
windscreen	מָגֵן-רוּחַ
wire	חוּט
wire	חוּט-חַשְׁמַל
conducting wire	חוּט-חַשְׁמַל
woof	עֵרֶב
weft	עֵרֶב
filling	עֵרֶב
pick	עֵרֶב
workplace	מְקוֹם-עֲבוֹדָה
workplace	עֲבוֹדָה
work	מְקוֹם-עֲבוֹדָה
work	עֲבוֹדָה
workstation	תַּחֲנַת-עֲבוֹדָה
wreath	זֵר
garland	זֵר
coronal	זֵר
chaplet	זֵר
lei	זֵר
wreckage	שָׂרִיד
wringer	מִתְקָן-סְחִיטָה
yield	!פְּרִי
fruit	!פְּרִי
personality	אִישִׁיּוּת
introversion	!הַפְנָמָה
aloneness	הִתְבּוֹדְדוּת
loneliness	הִתְבּוֹדְדוּת
lonesomeness	הִתְבּוֹדְדוּת
solitariness	הִתְבּוֹדְדוּת
disposition	טֶמְפֶּרָמֶנְט
disposition	מֶזֶג
temperament	טֶמְפֶּרָמֶנְט
temperament	מֶזֶג
exuberance	!הִתְלַהֲבוּת
enthusiasm	!הִתְלַהֲבוּת
ebullience	!הִתְלַהֲבוּת
apathy	אָפַּתְיָה
indifference	אָפַּתְיָה
numbness	אָפַּתְיָה
spiritlessness	אָפַּתְיָה
permissiveness	מַתִּירָנוּת
tolerance	מַתִּירָנוּת
patience	סַבְלָנוּת
patience	אֹרֶך-רוּחַ
forbearance	סַבְלָנוּת
forbearance	אֹרֶך-רוּחַ
longanimity	סַבְלָנוּת
longanimity	אֹרֶך-רוּחַ
aggressiveness	אַגְרֶסִיבִיּוּת
aggressiveness	תּוֹקְפָנוּת
belligerence	אַגְרֶסִיבִיּוּת
belligerence	תּוֹקְפָנוּת
pugnacity	אַגְרֶסִיבִיּוּת
pugnacity	תּוֹקְפָנוּת
reluctance	!הִסּוּס
hesitancy	!הִסּוּס
hesitation	!הִסּוּס
disinclination	!הִסּוּס
indisposition	!הִסּוּס
graveness	חֻמְרָה
gravity	חֻמְרָה
sobriety	חֻמְרָה
soberness	חֻמְרָה
somberness	חֻמְרָה
sombreness	חֻמְרָה
jocoseness	GAP!
jocosity	GAP!
merriness	GAP!
humorousness	GAP!
reserve	שַׁתְקָנוּת
reticence	שַׁתְקָנוּת
taciturnity	שַׁתְקָנוּת
neighborliness	שְׁכֵנוּת-טוֹבָה
neighbourliness	שְׁכֵנוּת-טוֹבָה
good-neighborliness	שְׁכֵנוּת-טוֹבָה
good-neighbourliness	שְׁכֵנוּת-טוֹבָה
adventurism	!הַרְפַּתְקָנוּת
caution	זְהִירוּת
cautiousness	זְהִירוּת
carefulness	זְהִירוּת
neglectfulness	רַשְׁלָנוּת
masculinity	גַּבְרוּת
masculinity	גַּבְרִיּוּת
womanliness	!נָשִׁיּוּת
womanlike	!נָשִׁיּוּת
trustworthiness	!מְהֵימָנוּת
trustiness	!מְהֵימָנוּת
responsibility	אַחְרָיוּת
responsibility	אַחֲרָיוּת
responsibleness	אַחְרָיוּת
responsibleness	אַחֲרָיוּת
dependability	מְהֵימָנוּת
dependability	אֲמִינוּת
dependableness	מְהֵימָנוּת
dependableness	אֲמִינוּת
reliability	מְהֵימָנוּת
reliability	אֲמִינוּת
reliableness	מְהֵימָנוּת
reliableness	אֲמִינוּת
meticulousness	!הַקְפָּדָה
meticulosity	!הַקְפָּדָה
punctiliousness	!הַקְפָּדָה
scrupulousness	!הַקְפָּדָה
thoroughness	יְסוֹדִיּוּת
beauty	יֹפִי
glory	!תְּהִלָּה
resplendence	!תְּהִלָּה
resplendency	!תְּהִלָּה
glamor	זֹהַר
glamour	זֹהַר
appeal	קֶסֶם
appealingness	קֶסֶם
charm	קֶסֶם
ugliness	כִּעוּר
definition	!הַגְדָּרָה
haziness	!עִרְפּוּל
mistiness	!עִרְפּוּל
steaminess	!עִרְפּוּל
vaporousness	!עִרְפּוּל
vapourousness	!עִרְפּוּל
quality	תְּכוּנָה
constancy	קְבִיעוּת
stability	קְבִיעוּת
monotony	חַד-ְגּוֹנִיּוּת
monotony	חַדְגּוֹנִיּוּת
monotony	מוֹנוֹטוֹנִיּוּת
humdrum	חַד-ְגּוֹנִיּוּת
humdrum	חַדְגּוֹנִיּוּת
humdrum	מוֹנוֹטוֹנִיּוּת
sameness	חַד-ְגּוֹנִיּוּת
sameness	חַדְגּוֹנִיּוּת
sameness	מוֹנוֹטוֹנִיּוּת
resemblance	!דִּמְיוֹן
gulf	תְּהוֹם
disconnect	תְּהוֹם
disconnection	תְּהוֹם
likelihood	סְבִירוּת
likeliness	סְבִירוּת
doubt	סָפֵק
dubiousness	סָפֵק
doubtfulness	סָפֵק
question	סָפֵק
concreteness	מוּחָשִׁיּוּת
concreteness	מַמָּשִׁיּוּת
singularity	יִחוּד
singularity	מְיֻחָדוּת
singularity	יִחוּדִיּוּת
uniqueness	יִחוּד
uniqueness	מְיֻחָדוּת
uniqueness	יִחוּדִיּוּת
complexity	מֻרְכָּבוּת
complexness	מֻרְכָּבוּת
orderliness	שִׁיטָתִיּוּת
methodicalness	שִׁיטָתִיּוּת
mobility	!נַיָּדוּת
stability	יַצִּיבוּת
stableness	יַצִּיבוּת
artificiality	מְלָאכוּתִיּוּת
pretentiousness	יָמְרָה
pretension	יָמְרָה
largeness	יָמְרָה
preciseness	!דִּיּוּק
precision	!דִּיּוּק
baseness	שִׁפְלוּת
baseness	נִבְזוּת
baseness	נִבְזִיּוּת
baseness	נַוְלוּת
sordidness	שִׁפְלוּת
sordidness	נִבְזוּת
sordidness	נִבְזִיּוּת
sordidness	נַוְלוּת
contemptibility	שִׁפְלוּת
contemptibility	נִבְזוּת
contemptibility	נִבְזִיּוּת
contemptibility	נַוְלוּת
despicableness	שִׁפְלוּת
despicableness	נִבְזוּת
despicableness	נִבְזִיּוּת
despicableness	נַוְלוּת
despicability	שִׁפְלוּת
despicability	נִבְזוּת
despicability	נִבְזִיּוּת
despicability	נַוְלוּת
legality	חֻקִּיּוּת
clarity	בְּהִירוּת
lucidity	בְּהִירוּת
lucidness	בְּהִירוּת
pellucidity	בְּהִירוּת
clearness	בְּהִירוּת
limpidity	בְּהִירוּת
piety	אֲדִיקוּת
piousness	אֲדִיקוּת
devoutness	דְּבֵקוּת
religiousness	דְּבֵקוּת
mark of Cain	אוֹת-קַיִן
compassion	חֶמְלָה
pity	חֶמְלָה
miserliness	!קַמְצָנוּת
enterprise	יָזְמָה
enterprisingness	יָזְמָה
initiative	יָזְמָה
go-ahead	יָזְמָה
ambition	אַמְבִּיצְיָה
ambition	שְׁאַפְתָּנוּת
ambition	הֶשֵּׂגִיּוּת
ambitiousness	אַמְבִּיצְיָה
ambitiousness	שְׁאַפְתָּנוּת
ambitiousness	הֶשֵּׂגִיּוּת
presumption	!הַשְׁעָרָה
presumptuousness	!הַשְׁעָרָה
effrontery	!הַשְׁעָרָה
assumption	!הַשְׁעָרָה
grace	חֶסֶד
grace of God	חֶסֶד
free grace	חֶסֶד
consideration	הִתְחַשְּׁבוּת
considerateness	הִתְחַשְּׁבוּת
thoughtfulness	הִתְחַשְּׁבוּת
conscience	!מַצְפּוּן
good	טוּב
goodness	טוּב
injustice	גְּרִימַת-עָוֶל
unjustness	גְּרִימַת-עָוֶל
holiness	קְדֻשָּׁה
holiness	קֹדֶשׁ
sanctity	קְדֻשָּׁה
sanctity	קֹדֶשׁ
sanctitude	קְדֻשָּׁה
sanctitude	קֹדֶשׁ
courage	אֹמֶץ
courageousness	אֹמֶץ
bravery	אֹמֶץ
braveness	אֹמֶץ
heroism	הֶרוֹאִיזְם
heroism	גְּבוּרָה
gallantry	הֶרוֹאִיזְם
gallantry	גְּבוּרָה
valor	הֶרוֹאִיזְם
valor	גְּבוּרָה
valour	הֶרוֹאִיזְם
valour	גְּבוּרָה
valorousness	הֶרוֹאִיזְם
valorousness	גְּבוּרָה
valiance	הֶרוֹאִיזְם
valiance	גְּבוּרָה
valiancy	הֶרוֹאִיזְם
valiancy	גְּבוּרָה
stubbornness	עַקְשָׁנוּת
bullheadedness	עַקְשָׁנוּת
obstinacy	עַקְשָׁנוּת
obstinance	עַקְשָׁנוּת
pigheadedness	עַקְשָׁנוּת
self-will	עַקְשָׁנוּת
determination	!מַטָּרָה
purpose	!מַטָּרָה
diligence	!תַּעֲשִׂיָּה
industriousness	!תַּעֲשִׂיָּה
industry	!תַּעֲשִׂיָּה
heartiness	לְבָבִיּוּת
wholeheartedness	לְבָבִיּוּת
honesty	יֹשֶׁר
honestness	יֹשֶׁר
truthfulness	יֹשֶׁר-לֵב
fraudulence	!רְמִיָּה
fraudulence	!רַמָּאוּת
fidelity	!נֶאֱמָנוּת
faithfulness	!נֶאֱמָנוּת
patriotism	פַּטְרִיוֹטִיּוּת
patriotism	לְאֻמִּיּוּת
patriotism	פַּטְרִיוֹטִיזְם
nationalism	פַּטְרִיוֹטִיּוּת
nationalism	לְאֻמִּיּוּת
nationalism	פַּטְרִיוֹטִיזְם
naivete	נָאִיבִיּוּת
naivete	תְּמִימוּת
naivety	נָאִיבִיּוּת
naivety	תְּמִימוּת
naiveness	נָאִיבִיּוּת
naiveness	תְּמִימוּת
austerity	פְּרִישׁוּת
austerity	צֶנַע
austerity	סַגְפָנוּת
asceticism	פְּרִישׁוּת
asceticism	צֶנַע
asceticism	סַגְפָנוּת
nonindulgence	פְּרִישׁוּת
nonindulgence	צֶנַע
nonindulgence	סַגְפָנוּת
abstinence	GAP!
abstention	GAP!
dignity	כָּבוֹד
dignity	כָּבוֹד-עַצְמִי
self-respect	כָּבוֹד
self-respect	כָּבוֹד-עַצְמִי
self-regard	כָּבוֹד
self-regard	כָּבוֹד-עַצְמִי
self-worth	כָּבוֹד
self-worth	כָּבוֹד-עַצְמִי
boastfulness	רַבְרְבָנוּת
vainglory	רַבְרְבָנוּת
arrogance	יְהִירוּת
arrogance	יָהֳרָה
haughtiness	יְהִירוּת
haughtiness	יָהֳרָה
hauteur	יְהִירוּת
hauteur	יָהֳרָה
high-handedness	יְהִירוּת
high-handedness	יָהֳרָה
lordliness	יְהִירוּת
lordliness	יָהֳרָה
clannishness	!בִּלְעָדִיּוּת
cliquishness	!בִּלְעָדִיּוּת
exclusiveness	!בִּלְעָדִיּוּת
humility	עֲנָוָה
humility	עַנְוְתָנוּת
humbleness	עֲנָוָה
humbleness	עַנְוְתָנוּת
profligacy	!פַּזְרָנוּת
suspicion	חַשְׁדָנוּת
suspiciousness	חַשְׁדָנוּת
fastidiousness	בַּרְרָנוּת
demeanor	!נִהוּל
demeanour	!נִהוּל
deportment	!נִהוּל
modesty	!עֲנָוָה
modesty	!צְנִיעוּת
reserve	!עֲנָוָה
reserve	!צְנִיעוּת
obscenity	זִמָּה
lewdness	זִמָּה
bawdiness	זִמָּה
salaciousness	זִמָּה
salacity	זִמָּה
obedience	צַיְתָנוּת
stubbornness	קַשְׁיוּת-עֹרֶף
obstinacy	קַשְׁיוּת-עֹרֶף
obstinance	קַשְׁיוּת-עֹרֶף
mulishness	קַשְׁיוּת-עֹרֶף
mulishness	עַקְשָׁנוּת
formality	רִשְׁמִיּוּת
formalness	רִשְׁמִיּוּת
ceremoniousness	טִקְסִיּוּת
chivalry	אַבִּירוּת
gallantry	אַבִּירוּת
politesse	אַבִּירוּת
education	דֶּרֶךְ-אֶרֶץ
training	דֶּרֶךְ-אֶרֶץ
breeding	דֶּרֶךְ-אֶרֶץ
childishness	GAP!
puerility	GAP!
manner	צוּרָה
manner	דֶּרֶךְ
manner	סִגְנוֹן
mode	צוּרָה
mode	דֶּרֶךְ
mode	סִגְנוֹן
style	צוּרָה
style	דֶּרֶךְ
style	סִגְנוֹן
way	צוּרָה
way	דֶּרֶךְ
way	סִגְנוֹן
fashion	צוּרָה
fashion	דֶּרֶךְ
fashion	סִגְנוֹן
life style	סִגְנוֹן-חַיִּים
life-style	סִגְנוֹן-חַיִּים
lifestyle	סִגְנוֹן-חַיִּים
modus vivendi	סִגְנוֹן-חַיִּים
wise	!שִׁיטָה
wise	!דֶּרֶךְ
wise	!צוּרָה
wise	!אֹפֶן
framework	שֶׁלֶד
framework	מִבְנֶה
fabric	שֶׁלֶד
fabric	מִבְנֶה
constitution	הֶרְכֵּב
composition	הֶרְכֵּב
physical composition	הֶרְכֵּב
makeup	הֶרְכֵּב
make-up	הֶרְכֵּב
viscosity	צְמִיגוּת
viscousness	צְמִיגוּת
compressibility	!דְּחִיסוּת
squeezability	!דְּחִיסוּת
sponginess	!דְּחִיסוּת
brittleness	פְּרִיכוּת
crispness	פְּרִיכוּת
crispiness	פְּרִיכוּת
penetrability	!חֲדִירוּת
perviousness	!חֲדִירוּת
tendency	!נְטִיָּה
inclination	!נְטִיָּה
hunger	צִמָּאוֹן
hunger	צָמָא
hunger	רָעָב
hungriness	צִמָּאוֹן
hungriness	צָמָא
hungriness	רָעָב
thirst	צִמָּאוֹן
thirst	צָמָא
thirst	רָעָב
thirstiness	צִמָּאוֹן
thirstiness	צָמָא
thirstiness	רָעָב
acquisitiveness	רְכוּשָׁנוּת
nap	GAP!
radiance	זֹהַר
radiancy	זֹהַר
shine	זֹהַר
effulgence	זֹהַר
refulgence	זֹהַר
refulgency	זֹהַר
shininess	בָּרָק
sheen	בָּרָק
luster	בָּרָק
lustre	בָּרָק
shade	גָּוֶן
tint	גָּוֶן
tincture	גָּוֶן
tone	גָּוֶן
white	לֹבֶן
whiteness	לֹבֶן
chalk	!גִּיר
redness	אָדֹם
crimson	!שָׁנִי
ruby	!שָׁנִי
deep red	!שָׁנִי
scarlet	!שָׁנִי
vermilion	!שָׁנִי
orange red	!שָׁנִי
rose	GAP!
rosiness	GAP!
gruffness	צְרִידוּת
hoarseness	צְרִידוּת
huskiness	צְרִידוּת
piano	פְּיָאנוֹ
piano	פְּיָאנִיסִימוֹ
pianissimo	פְּיָאנוֹ
pianissimo	פְּיָאנִיסִימוֹ
spiciness	!תַּבְלִין
spice	!תַּבְלִין
spicery	!תַּבְלִין
physique	מִבְנֶה-גּוּף
build	מִבְנֶה-גּוּף
body-build	מִבְנֶה-גּוּף
habitus	מִבְנֶה-גּוּף
fatness	שֹׁמֶן
fatness	מִשְׁמַנִּים
fat	שֹׁמֶן
fat	מִשְׁמַנִּים
blubber	שֹׁמֶן
blubber	מִשְׁמַנִּים
avoirdupois	שֹׁמֶן
avoirdupois	מִשְׁמַנִּים
sex	מִין
sex	גֶ'נְדֶר
sex	מִגְדָּר
gender	מִין
gender	גֶ'נְדֶר
gender	מִגְדָּר
sexuality	מִין
sexuality	גֶ'נְדֶר
sexuality	מִגְדָּר
temperature	טֶמְפֶּרָטוּרָה
weight	מִשְׁקָל
momentum	תֶּנַע
momentum	מוֹמֶנְטוּם
brawn	!שְׁרִיר
brawniness	!שְׁרִיר
muscle	!שְׁרִיר
muscularity	!שְׁרִיר
sinew	!שְׁרִיר
heftiness	!שְׁרִיר
momentum	תְּנוּפָה
impulse	תְּנוּפָה
ferocity	GAP!
fierceness	GAP!
furiousness	GAP!
fury	GAP!
vehemence	GAP!
violence	GAP!
wildness	GAP!
rain	גֶּשֶׁם
rain	מָטָר
pelting	גֶּשֶׁם
pelting	מָטָר
timing	טַיְמִינְג
timing	עִתּוּי
duration	!מֶשֶׁךְ
length	!מֶשֶׁךְ
permanence	קֶבַע
permanence	קְבִיעוּת
permanency	קֶבַע
permanency	קְבִיעוּת
mortality	!תְּמוּתָה
speed	מְהִירוּת
swiftness	מְהִירוּת
fastness	מְהִירוּת
pace	קֶצֶב
rate	קֶצֶב
deceleration	הֶאָטָה
slowing	הֶאָטָה
retardation	הֶאָטָה
gradient	שִׁפּוּעַ
slope	שִׁפּוּעַ
pitch	נְטִיָּה
rake	נְטִיָּה
slant	נְטִיָּה
abruptness	תְּלִילוּת
precipitousness	תְּלִילוּת
steepness	תְּלִילוּת
position	מַצָּב
spatial relation	מַצָּב
centrality	מֶרְכָּזִיּוּת
position	תְּנוּחָה
posture	תְּנוּחָה
attitude	תְּנוּחָה
stance	עֶמְדָּה
dispersion	!חֲלֻקָּה
probability	סִכּוּי
chance	סִכּוּי
circumference	הֶקֵּף
perimeter	הֶקֵּף
smallness	קַטְנוּת
smallness	קֹטֶן
littleness	קַטְנוּת
littleness	קֹטֶן
rise	הַעֲלָאָה
wage hike	הַעֲלָאָה
hike	הַעֲלָאָה
wage increase	הַעֲלָאָה
salary increase	הַעֲלָאָה
drop	נְפִילָה
dip	נְפִילָה
fall	נְפִילָה
free fall	נְפִילָה
deficit	מַחְסוֹר
deficit	חֶסֶר
shortage	מַחְסוֹר
shortage	חֶסֶר
shortfall	מַחְסוֹר
shortfall	חֶסֶר
abundance	שֶׁפַע
copiousness	שֶׁפַע
teemingness	שֶׁפַע
profusion	שֶׁפַע
profuseness	שֶׁפַע
richness	שֶׁפַע
cornucopia	שֶׁפַע
luxury	לוּקְסוּס
luxury	מוֹתָרוֹת
excess	עֹדֶף
surplus	עֹדֶף
surplusage	עֹדֶף
nimiety	עֹדֶף
overplus	גֹּדֶשׁ
plethora	גֹּדֶשׁ
superfluity	גֹּדֶשׁ
embarrassment	גֹּדֶשׁ
majority	רֹב
majority	עִקָּר
bulk	רֹב
bulk	עִקָּר
minority	מִעוּט
extent	!הֶקֵּף
extent	!מִדָּה
limit	גְּבוּל
bound	גְּבוּל
boundary	גְּבוּל
altitude	רוּם
height	רוּם
worth	עֵרֶךְ
worthwhileness	כְּדָאִיּוּת
goodness	טוֹב
monetary value	!מְחִיר
price	!מְחִיר
cost	!מְחִיר
lavishness	פְּאֵר
luxury	פְּאֵר
sumptuosity	פְּאֵר
sumptuousness	פְּאֵר
purpose	תַּפְקִיד
use	תַּפְקִיד
fitness	!כְּשִׁירוּת
incompetence	אִי-כְּשִׁירוּת
incompetency	אִי-כְּשִׁירוּת
aid	סִיּוּעַ
assistance	סִיּוּעַ
help	סִיּוּעַ
advantage	יִתְרוֹן
vantage	יִתְרוֹן
profit	יִתְרוֹן
profit	טוֹבַת-הֲנָאָה
profit	רֶוַח
gain	יִתְרוֹן
gain	טוֹבַת-הֲנָאָה
gain	רֶוַח
profitableness	!רִוְחִיּוּת
profitability	!רִוְחִיּוּת
gainfulness	!רִוְחִיּוּת
lucrativeness	!רִוְחִיּוּת
preference	קְדִימָה
preference	קְדִימוּת
good	!טוּב
limitation	מִגְבָּלָה
price	מְחִיר
cost	מְחִיר
toll	מְחִיר
destructiveness	!הַרְסָנוּת
poison	רַעַל
importance	חֲשִׁיבוּת
urgency	!דְּחִיפוּת
prerogative	פְּרִיבִילֶגְיָה
prerogative	זְכוּת-יֶתֶר
privilege	פְּרִיבִילֶגְיָה
privilege	זְכוּת-יֶתֶר
perquisite	פְּרִיבִילֶגְיָה
perquisite	זְכוּת-יֶתֶר
exclusive right	פְּרִיבִילֶגְיָה
exclusive right	זְכוּת-יֶתֶר
grip	שְׁלִיטָה
grasp	שְׁלִיטָה
ability	יְכֹלֶת
body	גּוּף
organic structure	גּוּף
physical structure	גּוּף
human body	גּוּף-הָאָדָם
physical body	גּוּף-הָאָדָם
material body	גּוּף-הָאָדָם
soma	גּוּף-הָאָדָם
build	גּוּף-הָאָדָם
figure	גּוּף-הָאָדָם
physique	גּוּף-הָאָדָם
anatomy	גּוּף-הָאָדָם
shape	גּוּף-הָאָדָם
bod	גּוּף-הָאָדָם
chassis	גּוּף-הָאָדָם
frame	גּוּף-הָאָדָם
form	גּוּף-הָאָדָם
flesh	גּוּף-הָאָדָם
cadaver	!גּוּפָה
corpse	!גּוּפָה
stiff	!גּוּפָה
clay	!גּוּפָה
remains	!גּוּפָה
mummy	מוּמְיָה
mummy	חָנוּט
area	GAP!
region	GAP!
anatomical structure	מִבְנֶה
complex body part	מִבְנֶה
bodily structure	מִבְנֶה
body structure	מִבְנֶה
orifice	!פֶּה
opening	!פֶּה
porta	!פֶּה
head of hair	רַעֲמָה
lock	תַּלְתַּל
curl	תַּלְתַּל
ringlet	תַּלְתַּל
whorl	תַּלְתַּל
permanent wave	פֶּרְמָנֶנְט
permanent	פֶּרְמָנֶנְט
perm	פֶּרְמָנֶנְט
mustache	שָׂפָם
moustache	שָׂפָם
flesh	בָּשָׂר
adipose tissue	רִקְמַת-שֻׁמָּן
adipose tissue	שֻׁמָּן
fat	רִקְמַת-שֻׁמָּן
fat	שֻׁמָּן
fatty tissue	רִקְמַת-שֻׁמָּן
fatty tissue	שֻׁמָּן
bone	גֶּרֶם
bone	עֶצֶם
os	גֶּרֶם
os	עֶצֶם
patella	פִּקַּת-הַבֶּרֶךְ
kneecap	פִּקַּת-הַבֶּרֶךְ
kneepan	פִּקַּת-הַבֶּרֶךְ
rib	צֶלַע
costa	צֶלַע
vertebra	חֻלְיָה
cartilage	סְחוּס
gristle	סְחוּס
muscle	שְׁרִיר
muscular tissue	שְׁרִיר
musculus	!שְׁרִיר
tendon	גִּיד
sinew	גִּיד
organ	כְּלִי
organ	אֵיבָר
uvula	עִנְבָּל
palate	חֵךְ
roof of the mouth	חֵךְ
eye	עַיִן
oculus	עַיִן
optic	עַיִן
eyebrow	גַּבָּה
brow	גַּבָּה
supercilium	גַּבָּה
eyelid	עַפְעַף
eyelid	שְׁמוּרַת-עַיִן
lid	עַפְעַף
lid	שְׁמוּרַת-עַיִן
palpebra	עַפְעַף
palpebra	שְׁמוּרַת-עַיִן
cornea	קַרְנִית
crystalline lens	עֲדָשָׁה
lens of the eye	עֲדָשָׁה
gland	בַּלּוּטָה
secretory organ	בַּלּוּטָה
secretor	בַּלּוּטָה
secreter	בַּלּוּטָה
kidney	כִּלְיָה
liver	כָּבֵד
pancreas	פַּנְקְרֵאָס
pancreas	לַבְלַב
lung	רֵאָה
ventricle	חֶדֶר
heart ventricle	חֶדֶר
atrium	עֲלִיָּה
stomach	קֵבָה
tummy	קֵבָה
tum	קֵבָה
breadbasket	קֵבָה
juice	!מִיץ
succus	!מִיץ
milk	חָלָב
perspiration	זֵעָה
sweat	זֵעָה
sudor	זֵעָה
bile	מָרָה
gall	מָרָה
pus	מֻגְלָה
purulence	מֻגְלָה
suppuration	מֻגְלָה
ichor	מֻגְלָה
sanies	מֻגְלָה
festering	מֻגְלָה
retina	רִשְׁתִּית
gene	!גֶּן
cistron	!גֶּן
factor	!גֶּן
sperm	תָּא-זֶרַע
sperm	זֶרַע
sperm cell	תָּא-זֶרַע
sperm cell	זֶרַע
spermatozoon	תָּא-זֶרַע
spermatozoon	זֶרַע
spermatozoan	תָּא-זֶרַע
spermatozoan	זֶרַע
lobe	אֻנָּה
ventricle	!חֶדֶר
genitalia	אֵיבְרֵי-הַמִּין
genitalia	עֶרְוָה
genital organ	אֵיבְרֵי-הַמִּין
genital organ	עֶרְוָה
genitals	אֵיבְרֵי-הַמִּין
genitals	עֶרְוָה
private parts	אֵיבְרֵי-הַמִּין
private parts	עֶרְוָה
privates	אֵיבְרֵי-הַמִּין
privates	עֶרְוָה
crotch	אֵיבְרֵי-הַמִּין
crotch	עֶרְוָה
uterus	רֶחֶם
womb	רֶחֶם
hymen	בְּתוּלִין
hymen	בְּתוּלִים
hymen	קְרוּם-הַבְּתוּלִים
maidenhead	בְּתוּלִין
maidenhead	בְּתוּלִים
maidenhead	קְרוּם-הַבְּתוּלִים
virginal membrane	בְּתוּלִין
virginal membrane	בְּתוּלִים
virginal membrane	קְרוּם-הַבְּתוּלִים
penis	גִּיד
penis	גַּבְרוּת
penis	פִּין
penis	אֵיבָר
phallus	גִּיד
phallus	גַּבְרוּת
phallus	פִּין
phallus	אֵיבָר
member	גִּיד
member	גַּבְרוּת
member	פִּין
member	אֵיבָר
prepuce	עָרְלָה
foreskin	עָרְלָה
esophagus	וֵשֶׁט
oesophagus	וֵשֶׁט
gorge	וֵשֶׁט
gullet	וֵשֶׁט
intestine	מְעִי
bowel	מְעִי
gut	מְעִי
scalp	קַרְקֶפֶת
frontal bone	עֶצֶם-הַמֵּצַח
os frontale	עֶצֶם-הַמֵּצַח
forehead	עֶצֶם-הַמֵּצַח
nape	עֹרֶף
scruff	עֹרֶף
nucha	עֹרֶף
thorax	בֵּית-הֶחָזֶה
chest	בֵּית-הֶחָזֶה
pectus	בֵּית-הֶחָזֶה
breast	חָזֶה
chest	חָזֶה
breast	צִיצִי
breast	שָׁד
breast	דַּד
bosom	צִיצִי
bosom	שָׁד
bosom	דַּד
knocker	צִיצִי
knocker	שָׁד
knocker	דַּד
boob	צִיצִי
boob	שָׁד
boob	דַּד
tit	צִיצִי
tit	שָׁד
tit	דַּד
titty	צִיצִי
titty	שָׁד
titty	דַּד
nipple	פִּטְמָה
mammilla	פִּטְמָה
mamilla	פִּטְמָה
pap	פִּטְמָה
teat	פִּטְמָה
tit	פִּטְמָה
belly	כֶּרֶס
paunch	כֶּרֶס
abdomen	בֶּטֶן
venter	בֶּטֶן
stomach	בֶּטֶן
belly	בֶּטֶן
back	גַּב
dorsum	גַּב
buttocks	עֲגָבוֹת
buttocks	טוּסִיק
buttocks	יַשְׁבָן
buttocks	עַכּוּז
buttocks	תַּחַת
buttocks	אֲחוֹרַיִם
buttocks	שֵׁת
nates	עֲגָבוֹת
nates	טוּסִיק
nates	יַשְׁבָן
nates	עַכּוּז
nates	תַּחַת
nates	אֲחוֹרַיִם
nates	שֵׁת
arse	עֲגָבוֹת
arse	טוּסִיק
arse	יַשְׁבָן
arse	עַכּוּז
arse	תַּחַת
arse	אֲחוֹרַיִם
arse	שֵׁת
butt	עֲגָבוֹת
butt	טוּסִיק
butt	יַשְׁבָן
butt	עַכּוּז
butt	תַּחַת
butt	אֲחוֹרַיִם
butt	שֵׁת
backside	עֲגָבוֹת
backside	טוּסִיק
backside	יַשְׁבָן
backside	עַכּוּז
backside	תַּחַת
backside	אֲחוֹרַיִם
backside	שֵׁת
bum	עֲגָבוֹת
bum	טוּסִיק
bum	יַשְׁבָן
bum	עַכּוּז
bum	תַּחַת
bum	אֲחוֹרַיִם
bum	שֵׁת
buns	עֲגָבוֹת
buns	טוּסִיק
buns	יַשְׁבָן
buns	עַכּוּז
buns	תַּחַת
buns	אֲחוֹרַיִם
buns	שֵׁת
can	עֲגָבוֹת
can	טוּסִיק
can	יַשְׁבָן
can	עַכּוּז
can	תַּחַת
can	אֲחוֹרַיִם
can	שֵׁת
fundament	עֲגָבוֹת
fundament	טוּסִיק
fundament	יַשְׁבָן
fundament	עַכּוּז
fundament	תַּחַת
fundament	אֲחוֹרַיִם
fundament	שֵׁת
hindquarters	עֲגָבוֹת
hindquarters	טוּסִיק
hindquarters	יַשְׁבָן
hindquarters	עַכּוּז
hindquarters	תַּחַת
hindquarters	אֲחוֹרַיִם
hindquarters	שֵׁת
hind end	עֲגָבוֹת
hind end	טוּסִיק
hind end	יַשְׁבָן
hind end	עַכּוּז
hind end	תַּחַת
hind end	אֲחוֹרַיִם
hind end	שֵׁת
keister	עֲגָבוֹת
keister	טוּסִיק
keister	יַשְׁבָן
keister	עַכּוּז
keister	תַּחַת
keister	אֲחוֹרַיִם
keister	שֵׁת
posterior	עֲגָבוֹת
posterior	טוּסִיק
posterior	יַשְׁבָן
posterior	עַכּוּז
posterior	תַּחַת
posterior	אֲחוֹרַיִם
posterior	שֵׁת
prat	עֲגָבוֹת
prat	טוּסִיק
prat	יַשְׁבָן
prat	עַכּוּז
prat	תַּחַת
prat	אֲחוֹרַיִם
prat	שֵׁת
rear	עֲגָבוֹת
rear	טוּסִיק
rear	יַשְׁבָן
rear	עַכּוּז
rear	תַּחַת
rear	אֲחוֹרַיִם
rear	שֵׁת
rear end	עֲגָבוֹת
rear end	טוּסִיק
rear end	יַשְׁבָן
rear end	עַכּוּז
rear end	תַּחַת
rear end	אֲחוֹרַיִם
rear end	שֵׁת
rump	עֲגָבוֹת
rump	טוּסִיק
rump	יַשְׁבָן
rump	עַכּוּז
rump	תַּחַת
rump	אֲחוֹרַיִם
rump	שֵׁת
stern	עֲגָבוֹת
stern	טוּסִיק
stern	יַשְׁבָן
stern	עַכּוּז
stern	תַּחַת
stern	אֲחוֹרַיִם
stern	שֵׁת
seat	עֲגָבוֹת
seat	טוּסִיק
seat	יַשְׁבָן
seat	עַכּוּז
seat	תַּחַת
seat	אֲחוֹרַיִם
seat	שֵׁת
tail	עֲגָבוֹת
tail	טוּסִיק
tail	יַשְׁבָן
tail	עַכּוּז
tail	תַּחַת
tail	אֲחוֹרַיִם
tail	שֵׁת
tail end	עֲגָבוֹת
tail end	טוּסִיק
tail end	יַשְׁבָן
tail end	עַכּוּז
tail end	תַּחַת
tail end	אֲחוֹרַיִם
tail end	שֵׁת
tooshie	עֲגָבוֹת
tooshie	טוּסִיק
tooshie	יַשְׁבָן
tooshie	עַכּוּז
tooshie	תַּחַת
tooshie	אֲחוֹרַיִם
tooshie	שֵׁת
tush	עֲגָבוֹת
tush	טוּסִיק
tush	יַשְׁבָן
tush	עַכּוּז
tush	תַּחַת
tush	אֲחוֹרַיִם
tush	שֵׁת
bottom	עֲגָבוֹת
bottom	טוּסִיק
bottom	יַשְׁבָן
bottom	עַכּוּז
bottom	תַּחַת
bottom	אֲחוֹרַיִם
bottom	שֵׁת
behind	עֲגָבוֹת
behind	טוּסִיק
behind	יַשְׁבָן
behind	עַכּוּז
behind	תַּחַת
behind	אֲחוֹרַיִם
behind	שֵׁת
derriere	עֲגָבוֹת
derriere	טוּסִיק
derriere	יַשְׁבָן
derriere	עַכּוּז
derriere	תַּחַת
derriere	אֲחוֹרַיִם
derriere	שֵׁת
fanny	עֲגָבוֹת
fanny	טוּסִיק
fanny	יַשְׁבָן
fanny	עַכּוּז
fanny	תַּחַת
fanny	אֲחוֹרַיִם
fanny	שֵׁת
ass	עֲגָבוֹת
ass	טוּסִיק
ass	יַשְׁבָן
ass	עַכּוּז
ass	תַּחַת
ass	אֲחוֹרַיִם
ass	שֵׁת
thigh	יָרֵךְ
fist	אֶגְרוֹף
clenched fist	אֶגְרוֹף
right	יַד-יָמִין
right	יָמִין
right hand	יַד-יָמִין
right hand	יָמִין
digit	אֶצְבַּע
dactyl	אֶצְבַּע
thumb	אֲגוּדָל
pollex	אֲגוּדָל
knee joint	בֶּרֶךְ
human knee	בֶּרֶךְ
articulatio genus	בֶּרֶךְ
genu	בֶּרֶךְ
big toe	בֹּהֶן
great toe	בֹּהֶן
hallux	בֹּהֶן
ankle	קַרְסֹל
ankle joint	קַרְסֹל
mortise joint	קַרְסֹל
articulatio talocruralis	קַרְסֹל
nail	צִפֹּרֶן
joint	פֶּרֶק
joint	מִפְרָק
articulation	פֶּרֶק
articulation	מִפְרָק
articulatio	פֶּרֶק
articulatio	מִפְרָק
chin	סַנְטֵר
mentum	סַנְטֵר
brow	מֵצַח
forehead	מֵצַח
precaution	זְהִירוּת
care	זְהִירוּת
forethought	זְהִירוּת
ability	כֹּשֶׁר
ability	כּוֹחַ
power	כֹּשֶׁר
power	כּוֹחַ
craft	עַרְמוּמִיּוּת
craft	תַּחְמָנוּת
craft	עָרְמָה
craftiness	עַרְמוּמִיּוּת
craftiness	תַּחְמָנוּת
craftiness	עָרְמָה
cunning	עַרְמוּמִיּוּת
cunning	תַּחְמָנוּת
cunning	עָרְמָה
foxiness	עַרְמוּמִיּוּת
foxiness	תַּחְמָנוּת
foxiness	עָרְמָה
guile	עַרְמוּמִיּוּת
guile	תַּחְמָנוּת
guile	עָרְמָה
slyness	עַרְמוּמִיּוּת
slyness	תַּחְמָנוּת
slyness	עָרְמָה
wiliness	עַרְמוּמִיּוּת
wiliness	תַּחְמָנוּת
wiliness	עָרְמָה
shrewdness	פִּקְחוּת
astuteness	פִּקְחוּת
perspicacity	פִּקְחוּת
perspicaciousness	פִּקְחוּת
instinct	אִינְסְטִינְקְט
inherent aptitude	אִינְסְטִינְקְט
creativity	יְצִירָתִיּוּת
creativeness	יְצִירָתִיּוּת
creative thinking	יְצִירָתִיּוּת
imaginary place	מָקוֹם-דִּמְיוֹנִי
mythical place	מָקוֹם-דִּמְיוֹנִי
fictitious place	מָקוֹם-דִּמְיוֹנִי
afterworld	!דּוּמָה
Heaven	שָׁמַיִם
Heaven	מַעְלָה
skill	!מְיֻמָּנוּת
skill	!מַדָּע
science	!מְיֻמָּנוּת
science	!מַדָּע
skill	מְיֻמָּנוּת
accomplishment	מְיֻמָּנוּת
acquirement	מְיֻמָּנוּת
acquisition	מְיֻמָּנוּת
attainment	מְיֻמָּנוּת
seamanship	יַמָּאוּת
expertness	מֻמְחִיּוּת
expertise	מֻמְחִיּוּת
professionalism	פְּרוֹפֶסְיוֹנָלִיּוּת
mental retardation	פִּגּוּר
backwardness	פִּגּוּר
slowness	פִּגּוּר
subnormality	פִּגּוּר
faculty	כֹּשֶׁר-מֶנְטָלִי
faculty	יְכֹלֶת-קוֹגְנִיטִיבִית
mental faculty	כֹּשֶׁר-מֶנְטָלִי
mental faculty	יְכֹלֶת-קוֹגְנִיטִיבִית
module	כֹּשֶׁר-מֶנְטָלִי
module	יְכֹלֶת-קוֹגְנִיטִיבִית
sense	חוּשׁ
sensation	חוּשׁ
sentience	חוּשׁ
sentiency	חוּשׁ
sensory faculty	חוּשׁ
volition	רָצוֹן
will	רָצוֹן
eyesight	!רְאִיָּה
seeing	!רְאִיָּה
sightedness	!רְאִיָּה
method	שִׁיטָה
solution	!פִּתְרוֹן
institution	מוֹסָד
matter	עִנְיָן
affair	עִנְיָן
thing	עִנְיָן
daze	מְבוּכָה
fog	מְבוּכָה
haze	מְבוּכָה
mystery	מִסְתּוֹרִין
mystery	חִידָה
mystery	תַּעֲלוּמָה
mystery	אֶנִיגְמָה
enigma	מִסְתּוֹרִין
enigma	חִידָה
enigma	תַּעֲלוּמָה
enigma	אֶנִיגְמָה
secret	מִסְתּוֹרִין
secret	חִידָה
secret	תַּעֲלוּמָה
secret	אֶנִיגְמָה
closed book	מִסְתּוֹרִין
closed book	חִידָה
closed book	תַּעֲלוּמָה
closed book	אֶנִיגְמָה
trouble	צָרָה
problem	צָרָה
substitute	חֲלִיפָה
replacement	חֲלִיפָה
uncertainty	סָפֵק
incertitude	סָפֵק
dubiety	סָפֵק
hesitation	הִסּוּס
vacillation	הִסּוּס
wavering	הִסּוּס
aroma	נִיחוֹחַ
fragrance	נִיחוֹחַ
perfume	נִיחוֹחַ
scent	נִיחוֹחַ
malodor	סֵרָחוֹן
malodor	עִפּוּשׁ
malodor	צַחֲנָה
malodor	סִרָחוֹן
malodour	סֵרָחוֹן
malodour	עִפּוּשׁ
malodour	צַחֲנָה
malodour	סִרָחוֹן
stench	סֵרָחוֹן
stench	עִפּוּשׁ
stench	צַחֲנָה
stench	סִרָחוֹן
stink	סֵרָחוֹן
stink	עִפּוּשׁ
stink	צַחֲנָה
stink	סִרָחוֹן
reek	סֵרָחוֹן
reek	עִפּוּשׁ
reek	צַחֲנָה
reek	סִרָחוֹן
fetor	סֵרָחוֹן
fetor	עִפּוּשׁ
fetor	צַחֲנָה
fetor	סִרָחוֹן
foetor	סֵרָחוֹן
foetor	עִפּוּשׁ
foetor	צַחֲנָה
foetor	סִרָחוֹן
mephitis	סֵרָחוֹן
mephitis	עִפּוּשׁ
mephitis	צַחֲנָה
mephitis	סִרָחוֹן
salt	מְלִיחוּת
saltiness	מְלִיחוּת
salinity	מְלִיחוּת
heat	חֹם
warmth	חֹם
arrangement	סֵדֶר
organization	סֵדֶר
organisation	סֵדֶר
system	סֵדֶר
classification	!מִיּוּן
categorization	!מִיּוּן
categorisation	!מִיּוּן
sorting	!מִיּוּן
knock	כִּסּוּחַ
knock	קְטִילָה
roast	כִּסּוּחַ
roast	קְטִילָה
attribution	יִחוּס
attribution	שִׁיּוּךְ
ascription	יִחוּס
ascription	שִׁיּוּךְ
evaluation	שׁוּמָה
valuation	שׁוּמָה
rating	שׁוּמָה
reappraisal	שִׁעְרוּךְ
revaluation	שִׁעְרוּךְ
review	שִׁעְרוּךְ
reassessment	שִׁעְרוּךְ
discrimination	הַבְחָנָה
secernment	הַבְחָנָה
cut	גִּזְרָה
imprinting	הַטְבָּעָה
experience	נִסָּיוֹן
memory	זִכָּרוֹן
remembering	זִכָּרוֹן
symbol	!סֵמֶל
symbolization	!סֵמֶל
symbolisation	!סֵמֶל
symbolic representation	!סֵמֶל
anthropomorphism	אַנְתְּרוֹפּוֹמוֹרְפִיזְם
theanthropism	אַנְתְּרוֹפּוֹמוֹרְפִיזְם
nightmare	סִיּוּט
wet dream	חֲלוֹם-רָטוּב
thinking	חֲשִׁיבָה
thinking	מַחְשָׁבָה
thought	חֲשִׁיבָה
thought	מַחְשָׁבָה
thought process	חֲשִׁיבָה
thought process	מַחְשָׁבָה
cerebration	חֲשִׁיבָה
cerebration	מַחְשָׁבָה
intellection	חֲשִׁיבָה
intellection	מַחְשָׁבָה
mentation	חֲשִׁיבָה
mentation	מַחְשָׁבָה
argumentation	!טַעֲנָה
logical argument	!טַעֲנָה
argument	!טַעֲנָה
line of reasoning	!טַעֲנָה
line	!טַעֲנָה
prediction	נִבּוּי
anticipation	נִבּוּי
prevision	נִבּוּי
syllogism	!הֶקֵּשׁ
abstraction	הַכְלָלָה
generalization	הַכְלָלָה
generalisation	הַכְלָלָה
deliberation	!שְׁקִילָה
weighing	!שְׁקִילָה
advisement	!שְׁקִילָה
choice	!בְּחִירָה
pick	!בְּחִירָה
selection	!בְּחִירָה
option	חֲלוּפָה
option	אַלְטֶרְנָטִיבָה
alternative	חֲלוּפָה
alternative	אַלְטֶרְנָטִיבָה
choice	חֲלוּפָה
choice	אַלְטֶרְנָטִיבָה
explanation	!הֶסְבֵּר
basis	בָּסִיס
foundation	בָּסִיס
fundament	בָּסִיס
groundwork	בָּסִיס
cornerstone	בָּסִיס
agreement	!הֶסְכֵּם
arrangement	!הֶסְכֵּם
deliberation	חִשּׁוּב
inspiration	!הַבְרָקָה
inquiry	!מֶחְקָר
inquiry	!חֲקִירָה
enquiry	!מֶחְקָר
enquiry	!חֲקִירָה
research	!מֶחְקָר
research	!חֲקִירָה
trial run	!נִסּוּי
tryout	!נִסּוּי
probe	חֲקִירָה
appreciation	!אֲחִיזָה
grasp	!אֲחִיזָה
hold	!אֲחִיזָה
revelation	!גִּלּוּי
content	כְּלַל-הַיֶּדַע
cognitive content	כְּלַל-הַיֶּדַע
mental object	כְּלַל-הַיֶּדַע
memento	מַזְכֶּרֶת
topic	!עִנְיָן
topic	!נוֹשֵׂא
subject	!עִנְיָן
subject	!נוֹשֵׂא
issue	!עִנְיָן
issue	!נוֹשֵׂא
matter	!עִנְיָן
matter	!נוֹשֵׂא
datum	נָתוּן
data point	נָתוּן
example	!דֻּגְמָה
illustration	!דֻּגְמָה
instance	!דֻּגְמָה
representative	!דֻּגְמָה
coupon	GAP!
joy	!תַּעֲנוּג
delight	!תַּעֲנוּג
pleasure	!תַּעֲנוּג
annoyance	כְּאֵב-רֹאשׁ
annoyance	מִטְרָד
annoyance	קוֹץ-בַּתַּחַת
bother	כְּאֵב-רֹאשׁ
bother	מִטְרָד
bother	קוֹץ-בַּתַּחַת
botheration	כְּאֵב-רֹאשׁ
botheration	מִטְרָד
botheration	קוֹץ-בַּתַּחַת
pain	כְּאֵב-רֹאשׁ
pain	מִטְרָד
pain	קוֹץ-בַּתַּחַת
infliction	כְּאֵב-רֹאשׁ
infliction	מִטְרָד
infliction	קוֹץ-בַּתַּחַת
pain in the neck	כְּאֵב-רֹאשׁ
pain in the neck	מִטְרָד
pain in the neck	קוֹץ-בַּתַּחַת
pain in the ass	כְּאֵב-רֹאשׁ
pain in the ass	מִטְרָד
pain in the ass	קוֹץ-בַּתַּחַת
burden	עֹל
burden	תִּיק
burden	נֵטֶל
burden	עֹמֶס
burden	מַעֲמָסָה
burden	מַשָּׂא
load	עֹל
load	תִּיק
load	נֵטֶל
load	עֹמֶס
load	מַעֲמָסָה
load	מַשָּׂא
encumbrance	עֹל
encumbrance	תִּיק
encumbrance	נֵטֶל
encumbrance	עֹמֶס
encumbrance	מַעֲמָסָה
encumbrance	מַשָּׂא
incumbrance	עֹל
incumbrance	תִּיק
incumbrance	נֵטֶל
incumbrance	עֹמֶס
incumbrance	מַעֲמָסָה
incumbrance	מַשָּׂא
onus	עֹל
onus	תִּיק
onus	נֵטֶל
onus	עֹמֶס
onus	מַעֲמָסָה
onus	מַשָּׂא
grief	!צַעַר
sorrow	!צַעַר
idea	מַחְשָׁבָה
concept	מֻשָּׂג
conception	מֻשָּׂג
construct	מֻשָּׂג
kind	מִין
kind	סוּג
sort	מִין
sort	סוּג
form	מִין
form	סוּג
variety	מִין
variety	סוּג
description	!תֵּאוּר
property	תְּכוּנָה
attribute	תְּכוּנָה
dimension	תְּכוּנָה
department	תְּחוּם
teacher	!מוֹרֶה
sum	סְכוּם
amount	סְכוּם
total	סְכוּם
part	!קֶטַע
division	!קֶטַע
beginning	הַתְחָלָה
model	!מִסְגֶּרֶת
theoretical account	!מִסְגֶּרֶת
prerequisite	דְּרִישַׁת-קְדָם
requirement	דְּרִישַׁת-קְדָם
requirement	דְּרִישָׁה
demand	דְּרִישָׁה
mistake	!טָעוּת
misunderstanding	!טָעוּת
misapprehension	!טָעוּת
policy	מְדִינִיּוּת
legal system	!דִּין
regimen	!מִשְׁטָר
regime	!מִשְׁטָר
projection	!פְּרוֹיֶקְט
generality	הַכְלָלָה
meaning	מַשְׁמָעוּת
substance	מַשְׁמָעוּת
paragon	מוֹפֵת
idol	מוֹפֵת
perfection	מוֹפֵת
beau ideal	מוֹפֵת
exemplar	!דֻּגְמָה
model	!דֻּגְמָה
good example	!דֻּגְמָה
beauty	!יֹפִי
beaut	!יֹפִי
character	תַּפְקִיד
theatrical role	תַּפְקִיד
persona	תַּפְקִיד
memory	זֵכֶר
opinion	דֵּעָה
sentiment	דֵּעָה
persuasion	דֵּעָה
view	דֵּעָה
thought	דֵּעָה
religion	!דָּת
faith	!דָּת
religious belief	!דָּת
promise	הַבְטָחָה
hope	הַבְטָחָה
values	עֲרָכִים
knightliness	אַבִּירוּת
nationalism	לְאֻמָּנוּת
secularism	חִלּוֹנִיּוּת
materialism	מָטֶרְיָאלִיזְם
physicalism	מָטֶרְיָאלִיזְם
agnosticism	סְקֶפְּטִיצִיזְם
agnosticism	סַפְקָנוּת
skepticism	סְקֶפְּטִיצִיזְם
skepticism	סַפְקָנוּת
scepticism	סְקֶפְּטִיצִיזְם
scepticism	סַפְקָנוּת
heresy	כְּפִירָה
heresy	מִינוּת
unorthodoxy	כְּפִירָה
unorthodoxy	מִינוּת
goal	מַטָּרָה
end	מַטָּרָה
aim	תַּכְלִית
aim	יַעַד
object	תַּכְלִית
object	יַעַד
objective	תַּכְלִית
objective	יַעַד
target	תַּכְלִית
target	יַעַד
destination	!יַעַד
terminus	!יַעַד
purpose	כַּוָּנָה
intent	כַּוָּנָה
intention	כַּוָּנָה
aim	כַּוָּנָה
design	כַּוָּנָה
intention	GAP!
will	!רָצוֹן
experience	חֲוָיָה
eruditeness	לַמְדָנוּת
eruditeness	יַדְעָנוּת
eruditeness	אֶרוּדִיצְיָה
erudition	לַמְדָנוּת
erudition	יַדְעָנוּת
erudition	אֶרוּדִיצְיָה
learnedness	לַמְדָנוּת
learnedness	יַדְעָנוּת
learnedness	אֶרוּדִיצְיָה
learning	לַמְדָנוּת
learning	יַדְעָנוּת
learning	אֶרוּדִיצְיָה
scholarship	לַמְדָנוּת
scholarship	יַדְעָנוּת
scholarship	אֶרוּדִיצְיָה
encyclopedism	לַמְדָנוּת
encyclopedism	יַדְעָנוּת
encyclopedism	אֶרוּדִיצְיָה
encyclopaedism	לַמְדָנוּת
encyclopaedism	יַדְעָנוּת
encyclopaedism	אֶרוּדִיצְיָה
ignorance	בַּעֲרוּת
ignorance	נִבְעָרוּת
ignorance	בּוּרוּת
discipline	תְּחוּם
discipline	דִּיסְצִיפְּלִינָה
subject	תְּחוּם
subject	דִּיסְצִיפְּלִינָה
subject area	תְּחוּם
subject area	דִּיסְצִיפְּלִינָה
subject field	תְּחוּם
subject field	דִּיסְצִיפְּלִינָה
field	תְּחוּם
field	דִּיסְצִיפְּלִינָה
field of study	תְּחוּם
field of study	דִּיסְצִיפְּלִינָה
study	תְּחוּם
study	דִּיסְצִיפְּלִינָה
bailiwick	תְּחוּם
bailiwick	דִּיסְצִיפְּלִינָה
region	!תְּחוּם
realm	!תְּחוּם
frontier	!גְּבוּל
territory	שֶׁטַח
knowledge domain	יֶדַע
knowledge base	יֶדַע
domain	יֶדַע
scientific knowledge	!מַדָּע
science	מַדָּע
scientific discipline	מַדָּע
mathematics	מָתֶמָטִיקָה
math	מָתֶמָטִיקָה
maths	מָתֶמָטִיקָה
arithmetic	חֶשְׁבּוֹן
arithmetic	אָרִיתְמֶטִיקָה
geometry	גֵּאוֹמֶטְרְיָה
geometry	הַנְדָּסָה
ordinate	אוֹרְדִּינָטָה
ordinate	פּוֹסֵק
mathematical group	קְבוּצָה
correlation	מִתְאָם
correlation	קוֹרֶלַצְיָה
correlational statistics	מִתְאָם
correlational statistics	קוֹרֶלַצְיָה
correlation coefficient	מְקַדֵּם-מִתְאָם
coefficient of correlation	מְקַדֵּם-מִתְאָם
correlation	מְקַדֵּם-מִתְאָם
medicine	GAP!
medical specialty	GAP!
dermatology	רְפוּאַת-עוֹר
dermatology	דֶּרְמָטוֹלוֹגְיָה
obstetrics	מְיַלְּדוּת
OB	מְיַלְּדוּת
tocology	מְיַלְּדוּת
midwifery	מְיַלְּדוּת
forestry	יַעֲרָנוּת
chemistry	כִּימְיָה
chemical science	כִּימְיָה
conservation	חֹק-שִׁמּוּר
relativity	תּוֹרַת-הַיַּחֲסוּת
theory of relativity	תּוֹרַת-הַיַּחֲסוּת
relativity theory	תּוֹרַת-הַיַּחֲסוּת
Einstein's theory of relativity	תּוֹרַת-הַיַּחֲסוּת
engineering	הַנְדָּסָה
engineering science	הַנְדָּסָה
applied science	הַנְדָּסָה
technology	הַנְדָּסָה
economics	כַּלְכָּלָה
economics	אֶקוֹנוֹמְיָה
economic science	כַּלְכָּלָה
economic science	אֶקוֹנוֹמְיָה
political economy	כַּלְכָּלָה
political economy	אֶקוֹנוֹמְיָה
linguistics	בַּלְשָׁנוּת
syntax	תַּחְבִּיר
syntax	סִינְטַקְס
disposition	!נְטִיָּה
Call	!שִׂיחָה
tendentiousness	מְגַמָּתִיּוּת
fanaticism	קַנָּאוּת
fanaticism	פָנָטִיּוּת
fanatism	קַנָּאוּת
fanatism	פָנָטִיּוּת
zealotry	קַנָּאוּת
zealotry	פָנָטִיּוּת
reputation	שֵׁם
report	שֵׁם
point of view	נְקֻדַּת-מַבָּט
point of view	בְּחִינָה
viewpoint	נְקֻדַּת-מַבָּט
viewpoint	בְּחִינָה
stand	נְקֻדַּת-מַבָּט
stand	בְּחִינָה
standpoint	נְקֻדַּת-מַבָּט
standpoint	בְּחִינָה
heterodoxy	כְּפִירָה
conservatism	קוֹנְסֶרְבָטִיבִיּוּת
conservatism	שַׁמְרָנוּת
conservativism	קוֹנְסֶרְבָטִיבִיּוּת
conservativism	שַׁמְרָנוּת
Christianity	נַצְרוּת
Christian religion	נַצְרוּת
Judaism	יַהֲדוּת
communication	קוֹמוּנִיקַצְיָה
communicating	קוֹמוּנִיקַצְיָה
communicating	תִּקְשֹׁרֶת
conveyance	!הַקְנָיָה
imparting	!הַקְנָיָה
impartation	!הַקְנָיָה
message	הוֹדָעָה
message	מֶסֶר
broadcast	שִׁדּוּר
leaf	עָלֶה
folio	עָלֶה
pagination	GAP!
folio	GAP!
page number	GAP!
paging	GAP!
channel	אָפִיק
channel	אֲפִיק-תִּמְסֹרֶת
transmission channel	אָפִיק
transmission channel	אֲפִיק-תִּמְסֹרֶת
channel	עָרוּץ-תִּקְשֹׁרֶת
channel	עָרוּץ
communication channel	עָרוּץ-תִּקְשֹׁרֶת
communication channel	עָרוּץ
line	עָרוּץ-תִּקְשֹׁרֶת
line	עָרוּץ
frequency band	תְּחוּם-תְּדָרִים
waveband	תְּחוּם-תְּדָרִים
film	קוֹלְנוֹעַ
cinema	קוֹלְנוֹעַ
celluloid	קוֹלְנוֹעַ
mail	!דֹּאַר
mail service	!דֹּאַר
postal service	!דֹּאַר
post	!דֹּאַר
telephone	טֶלֶפוֹנְיָה
telephony	טֶלֶפוֹנְיָה
call	שִׂיחָה
call	שִׂיחַת-טֶלֶפוֹן
call	טֶלֶפוֹן
phone call	שִׂיחָה
phone call	שִׂיחַת-טֶלֶפוֹן
phone call	טֶלֶפוֹן
telephone call	שִׂיחָה
telephone call	שִׂיחַת-טֶלֶפוֹן
telephone call	טֶלֶפוֹן
television	!טֶלֶוִיזְיָה
telecasting	!טֶלֶוִיזְיָה
TV	!טֶלֶוִיזְיָה
video	!טֶלֶוִיזְיָה
diminutive	!הַקְטָנָה
loanword	מִלָּה-שְׁאוּלָה
loan	מִלָּה-שְׁאוּלָה
plural	רִבּוּי
plural form	רִבּוּי
singular	יָחִיד
singular form	יָחִיד
syllable	הֲבָרָה
prefix	תְּחִלִּית
prefix	פְּרֶפִיקְס
ending	סִיֹּמֶת
ending	סוֹפִית
ending	סוּפִיקְס
termination	סִיֹּמֶת
termination	סוֹפִית
termination	סוּפִיקְס
clause	פְּסוּקִית
predicate	נָשׂוּא
verb phrase	נָשׂוּא
verb	פֹּעַל
infinitive	מָקוֹר
definite article	מְיֻדָּע
person	גּוּף
grammatical gender	מִין
feminine	נְקֵבָה
masculine	זָכָר
tense	זְמַן
past	זְמַן-עָבָר
past	עָבָר
past tense	זְמַן-עָבָר
past tense	עָבָר
future	עָתִיד
future tense	עָתִיד
participle	בֵּינוֹנִי
participial	בֵּינוֹנִי
nickname	כִּנּוּי
moniker	כִּנּוּי
cognomen	כִּנּוּי
sobriquet	כִּנּוּי
soubriquet	כִּנּוּי
byname	כִּנּוּי
Mister	מַר
Mister	אָדוֹן
Mr	מַר
Mr	אָדוֹן
Mr.	מַר
Mr.	אָדוֹן
Mrs	גְּבֶרֶת
Mrs.	גְּבֶרֶת
headline	כּוֹתֶרֶת
newspaper headline	כּוֹתֶרֶת
caption	כִּתּוּב
legend	כִּתּוּב
written communication	תִּקְשֹׁרֶת-בִּכְתָב
written language	תִּקְשֹׁרֶת-בִּכְתָב
black and white	תִּקְשֹׁרֶת-בִּכְתָב
shorthand	קַצְרָנוּת
shorthand	סְטֶנוֹגְרַפְיָה
stenography	קַצְרָנוּת
stenography	סְטֶנוֹגְרַפְיָה
tachygraphy	קַצְרָנוּת
tachygraphy	סְטֶנוֹגְרַפְיָה
longhand	כְּתָב
running hand	כְּתָב
cursive	כְּתָב
cursive script	כְּתָב
spelling	כְּתִיב
code	צֹפֶן
code	קוֹד
ZIP code	מִקּוּד
ZIP	מִקּוּד
postcode	מִקּוּד
postal code	מִקּוּד
computer code	קוֹד
writing	חֹמֶר-כָּתוּב
written material	חֹמֶר-כָּתוּב
piece of writing	חֹמֶר-כָּתוּב
literary composition	!סֵפֶר
literary work	!סֵפֶר
matter	חֹמֶר
mystery	!תַּעֲלוּמָה
mystery story	!תַּעֲלוּמָה
whodunit	!תַּעֲלוּמָה
legend	אַגָּדָה
fable	אַגָּדָה
poem	שִׁיר
verse form	שִׁיר
envoy	GAP!
envoi	GAP!
section	קֶטַע
subdivision	קֶטַע
article	סְעִיף
clause	סְעִיף
chapter	פֶּרֶק
introduction	פָּתִיחַ
introduction	הַקְדָּמָה
introduction	פְּתִיחָה
foreword	!פְּתִיחָה
preface	!פְּתִיחָה
prolusion	!פְּתִיחָה
conclusion	!סִיּוּם
end	!סִיּוּם
close	!סִיּוּם
ending	!סִיּוּם
appendix	!נִסְפָּח
paragraph	פִּסְקָה
typing	הַדְפָּסָה
typewriting	הַדְפָּסָה
handwriting	כְּתָב
handwriting	כְּתַב-יָד
hand	כְּתָב
hand	כְּתַב-יָד
script	כְּתָב
script	כְּתַב-יָד
inscription	כְּתֹבֶת
lettering	כְּתֹבֶת
essay	מַסָּה
paper	חִבּוּר
report	חִבּוּר
theme	חִבּוּר
annual	שְׁנָתוֹן
annual	סֵפֶר-שָׁנָה
yearly	שְׁנָתוֹן
yearly	סֵפֶר-שָׁנָה
yearbook	שְׁנָתוֹן
yearbook	סֵפֶר-שָׁנָה
editing	עֲרִיכָה
redaction	עֲרִיכָה
rewriting	שִׁכְתּוּב
revising	שִׁכְתּוּב
Leviticus	וַיִּקְרָא
Book of Leviticus	וַיִּקְרָא
Mark	מַארְק
Gospel According to Mark	מַארְק
Revelation	GAP!
Revelation of Saint John the Divine	GAP!
Apocalypse	GAP!
Book of Revelation	GAP!
Hagiographa	כְּתוּבִים
Ketubim	כְּתוּבִים
Writings	כְּתוּבִים
Talmud	תַּלְמוּד
Talmud	גְּמָרָא
psalm	!מִזְמוֹר
Psalm	מִזְמוֹר
summary	סִכּוּם
sum-up	סִכּוּם
outline	תַּקְצִיר
outline	אַבְּסְטְרַקְט
outline	סִינוֹפְּסִיס
synopsis	תַּקְצִיר
synopsis	אַבְּסְטְרַקְט
synopsis	סִינוֹפְּסִיס
abstract	תַּקְצִיר
abstract	אַבְּסְטְרַקְט
abstract	סִינוֹפְּסִיס
precis	תַּקְצִיר
precis	אַבְּסְטְרַקְט
precis	סִינוֹפְּסִיס
sketch	סְקִירָה
resume	סְקִירָה
summation	סִכּוּם
summing up	סִכּוּם
rundown	סִכּוּם
certificate	אִשּׁוּר
certificate	תְּעוּדָה
certification	אִשּׁוּר
certification	תְּעוּדָה
credential	אִשּׁוּר
credential	תְּעוּדָה
credentials	אִשּׁוּר
credentials	תְּעוּדָה
charter	צַ'רְטֶר
copula	אוֹגֵד
copulative	אוֹגֵד
linking verb	אוֹגֵד
questionnaire	שְׁאֵלוֹן
diploma	דִּיפְּלוֹמָה
diploma	תְּעוּדָה
sheepskin	דִּיפְּלוֹמָה
sheepskin	תְּעוּדָה
list	רְשִׁימָה
listing	רְשִׁימָה
news item	יְדִיעָה
contents	תֹּכֶן-הָעִנְיָנִים
contents	תֹּכֶן
table of contents	תֹּכֶן-הָעִנְיָנִים
table of contents	תֹּכֶן
criminal record	עָבָר-פְּלִילִי
criminal record	עָבָר
record	עָבָר-פְּלִילִי
record	עָבָר
rota	סֶבֶב
rota	רוֹטַצְיָה
memo	!מִזְכָּר
memo	!תַּזְכִּיר
memorandum	!מִזְכָּר
memorandum	!תַּזְכִּיר
memoranda	!מִזְכָּר
memoranda	!תַּזְכִּיר
resignation	מִכְתָּב-הִתְפַּטְּרוּת
request	עֲצוּמָה
petition	עֲצוּמָה
postulation	עֲצוּמָה
solicitation	!גְּבִיָּה
appeal	!גְּבִיָּה
collection	!גְּבִיָּה
ingathering	!גְּבִיָּה
coupon	קוּפּוֹן
coupon	שׁוֹבֵר
coupon	וָאוּצֶ'ר
coupon	תְּלוּשׁ
voucher	קוּפּוֹן
voucher	שׁוֹבֵר
voucher	וָאוּצֶ'ר
voucher	תְּלוּשׁ
ticket	כַּרְטִיס
commutation ticket	כַּרְטִיסִיָּה
season ticket	כַּרְטִיסִיָּה
charter	שֶׂכֶר
policy	פּוֹלִיסָה
insurance policy	פּוֹלִיסָה
insurance	פּוֹלִיסָה
covenant	בְּרִית
curfew	עֹצֶר
prohibition	!אִסּוּר
ban	!אִסּוּר
proscription	!אִסּוּר
testament	!רָצוֹן
license	רִשָּׁיוֹן
licence	רִשָּׁיוֹן
permit	רִשָּׁיוֹן
pardon	חֲנִינָה
amnesty	חֲנִינָה
writ	כְּתָב
judicial writ	כְּתָב
ticket	דו"ח-תְּנוּעָה
ticket	דּוּחַ
legislative act	!חֹק
statute	!חֹק
editor program	עוֹרֵךְ
editor	עוֹרֵךְ
translator	!מְתַרְגֵּם
translating program	!מְתַרְגֵּם
command	!הוֹרָאָה
statement	!הוֹרָאָה
program line	!הוֹרָאָה
edition	מַהֲדוּרָה
anthology	לֶקֶט
anthology	אֹסֶף
series	!סִדְרָה
serial	!סִדְרָה
serial publication	!סִדְרָה
monthly	יַרְחוֹן
perusal	!לִמּוּד
perusing	!לִמּוּד
poring over	!לִמּוּד
studying	!לִמּוּד
message	!מֶסֶר
message	!הוֹדָעָה
content	!מֶסֶר
content	!הוֹדָעָה
subject matter	!מֶסֶר
subject matter	!הוֹדָעָה
substance	!מֶסֶר
substance	!הוֹדָעָה
theme	!נוֹשֵׂא
meaning	כַּוָּנָה
significance	כַּוָּנָה
signification	כַּוָּנָה
import	כַּוָּנָה
moral	מוּסַר-הַשְׂכֵּל
moral	נִמְשָׁל
moral	לֶקַח
lesson	מוּסַר-הַשְׂכֵּל
lesson	נִמְשָׁל
lesson	לֶקַח
nuance	נְיוּאַנְס
nuance	גָּוֶן
nuance	דַּקּוּת
nicety	נְיוּאַנְס
nicety	גָּוֶן
nicety	דַּקּוּת
shade	נְיוּאַנְס
shade	דַּקּוּת
subtlety	נְיוּאַנְס
subtlety	גָּוֶן
subtlety	דַּקּוּת
refinement	נְיוּאַנְס
refinement	גָּוֶן
refinement	דַּקּוּת
folderol	שְׁטֻיּוֹת
rubbish	שְׁטֻיּוֹת
tripe	שְׁטֻיּוֹת
trumpery	שְׁטֻיּוֹת
trash	שְׁטֻיּוֹת
wish-wash	שְׁטֻיּוֹת
applesauce	שְׁטֻיּוֹת
codswallop	שְׁטֻיּוֹת
quotation	צִטּוּט
quotation	צִיטָטָה
quote	צִטּוּט
quote	צִיטָטָה
citation	צִטּוּט
citation	צִיטָטָה
movie	סֶרֶט
movie	סֶרֶט-קוֹלְנוֹעַ
film	סֶרֶט-קוֹלְנוֹעַ
picture	סֶרֶט
picture	סֶרֶט-קוֹלְנוֹעַ
moving picture	סֶרֶט
moving picture	סֶרֶט-קוֹלְנוֹעַ
moving-picture show	סֶרֶט
moving-picture show	סֶרֶט-קוֹלְנוֹעַ
motion picture	סֶרֶט
motion picture	סֶרֶט-קוֹלְנוֹעַ
motion-picture show	סֶרֶט
motion-picture show	סֶרֶט-קוֹלְנוֹעַ
picture show	סֶרֶט
picture show	סֶרֶט-קוֹלְנוֹעַ
pic	סֶרֶט
pic	סֶרֶט-קוֹלְנוֹעַ
flick	סֶרֶט
flick	סֶרֶט-קוֹלְנוֹעַ
broadcast	מִשְׁדָּר
broadcast	תָּכְנִית
program	שִׁדּוּר
program	מִשְׁדָּר
program	תָּכְנִית
programme	שִׁדּוּר
programme	מִשְׁדָּר
programme	תָּכְנִית
serial	סִדְרָה
series	סִדְרָה
correspondence	הִתְכַּתְּבוּת
letter	מִכְתָּב
missive	מִכְתָּב
postcard	גְּלוּיָה
post card	גְּלוּיָה
postal card	גְּלוּיָה
mailing-card	גְּלוּיָה
adieu	שָׁלוֹם
adieu	בַּי
adieu	צָ'אוּ
adieu	לְהִתְרָאוֹת
adieu	להת'
adieu	בַּי בַּי
adios	שָׁלוֹם
adios	בַּי
adios	צָ'אוּ
adios	לְהִתְרָאוֹת
adios	להת'
adios	בַּי בַּי
arrivederci	שָׁלוֹם
arrivederci	בַּי
arrivederci	צָ'אוּ
arrivederci	לְהִתְרָאוֹת
arrivederci	להת'
arrivederci	בַּי בַּי
auf wiedersehen	שָׁלוֹם
auf wiedersehen	בַּי
auf wiedersehen	צָ'אוּ
auf wiedersehen	לְהִתְרָאוֹת
auf wiedersehen	להת'
auf wiedersehen	בַּי בַּי
au revoir	שָׁלוֹם
au revoir	בַּי
au revoir	צָ'אוּ
au revoir	לְהִתְרָאוֹת
au revoir	להת'
au revoir	בַּי בַּי
bye	שָׁלוֹם
bye	בַּי
bye	צָ'אוּ
bye	לְהִתְרָאוֹת
bye	להת'
bye	בַּי בַּי
bye-bye	שָׁלוֹם
bye-bye	בַּי
bye-bye	צָ'אוּ
bye-bye	לְהִתְרָאוֹת
bye-bye	להת'
bye-bye	בַּי בַּי
cheerio	שָׁלוֹם
cheerio	בַּי
cheerio	צָ'אוּ
cheerio	לְהִתְרָאוֹת
cheerio	להת'
cheerio	בַּי בַּי
good-by	שָׁלוֹם
good-by	בַּי
good-by	צָ'אוּ
good-by	לְהִתְרָאוֹת
good-by	להת'
good-by	בַּי בַּי
goodby	שָׁלוֹם
goodby	בַּי
goodby	צָ'אוּ
goodby	לְהִתְרָאוֹת
goodby	להת'
goodby	בַּי בַּי
good-bye	שָׁלוֹם
good-bye	בַּי
good-bye	צָ'אוּ
good-bye	לְהִתְרָאוֹת
good-bye	להת'
good-bye	בַּי בַּי
goodbye	שָׁלוֹם
goodbye	בַּי
goodbye	צָ'אוּ
goodbye	לְהִתְרָאוֹת
goodbye	להת'
goodbye	בַּי בַּי
good day	שָׁלוֹם
good day	בַּי
good day	צָ'אוּ
good day	לְהִתְרָאוֹת
good day	להת'
good day	בַּי בַּי
sayonara	שָׁלוֹם
sayonara	בַּי
sayonara	צָ'אוּ
sayonara	לְהִתְרָאוֹת
sayonara	להת'
sayonara	בַּי בַּי
so long	שָׁלוֹם
so long	בַּי
so long	צָ'אוּ
so long	לְהִתְרָאוֹת
so long	להת'
so long	בַּי בַּי
regard	דְּרִישַׁת-שָׁלוֹם
regard	אִחוּל
regard	ד"ש
wish	דְּרִישַׁת-שָׁלוֹם
wish	אִחוּל
wish	ד"ש
compliments	דְּרִישַׁת-שָׁלוֹם
compliments	אִחוּל
compliments	ד"ש
hail	GAP!
welcome	קַבָּלַת-פָּנִים
declination	סֵרוּב
declination	מֵאוּן
regrets	סֵרוּב
regrets	מֵאוּן
information	מֵידָע
information	אִינְפוֹרְמַצְיָה
info	מֵידָע
info	אִינְפוֹרְמַצְיָה
consumer price index	מַדָּד
consumer price index	מַדַּד-הַמְּחִירִים-לַצַּרְכָן
CPI	מַדָּד
CPI	מַדַּד-הַמְּחִירִים-לַצַּרְכָן
cost-of-living index	מַדָּד
cost-of-living index	מַדַּד-הַמְּחִירִים-לַצַּרְכָן
trace	זֵכֶר
vestige	זֵכֶר
tincture	זֵכֶר
shadow	זֵכֶר
documentation	אִשּׁוּר
corroboration	אִשּׁוּר
ceiling	כַּדּוּרַגְלָן
ceiling	תִּקְרָה
roof	כַּדּוּרַגְלָן
roof	תִּקְרָה
cap	כַּדּוּרַגְלָן
cap	תִּקְרָה
floor	רִצְפָּה
base	רִצְפָּה
embargo	אֶמְבַּרְגּוֹ
trade embargo	אֶמְבַּרְגּוֹ
trade stoppage	אֶמְבַּרְגּוֹ
intervention	!הִתְעָרְבוּת
interference	!הִתְעָרְבוּת
code	קוֹדֵקְס
codification	קוֹדֵקְס
codification	קוֹד
equation	מִשְׁוָאָה
advice	עֵצָה
recommendation	!הַמְלָצָה
referral	!הַפְנָיָה
admonition	אַזְהָרָה
monition	אַזְהָרָה
warning	אַזְהָרָה
word of advice	אַזְהָרָה
cabala	!קַבָּלָה
cabbala	!קַבָּלָה
cabbalah	!קַבָּלָה
kabala	!קַבָּלָה
kabbala	!קַבָּלָה
kabbalah	!קַבָּלָה
qabala	!קַבָּלָה
qabalah	!קַבָּלָה
propaganda	תַּעֲמוּלָה
propaganda	פְּרוֹפָּגַנְדָּה
oath	שְׁבוּעָה
swearing	שְׁבוּעָה
guarantee	אַחְרָיוּת
guarantee	אַחֲרָיוּת
warrant	אַחְרָיוּת
warrant	אַחֲרָיוּת
warrantee	אַחְרָיוּת
warrantee	אַחֲרָיוּת
warranty	אַחְרָיוּת
warranty	אַחֲרָיוּת
guarantee	עֲרֻבָּה
visa	אַשְׁרָה
visa	וִיזָה
encouragement	!עִדּוּד
applause	תְּשׁוּאוֹת
applause	מְחִיאוֹת-כַּפַּיִם
applause	כַּפַּיִם
hand clapping	תְּשׁוּאוֹת
hand clapping	מְחִיאוֹת-כַּפַּיִם
hand clapping	כַּפַּיִם
clapping	תְּשׁוּאוֹת
clapping	מְחִיאוֹת-כַּפַּיִם
clapping	כַּפַּיִם
praise	תִּשְׁבָּחָה
praise	שֶׁבַח
congratulations	תִּשְׁבָּחָה
congratulations	שֶׁבַח
kudos	תִּשְׁבָּחָה
kudos	שֶׁבַח
extolment	תִּשְׁבָּחָה
extolment	שֶׁבַח
praise	!שֶׁבַח
testimonial	!הַמְלָצָה
good word	!הַמְלָצָה
blarney	!שִׁדּוּל
coaxing	!שִׁדּוּל
soft soap	!שִׁדּוּל
sweet talk	!שִׁדּוּל
award	פְּרָס
award	!פְּרָס
accolade	פְּרָס
accolade	!פְּרָס
honor	פְּרָס
honor	!פְּרָס
honour	פְּרָס
honour	!פְּרָס
laurels	פְּרָס
laurels	!פְּרָס
associate degree	GAP!
associate	GAP!
decoration	מֶדַלְיָה
laurel wreath	מֶדַלְיָה
medal	מֶדַלְיָה
medallion	מֶדַלְיָה
palm	מֶדַלְיָה
ribbon	מֶדַלְיָה
disapprobation	גִּנּוּי
condemnation	גִּנּוּי
rebuke	נְזִיפָה
rebuke	גְּעָרָה
rebuke	מָנָה
reproof	נְזִיפָה
reproof	גְּעָרָה
reproof	מָנָה
reproval	נְזִיפָה
reproval	גְּעָרָה
reproval	מָנָה
reprehension	נְזִיפָה
reprehension	גְּעָרָה
reprehension	מָנָה
reprimand	נְזִיפָה
reprimand	גְּעָרָה
reprimand	מָנָה
sermon	!הַטָּפָה
preaching	!הַטָּפָה
blame	הַאֲשָׁמָה
rap	הַאֲשָׁמָה
lecture	הַרְצָאָה
speech	הַרְצָאָה
talking to	הַרְצָאָה
derision	לַעַג
contempt	!בּוּז
scorn	!בּוּז
impudence	!חֻצְפָּה
cheek	!חֻצְפָּה
impertinence	!חֻצְפָּה
amendment	תִּקּוּן
description	תֵּאוּר
verbal description	תֵּאוּר
announcement	הַכְרָזָה
proclamation	הַכְרָזָה
annunciation	הַכְרָזָה
declaration	הַכְרָזָה
manifesto	מָנִיפֶסְט
manifesto	מִנְשָׁר
pronunciamento	מָנִיפֶסְט
pronunciamento	מִנְשָׁר
exhibit	מֻצָּג-מִשְׁפָּטִי
affidavit	הַצְהָרָה-בִּשְׁבוּעָה
affidavit	תַּצְהִיר
account	!הֶסְבֵּר
cause	עִלָּה
cause	סִבָּה
reason	עִלָּה
reason	סִבָּה
grounds	עִלָּה
grounds	סִבָּה
excuse	תֵּרוּץ
alibi	תֵּרוּץ
exculpation	תֵּרוּץ
self-justification	תֵּרוּץ
solution	פִּתְרוֹן
solution	תְּשׁוּבָה
answer	פִּתְרוֹן
answer	תְּשׁוּבָה
result	פִּתְרוֹן
result	תְּשׁוּבָה
resolution	פִּתְרוֹן
resolution	תְּשׁוּבָה
solvent	פִּתְרוֹן
solvent	תְּשׁוּבָה
answer	מַעֲנֶה
reply	מַעֲנֶה
reply	תְּשׁוּבָה
response	מַעֲנֶה
response	תְּשׁוּבָה
prediction	חִזּוּי
foretelling	חִזּוּי
foretelling	נִבּוּי
forecasting	חִזּוּי
forecasting	נִבּוּי
prognostication	חִזּוּי
prognostication	נִבּוּי
prognosis	צֶפִי
prognosis	תַּחֲזִית
prognosis	פְּרוֹגְנוֹזָה
forecast	צֶפִי
forecast	תַּחֲזִית
forecast	פְּרוֹגְנוֹזָה
condition	תְּנַאי
precondition	תְּנַאי
stipulation	תְּנַאי
fib	!סִפּוּר
story	!סִפּוּר
tale	!סִפּוּר
tarradiddle	!סִפּוּר
taradiddle	!סִפּוּר
misrepresentation	!רְמִיָּה
misrepresentation	!רַמָּאוּת
exaggeration	הַפְרָזָה
overstatement	הַגְזָמָה
overstatement	הַפְרָזָה
magnification	הַגְזָמָה
magnification	הַפְרָזָה
evasion	!הִשְׁתַּמְּטוּת
equivocation	!הִשְׁתַּמְּטוּת
reservation	!הִסְתַּיְּגוּת
qualification	!הִסְתַּיְּגוּת
comment	!פַּרְשָׁנוּת
commentary	!פַּרְשָׁנוּת
citation	הַפְנָיָה
citation	מַרְאֵה-מָקוֹם
citation	אִזְכּוּר
cite	הַפְנָיָה
cite	מַרְאֵה-מָקוֹם
cite	אִזְכּוּר
acknowledgment	הַפְנָיָה
acknowledgment	מַרְאֵה-מָקוֹם
acknowledgment	אִזְכּוּר
credit	הַפְנָיָה
credit	מַרְאֵה-מָקוֹם
credit	אִזְכּוּר
reference	הַפְנָיָה
reference	מַרְאֵה-מָקוֹם
reference	אִזְכּוּר
mention	הַפְנָיָה
mention	מַרְאֵה-מָקוֹם
mention	אִזְכּוּר
quotation	הַפְנָיָה
quotation	מַרְאֵה-מָקוֹם
quotation	אִזְכּוּר
remark	!הֶעָרָה
comment	!הֶעָרָה
input	!הֶעָרָה
error	!טָעוּת
term	תְּנַאי
bargain	עֵסֶק
bargain	דִּיל
bargain	עִסְקָה
deal	עֵסֶק
deal	דִּיל
deal	עִסְקָה
covenant	אֲמָנָה
compact	אֲמָנָה
concordat	אֲמָנָה
obligation	!הִתְחַיְּבוּת
treaty	בְּרִית
pact	בְּרִית
accord	בְּרִית
joke	בְּדִיחָה
joke	הֲלָצָה
gag	בְּדִיחָה
gag	הֲלָצָה
laugh	בְּדִיחָה
laugh	הֲלָצָה
jest	בְּדִיחָה
jest	הֲלָצָה
jape	בְּדִיחָה
jape	הֲלָצָה
problem	בְּעָיָה
crossword puzzle	תַּשְׁבֵּץ
crossword	תַּשְׁבֵּץ
address	כְּתֹבֶת
address	מַעַן
destination	כְּתֹבֶת
destination	מַעַן
name and address	כְּתֹבֶת
name and address	מַעַן
signal	סִיגְנָל
signal	אוֹת
signaling	סִיגְנָל
signaling	אוֹת
sign	סִיגְנָל
sign	אוֹת
poster	פְּלָקָט
poster	פּוֹסְטֶר
poster	כְּרָזָה
posting	פְּלָקָט
posting	פּוֹסְטֶר
posting	כְּרָזָה
placard	פְּלָקָט
placard	פּוֹסְטֶר
placard	כְּרָזָה
notice	פְּלָקָט
notice	פּוֹסְטֶר
notice	כְּרָזָה
bill	פְּלָקָט
bill	פּוֹסְטֶר
bill	כְּרָזָה
card	פְּלָקָט
card	פּוֹסְטֶר
card	כְּרָזָה
mark	אוֹת-קָלוֹן
mark	כֶּתֶם
mark	רְבָב
stigma	אוֹת-קָלוֹן
stigma	כֶּתֶם
stigma	רְבָב
brand	אוֹת-קָלוֹן
brand	כֶּתֶם
brand	רְבָב
stain	אוֹת-קָלוֹן
stain	כֶּתֶם
stain	רְבָב
indication	סִימָן
indication	אוֹת
indicant	סִימָן
indicant	אוֹת
hint	!רֶמֶז
clue	!רֶמֶז
curfew	GAP!
tattle	זִמְרָה
telling	זִמְרָה
symbol	סֵמֶל
numeral	!מִסְפָּר
number	!מִסְפָּר
decimal point	נְקֻדָּה עֶשְׂרוֹנִית
decimal point	נְקֻדָּה
percentage point	נְקֻדָּה עֶשְׂרוֹנִית
percentage point	נְקֻדָּה
point	נְקֻדָּה עֶשְׂרוֹנִית
point	נְקֻדָּה
asterisk	כּוֹכָב
asterisk	כּוֹכָבִית
star	כּוֹכָב
star	כּוֹכָבִית
letter	אוֹת
letter of the alphabet	אוֹת
alphabetic character	אוֹת
mu	מִי
phi	פִּי
chi	כִי
khi	כִי
aleph	אָלֶף
beth	בֵּית
beth	בֵּי"ת
nun	נוּן
ayin	עַיִן
hyphen	מַקָּף
dash	מַקָּף
period	נְקֻדָּה
full stop	נְקֻדָּה
stop	נְקֻדָּה
full point	נְקֻדָּה
phylactery	טוֹטֶפֶת
tefillin	טוֹטֶפֶת
pedal point	!דַּוְשָׁה
seventh	סֶפְּטִימָה
rest	דְּמִימָה
rest	הֶפְסֵק
mi	מִי
fa	!פָה
sign language	שְׂפַת-סִימָנִים
signing	שְׂפַת-סִימָנִים
gesture	!תְּנוּעָה
smile	חִיּוּךְ
smiling	חִיּוּךְ
grin	חִיּוּךְ
grinning	חִיּוּךְ
exemplification	!הַדְגָּמָה
illustration	!הַדְגָּמָה
emblem	!סֵמֶל
allegory	!סֵמֶל
elephant	GAP!
pedantry	!קַפְּדָנוּת
premiere	הַצָּגַת-בְּכוֹרָה
premiere	פְּרֶמְיֶרָה
Chinese	סִינִית
Mandarin	מַנְדָּרִין
Mandarin Chinese	מַנְדָּרִין
Mandarin dialect	מַנְדָּרִין
Beijing dialect	מַנְדָּרִין
Kuki	GAP!
Chin	GAP!
Kuki-Chin	GAP!
Polish	פּוֹלָנִית
Yiddish	יִידִישׁ
Yiddish	אִידִישׁ
Latin	לָטִינִית
Latin	רוֹמִית
French	צָרְפָתִית
Greek	GAP!
Hellenic	GAP!
Hellenic language	GAP!
Attic	GAP!
Ionic	GAP!
Ionic dialect	GAP!
Classical Greek	GAP!
Hebrew	עִבְרִית
Hebrew	לְשׁוֹן-הַקֹּדֶשׁ
Ewe	!כִּבְשָׂה
dramaturgy	תֵּאַטְרוֹן
dramatic art	תֵּאַטְרוֹן
dramatics	תֵּאַטְרוֹן
scene	תְּמוּנָה
scene	סְצֶנָה
libretto	תַּמְלִיל
effusion	הִתְפָּרְצוּת
gush	הִתְפָּרְצוּת
outburst	הִתְפָּרְצוּת
blowup	הִתְפָּרְצוּת
ebullition	הִתְפָּרְצוּת
musical	מְיוּזִיקְל
musical	מַחֲזֶמֶר
musical comedy	מְיוּזִיקְל
musical comedy	מַחֲזֶמֶר
musical theater	מְיוּזִיקְל
musical theater	מַחֲזֶמֶר
tune	לַחַן
tune	מַנְגִּינָה
melody	לַחַן
melody	מַנְגִּינָה
air	לַחַן
air	מַנְגִּינָה
strain	לַחַן
strain	מַנְגִּינָה
melodic line	לַחַן
melodic line	מַנְגִּינָה
line	לַחַן
line	מַנְגִּינָה
melodic phrase	לַחַן
melodic phrase	מַנְגִּינָה
hymn	!הִמְנוֹן
anthem	!הִמְנוֹן
overture	!פְּתִיחָה
lied	לִיד
stanza	בַּיִת
poetry	שִׁירָה
poesy	שִׁירָה
verse	שִׁירָה
poetry	פִּיּוּט
meter	!רֶגֶל
metre	!רֶגֶל
measure	!רֶגֶל
beat	!רֶגֶל
cadence	!רֶגֶל
rhyme	חָרוּז
rime	חָרוּז
trope	!דְּמוּת
figure of speech	!דְּמוּת
figure	!דְּמוּת
image	!דְּמוּת
hyperbole	הִיפֶּרְבּוֹלָה
exaggeration	הִיפֶּרְבּוֹלָה
metaphor	!דִּמּוּי
metaphor	!הַשְׁאָלָה
simile	!דִּמּוּי
utterance	!אֹמֶר
utterance	!אֲמִירָה
vocalization	!אֹמֶר
vocalization	!אֲמִירָה
phoneme	פוֹנֶמָה
phoneme	!הֶגֶה
vowel	תְּנוּעָה
vowel sound	תְּנוּעָה
vowel	!תְּנוּעָה
consonant	קוֹנְסוֹנַנְט
consonant	עִצּוּר
scream	צְוִיחָה
scream	צְרִיחָה
scream	צְרָחָה
scream	צְוָחָה
screaming	צְוִיחָה
screaming	צְרִיחָה
screaming	צְרָחָה
screaming	צְוָחָה
shriek	צְוִיחָה
shriek	צְרִיחָה
shriek	צְרָחָה
shriek	צְוָחָה
shrieking	צְוִיחָה
shrieking	צְרִיחָה
shrieking	צְרָחָה
shrieking	צְוָחָה
screech	צְוִיחָה
screech	צְרִיחָה
screech	צְרָחָה
screech	צְוָחָה
screeching	צְוִיחָה
screeching	צְרִיחָה
screeching	צְרָחָה
screeching	צְוָחָה
curse	גִּדּוּף
curse	קְלָלָה
curse	מְאֵרָה
curse word	גִּדּוּף
curse word	קְלָלָה
curse word	מְאֵרָה
expletive	גִּדּוּף
expletive	קְלָלָה
expletive	מְאֵרָה
oath	גִּדּוּף
oath	קְלָלָה
oath	מְאֵרָה
swearing	גִּדּוּף
swearing	קְלָלָה
swearing	מְאֵרָה
swearword	גִּדּוּף
swearword	קְלָלָה
swearword	מְאֵרָה
cuss	גִּדּוּף
cuss	קְלָלָה
cuss	מְאֵרָה
croak	קִרְקוּר
croaking	קִרְקוּר
groan	!גְּנִיחָה
moan	!גְּנִיחָה
chortle	!צִחְקוּק
chuckle	!צִחְקוּק
giggle	צִחְקוּק
pronunciation	הִגּוּי
pronunciation	הֲגִיָּה
whisper	לַחַשׁ
whispering	לַחַשׁ
susurration	לַחַשׁ
voicelessness	לַחַשׁ
conversation	שִׂיחָה
chitchat	!רְכִילוּת
chitchat	!רַכְלָן
chit-chat	!רְכִילוּת
chit-chat	!רַכְלָן
chit chat	!רְכִילוּת
chit chat	!רַכְלָן
small talk	!רְכִילוּת
small talk	!רַכְלָן
gab	!רְכִילוּת
gab	!רַכְלָן
gabfest	!רְכִילוּת
gabfest	!רַכְלָן
gossip	!רְכִילוּת
gossip	!רַכְלָן
tittle-tattle	!רְכִילוּת
tittle-tattle	!רַכְלָן
chin wag	!רְכִילוּת
chin wag	!רַכְלָן
chin-wag	!רְכִילוּת
chin-wag	!רַכְלָן
chin wagging	!רְכִילוּת
chin wagging	!רַכְלָן
chin-wagging	!רְכִילוּת
chin-wagging	!רַכְלָן
causerie	!רְכִילוּת
causerie	!רַכְלָן
commerce	GAP!
discussion	!דִּיּוּן
treatment	!דִּיּוּן
discourse	!דִּיּוּן
give-and-take	!דִּיּוּן
word	!דִּיּוּן
argument	וִכּוּחַ
argumentation	וִכּוּחַ
debate	וִכּוּחַ
conference	!כֶּנֶס
conference	!וְעִידָה
group discussion	!כֶּנֶס
group discussion	!וְעִידָה
consultation	הִתְיַעֲצוּת
clinic	!מִרְפָּאָה
negotiation	שִׂיחָה
negotiation	מַשָּׂא-וּמַתָּן
dialogue	שִׂיחָה
dialogue	מַשָּׂא-וּמַתָּן
talks	שִׂיחָה
talks	מַשָּׂא-וּמַתָּן
bargaining	מִקּוּחַ
saying	!אֹמֶר
saying	!אֲמִירָה
expression	!אֹמֶר
expression	!אֲמִירָה
locution	!אֹמֶר
locution	!אֲמִירָה
motto	מוֹטוֹ
motto	סִיסְמָה
slogan	מוֹטוֹ
slogan	סִיסְמָה
catchword	מוֹטוֹ
catchword	סִיסְמָה
shibboleth	מוֹטוֹ
shibboleth	סִיסְמָה
proverb	פִּתְגָּם
proverb	מֵימְרָה
adage	פִּתְגָּם
adage	מֵימְרָה
saw	פִּתְגָּם
saw	מֵימְרָה
byword	פִּתְגָּם
byword	מֵימְרָה
dialect	נִיב
dialect	דִּיאָלֶקְט
dialect	לַהַג
idiom	נִיב
idiom	דִּיאָלֶקְט
idiom	לַהַג
accent	נִיב
accent	דִּיאָלֶקְט
accent	לַהַג
dictation	הַכְתָּבָה
proposal	הַצָּעָה
proposition	הַצָּעָה
marriage proposal	הַצָּעַת-נִשּׂוּאִין
proposal of marriage	הַצָּעַת-נִשּׂוּאִין
marriage offer	הַצָּעַת-נִשּׂוּאִין
proposal	הַצָּעַת-נִשּׂוּאִין
offer	!הַצָּעָה
offering	!הַצָּעָה
submission	!כְּנִיעָה
entry	!כְּנִיעָה
command	הַכְתָּבָה
bid	הַכְתָּבָה
bidding	הַכְתָּבָה
commandment	מִצְוָה
concession	וִתּוּר
conceding	וִתּוּר
yielding	וִתּוּר
settlement	הֶסְדֵּר
ratification	אִשּׁוּר
ratification	אִשְׁרוּר
ratification	קִיּוּם
confirmation	אִשּׁוּר
confirmation	אִשְׁרוּר
confirmation	קִיּוּם
dispute	וִכּוּחַ
dispute	דִּין-וּדְבָרִים
difference	וִכּוּחַ
difference	דִּין-וּדְבָרִים
difference of opinion	וִכּוּחַ
difference of opinion	דִּין-וּדְבָרִים
conflict	וִכּוּחַ
conflict	דִּין-וּדְבָרִים
controversy	!מַחְלקֶת
contention	!מַחְלקֶת
contestation	!מַחְלקֶת
disputation	!מַחְלקֶת
disceptation	!מַחְלקֶת
tilt	!מַחְלקֶת
argument	!מַחְלקֶת
arguing	!מַחְלקֶת
polemic	פּוּלְמוּס
quarrel	!מְרִיבָה
wrangle	!מְרִיבָה
wrangle	!רִיב
row	!מְרִיבָה
row	!רִיב
words	!מְרִיבָה
words	!רִיב
run-in	!מְרִיבָה
run-in	!רִיב
dustup	!מְרִיבָה
dustup	!רִיב
request	בַּקָּשָׁה
asking	בַּקָּשָׁה
notification	הוֹדָעָת תַּשְׁלוּם
notice	הוֹדָעָת תַּשְׁלוּם
invitation	הַזְמָנָה
beggary	קַבְּצָנוּת
beggary	פְּשִׁיטַת-יָד
begging	קַבְּצָנוּת
begging	פְּשִׁיטַת-יָד
mendicancy	קַבְּצָנוּת
mendicancy	פְּשִׁיטַת-יָד
prayer	עֲתִירָה
petition	עֲתִירָה
orison	עֲתִירָה
question	!שְׁאֵלָה
question	!חֲקִירָה
inquiry	!שְׁאֵלָה
enquiry	!שְׁאֵלָה
query	!שְׁאֵלָה
query	!חֲקִירָה
interrogation	!שְׁאֵלָה
interrogation	!חֲקִירָה
exam	בְּחִינָה
test	בְּחִינָה
quiz	בֹּחַן
reply	!תְּשׁוּבָה
response	!תְּשׁוּבָה
refusal	סֵרוּב
negation	!שְׁלִילָה
cancellation	!בִּטּוּל
rebuff	!הֲדִיפָה
snub	!הֲדִיפָה
repulse	!הֲדִיפָה
objection	!הִתְנַגְּדוּת
protest	עִרְעוּר
protestation	עִרְעוּר
protest	מְחָאָה
whimper	יְלָלוֹת
whimper	קִטּוּרִים
whine	יְלָלוֹת
whine	קִטּוּרִים
lament	נְהִי
lament	בְּכִי-תַּמְרוּרִים
lament	תַּאֲנִיָּה-וַאֲנִיָּה
lamentation	נְהִי
lamentation	בְּכִי-תַּמְרוּרִים
lamentation	תַּאֲנִיָּה-וַאֲנִיָּה
plaint	נְהִי
plaint	בְּכִי-תַּמְרוּרִים
plaint	תַּאֲנִיָּה-וַאֲנִיָּה
wail	נְהִי
wail	בְּכִי-תַּמְרוּרִים
wail	תַּאֲנִיָּה-וַאֲנִיָּה
informing	יִדּוּעַ
making known	יִדּוּעַ
telling	הוֹדָעָה
apprisal	הוֹדָעָה
notification	הוֹדָעָה
disclosure	גִּלּוּי
revelation	גִּלּוּי
revealing	גִּלּוּי
discovery	!גִּלּוּי
presentation	!הַצָּגָה
introduction	!הַצָּגָה
intro	!הַצָּגָה
debriefing	תַּחְקִיר
narration	סִפּוּר
recital	סִפּוּר
yarn	סִפּוּר
fairytale	אַגָּדָה
fairy tale	אַגָּדָה
fairy story	אַגָּדָה
scandal	שַׁעֲרוּרִיָּה
dirt	שַׁעֲרוּרִיָּה
malicious gossip	שַׁעֲרוּרִיָּה
warning	הַתְרָעָה
indication	צִיּוּן
denotation	צִיּוּן
confrontation	!עִמּוּת
incrimination	אַשְׁמָה
inculpation	אַשְׁמָה
blame	אַשְׁמָה
public lecture	הַרְצָאָה
talk	הַרְצָאָה
declamation	!דִּקְלוּם
discourse	!הַטָּפָה
persuasion	!שִׁכְנוּעַ
suasion	!שִׁכְנוּעַ
expostulation	!הִתְנַגְּדוּת
remonstrance	!הִתְנַגְּדוּת
remonstration	!הִתְנַגְּדוּת
promotion	!פִּרְסוּם
publicity	!פִּרְסוּם
promotional material	!פִּרְסוּם
packaging	!פִּרְסוּם
ad	פִּרְסֹמֶת
advertisement	פִּרְסֹמֶת
advertizement	פִּרְסֹמֶת
advertising	פִּרְסֹמֶת
advertizing	פִּרְסֹמֶת
advert	פִּרְסֹמֶת
furtherance	קִדּוּם
resignation	הִתְפַּטְּרוּת
ban	אִסּוּר
banning	אִסּוּר
forbiddance	אִסּוּר
forbidding	אִסּוּר
windsock	שַׁרְווּל-רוּחַ
wind sock	שַׁרְווּל-רוּחַ
sock	שַׁרְווּל-רוּחַ
air sock	שַׁרְווּל-רוּחַ
air-sleeve	שַׁרְווּל-רוּחַ
wind sleeve	שַׁרְווּל-רוּחַ
wind cone	שַׁרְווּל-רוּחַ
drogue	שַׁרְווּל-רוּחַ
reference	מָקוֹר
source	מָקוֹר
buoy	מָצוֹף
conical buoy	!נְזִירָה
nun	!נְזִירָה
nun buoy	!נְזִירָה
contact	!מַגָּע
touch	!מַגָּע
happening	מִקְרֶה
happening	הִתְרַחֲשׁוּת
occurrence	מִקְרֶה
occurrence	הִתְרַחֲשׁוּת
occurrent	מִקְרֶה
occurrent	הִתְרַחֲשׁוּת
natural event	מִקְרֶה
natural event	הִתְרַחֲשׁוּת
experience	!נִסָּיוֹן
omen	!אוֹת
portent	!אוֹת
presage	!אוֹת
prognostic	!אוֹת
prognostication	!אוֹת
prodigy	!אוֹת
miracle	!נֵס
ending	פִינִישׁ
conclusion	פִינִישׁ
finish	פִינִישׁ
fruit	פְּרִי
wages	פְּרָס
payoff	פְּרָס
change	הִתְחַלְּפוּת
change	הִשְׁתַּנּוּת
alteration	הִתְחַלְּפוּת
alteration	הִשְׁתַּנּוּת
modification	הִתְחַלְּפוּת
modification	הִשְׁתַּנּוּת
surprise	הַפְתָּעָה
bonfire	מְדוּרָה
balefire	מְדוּרָה
scandal	סְקַנְדָּל
outrage	שַׁעֲרוּרִיָּה
outrage	סְקַנְדָּל
explosion	פִּיצוּץ
detonation	פִּיצוּץ
blowup	פִּיצוּץ
case	מִקְרֶה
instance	מִקְרֶה
example	מִקְרֶה
migration	נְדִידָה
calamity	אָסוֹן
catastrophe	אָסוֹן
disaster	אָסוֹן
tragedy	אָסוֹן
cataclysm	אָסוֹן
miscarriage	!הַפָּלָה
abortion	!הַפָּלָה
miss	!גְּבֶרֶת
misfire	!גְּבֶרֶת
origin	!כְּנִיסָה
origination	!כְּנִיסָה
inception	!כְּנִיסָה
scattering	פִּזּוּר
demolition	!הֶרֶס
wipeout	!הֶרֶס
ravage	פֶּגַע
depredation	פֶּגַע
jolt	!צִנְצֶנֶת
jar	!צִנְצֶנֶת
jounce	!צִנְצֶנֶת
shock	!צִנְצֶנֶת
wave	גַּל
moving ridge	גַּל
decrease	יְרִידָה
lessening	יְרִידָה
drop-off	יְרִידָה
improvement	שִׁפּוּר
improvement	עֲלִיָּה
betterment	שִׁפּוּר
betterment	עֲלִיָּה
advance	שִׁפּוּר
settling	!הַסְדָּרָה
subsiding	!הַסְדָּרָה
subsidence	!הַסְדָּרָה
drop	צְנִיחָה
fall	צְנִיחָה
submergence	הַשְׁקָעָה
submerging	הַשְׁקָעָה
submersion	הַשְׁקָעָה
immersion	הַשְׁקָעָה
fuss	!טִרְחָה
trouble	!טִרְחָה
bother	!טִרְחָה
hassle	!טִרְחָה
consolidation	!לִכּוּד
mix	תַּעֲרֹבֶת
mixture	תַּעֲרֹבֶת
boom	בּוּם
boom	רַעַם
roar	בּוּם
roar	רַעַם
roaring	בּוּם
roaring	רַעַם
thunder	בּוּם
thunder	רַעַם
bleat	פְּעִיָּה
bray	נְעִירָה
buzz	זִמְזוּם
bombilation	זִמְזוּם
bombination	זִמְזוּם
cheep	GAP!
peep	GAP!
chirp	צִיּוּץ
clatter	שִׁקְשׁוּק
creak	!חֲרִיקָה
creaking	!חֲרִיקָה
footfall	צַעַד
footstep	צַעַד
step	צַעַד
growl	!נְהִימָה
growl	!נְהָמָה
growling	!נְהִימָה
growling	!נְהָמָה
howl	יְלָלָה
neigh	צָהֳלָה
nicker	צָהֳלָה
whicker	צָהֳלָה
whinny	צָהֳלָה
noise	רַעַשׁ
roar	שְׁאָגָה
rustle	רַחַשׁ
rustle	רַחְשׁוּשׁ
rustle	רִשְׁרוּשׁ
rustling	רַחַשׁ
rustling	רַחְשׁוּשׁ
rustling	רִשְׁרוּשׁ
whisper	רַחַשׁ
whisper	רַחְשׁוּשׁ
whisper	רִשְׁרוּשׁ
whispering	רַחַשׁ
whispering	רַחְשׁוּשׁ
whispering	רִשְׁרוּשׁ
screech	!צְוָחָה
screeching	!צְוָחָה
shriek	!צְוָחָה
shrieking	!צְוָחָה
scream	!צְוָחָה
screaming	!צְוָחָה
thump	!חֲבָטָה
thumping	!חֲבָטָה
clump	!חֲבָטָה
clunk	!חֲבָטָה
thud	!חֲבָטָה
high tide	גֵּאוּת
high water	גֵּאוּת
highwater	גֵּאוּת
avalanche	מַפֹּלֶת
current	זֶרֶם
stream	זֶרֶם
reversal	הִפּוּךְ
turn around	הִפּוּךְ
twinkle	!נִצְנוּץ
scintillation	!נִצְנוּץ
sparkling	!נִצְנוּץ
crisis	מַשְׁבֵּר
recovery	הִתְאוֹשְׁשׁוּת
expense	מְחִיר
atrophy	!קְמִילָה
withering	!קְמִילָה
strengthening	הִתְגַּבְּרוּת
strengthening	הִתְחַזְּקוּת
strengthening	הִתְעַצְּמוּת
weakening	הֵחָלְשׁוּת
encroachment	!פְּלִישָׁה
intrusion	!פְּלִישָׁה
outbreak	הִתְפָּרְצוּת
eruption	הִתְפָּרְצוּת
irruption	הִתְפָּרְצוּת
escape	!דְּלִיפָה
leak	!דְּלִיפָה
leakage	!דְּלִיפָה
outflow	!דְּלִיפָה
revolution	סִיבוּב
gyration	סִיבוּב
spin	!סִיבוּב
progression	הִתְקַדְּמוּת
advance	הִתְקַדְּמוּת
rise	הִתְרוֹמְמוּת
rising	הִתְרוֹמְמוּת
rising	עֲלִיָּה
ascent	הִתְרוֹמְמוּת
ascent	עֲלִיָּה
ascension	הִתְרוֹמְמוּת
ascension	עֲלִיָּה
affair	אֵרוּעַ
occasion	אֵרוּעַ
social occasion	אֵרוּעַ
function	אֵרוּעַ
social function	אֵרוּעַ
record hop	!נִתּוּר
funeral	הַלְוָיָה
wedding	חֲתֻנָּה
wedding ceremony	חֲתֻנָּה
nuptials	חֲתֻנָּה
hymeneals	חֲתֻנָּה
coronation	הַכְתָּרָה
coronation	הַמְלָכָה
enthronement	הַכְתָּרָה
enthronement	הַמְלָכָה
enthronization	הַכְתָּרָה
enthronization	הַמְלָכָה
enthronisation	הַכְתָּרָה
enthronisation	הַמְלָכָה
investiture	הַכְתָּרָה
investiture	הַמְלָכָה
contest	תַּחֲרוּת
World Series	GAP!
diving	תַּחֲרוּת-צְלִילָה
diving event	תַּחֲרוּת-צְלִילָה
hurdles	מְשׂוּכוֹת
hurdles	רִיצַת-מְשׂוּכוֹת
hurdling	מְשׂוּכוֹת
hurdling	רִיצַת-מְשׂוּכוֹת
hurdle race	מְשׂוּכוֹת
hurdle race	רִיצַת-מְשׂוּכוֹת
victory	נִצָּחוֹן
triumph	נִצָּחוֹן
independence	GAP!
defeat	הֶפְסֵד
defeat	תְּבוּסָה
defeat	מַפָּלָה
licking	הֶפְסֵד
licking	תְּבוּסָה
licking	מַפָּלָה
Fall	!נְפִילָה
emotion	!רֶגֶשׁ
ardor	לַהַט
ardor	אֵשׁ
ardour	לַהַט
ardour	אֵשׁ
fervor	לַהַט
fervor	אֵשׁ
fervour	לַהַט
fervour	אֵשׁ
fervency	לַהַט
fervency	אֵשׁ
fire	לַהַט
fervidness	לַהַט
fervidness	אֵשׁ
emotionlessness	אֲדִישׁוּת
impassivity	אֲדִישׁוּת
impassiveness	אֲדִישׁוּת
phlegm	אֲדִישׁוּת
indifference	אֲדִישׁוּת
stolidity	אֲדִישׁוּת
unemotionality	אֲדִישׁוּת
ambition	חֲלוֹם
ambition	שְׁאִיפָה
ambition	אַסְפִּירַצְיָה
aspiration	חֲלוֹם
aspiration	שְׁאִיפָה
aspiration	אַסְפִּירַצְיָה
dream	חֲלוֹם
dream	שְׁאִיפָה
dream	אַסְפִּירַצְיָה
craving	!הִשְׁתּוֹקְקוּת
appetite	!תֵּאָבוֹן
appetency	!תֵּאָבוֹן
appetence	!תֵּאָבוֹן
longing	כְּמִיהָה
longing	כִּסּוּפִים
longing	גַּעְגּוּעִים
longing	הִשְׁתּוֹקְקוּת
longing	עֶרְגָּה
yearning	כְּמִיהָה
yearning	כִּסּוּפִים
yearning	גַּעְגּוּעִים
yearning	הִשְׁתּוֹקְקוּת
yearning	עֶרְגָּה
hungriness	כְּמִיהָה
hungriness	כִּסּוּפִים
hungriness	גַּעְגּוּעִים
hungriness	הִשְׁתּוֹקְקוּת
hungriness	עֶרְגָּה
hankering	!יֶן
yen	!יֶן
sexual urge	!מִין
sensuality	חוּשָׁנִיּוּת
sensualness	חוּשָׁנִיּוּת
sensualism	חוּשָׁנִיּוּת
lecherousness	!תַּאֲוָה
lustfulness	!תַּאֲוָה
delight	תַּעֲנוּג
delectation	תַּעֲנוּג
solacement	!נֶחָמָה
liking	GAP!
leaning	!נְטִיָּה
propensity	!נְטִיָּה
contempt	בּוּז
disdain	בּוּז
scorn	בּוּז
despite	בּוּז
abhorrence	תִּעוּב
abomination	תִּעוּב
detestation	תִּעוּב
execration	תִּעוּב
loathing	תִּעוּב
odium	תִּעוּב
nausea	בְּחִילָה
chagrin	!הַשְׁפָּלָה
mortification	!הַשְׁפָּלָה
astonishment	תְּמִיהָה
astonishment	הִשְׁתָּאוּת
astonishment	פְּלִיאָה
astonishment	הִשְׁתּוֹמְמוּת
astonishment	תִּמָּהוֹן
amazement	תְּמִיהָה
amazement	הִשְׁתָּאוּת
amazement	פְּלִיאָה
amazement	הִשְׁתּוֹמְמוּת
amazement	תִּמָּהוֹן
gravity	GAP!
solemnity	GAP!
electricity	חַשְׁמַל
indignation	!תַּרְעֹמֶת
outrage	!תַּרְעֹמֶת
frustration	!תִּסְכּוּל
fear	פַּחַד
fearfulness	פַּחַד
fright	פַּחַד
panic	אֵימָה
terror	אֵימָה
affright	אֵימָה
apprehension	חֲשָׁשׁ
apprehensiveness	חֲשָׁשׁ
dread	חֲשָׁשׁ
worry	דְּאָגָה
trouble	דְּאָגָה
concern	חֲשָׁשׁ
care	חֲשָׁשׁ
fear	חֲשָׁשׁ
fearlessness	!אֹמֶץ
bravery	!אֹמֶץ
gladness	!עֲלִיצוּת
gladfulness	!עֲלִיצוּת
gladsomeness	!עֲלִיצוּת
joy	!שִׂמְחָה
joyousness	!שִׂמְחָה
joyfulness	!שִׂמְחָה
exultation	צָהֳלָה
jubilance	צָהֳלָה
jubilancy	צָהֳלָה
jubilation	צָהֳלָה
belonging	שַׁיָּכוּת
contentment	שְׂבִיעוּת-רָצוֹן
forlornness	גַּלְמוּדִיּוּת
loneliness	גַּלְמוּדִיּוּת
desolation	גַּלְמוּדִיּוּת
regret	!צַעַר
rue	!צַעַר
ruefulness	!צַעַר
guilt	רִגְשֵׁי אָשָׁם
guilt	יִסּוּרֵי מַצְפּוּן
guilt	אַשְׁמָה
guilty conscience	רִגְשֵׁי אָשָׁם
guilty conscience	יִסּוּרֵי מַצְפּוּן
guilty conscience	אַשְׁמָה
guilt feelings	רִגְשֵׁי אָשָׁם
guilt feelings	יִסּוּרֵי מַצְפּוּן
guilt feelings	אַשְׁמָה
guilt trip	רִגְשֵׁי אָשָׁם
guilt trip	יִסּוּרֵי מַצְפּוּן
guilt trip	אַשְׁמָה
repentance	תְּשׁוּבָה
penitence	תְּשׁוּבָה
penance	תְּשׁוּבָה
oppression	!מוּעָקָה
oppressiveness	!מוּעָקָה
boredom	שִׁעְמוּם
boredom	שִעֲמוּם
ennui	שִׁעְמוּם
ennui	שִעֲמוּם
tedium	שִׁעְמוּם
tedium	שִעֲמוּם
displeasure	מֹרַת-רוּחַ
disappointment	אַכְזָבָה
letdown	אַכְזָבָה
frustration	תִּסְכּוּל
defeat	תִּסְכּוּל
encouragement	GAP!
despair	יֵאוּשׁ
defeatism	!תְּבוּסְתָנוּת
cynicism	!צִינִיּוּת
affection	חִבָּה
affectionateness	חִבָּה
fondness	חִבָּה
tenderness	חִבָּה
heart	חִבָּה
warmness	חִבָּה
warmheartedness	חִבָּה
philia	חִבָּה
hate	אֵיבָה
hate	שִׂנְאָה
hate	מַשְׂטֵמָה
hatred	אֵיבָה
hatred	שִׂנְאָה
hatred	מַשְׂטֵמָה
grudge	טִינָה
score	טִינָה
grievance	טִינָה
vindictiveness	!נַקְמָנוּת
vengefulness	!נַקְמָנוּת
compassion	!רַחֲמִים
compassionateness	!רַחֲמִים
eagerness	לְהִיטוּת
avidity	לְהִיטוּת
avidness	לְהִיטוּת
keenness	לְהִיטוּת
vegetarianism	צִמְחוֹנוּת
board	!לוּחַ
table	!לוּחַ
ration	מָנָה
meal	תַּעֲרֹבֶת
bran	סֻבִּין
flour	קֶמַח
semolina	סֹלֶת
cuisine	בִּשּׁוּל
cuisine	מִטְבָּח
culinary art	בִּשּׁוּל
culinary art	מִטְבָּח
commissariat	אַסְפָּקָה
provisions	אַסְפָּקָה
provender	אַסְפָּקָה
viands	אַסְפָּקָה
victuals	אַסְפָּקָה
meal	אֲרוּחָה
repast	אֲרוּחָה
bite	אֲרוּחָה-קַלָּה
bite	נִשְׁנוּשׁ
collation	אֲרוּחָה-קַלָּה
collation	נִשְׁנוּשׁ
snack	אֲרוּחָה-קַלָּה
snack	נִשְׁנוּשׁ
helping	מָנָה
portion	מָנָה
serving	מָנָה
morsel	נְגִיסָה
morsel	בִּיס
bit	נְגִיסָה
bit	בִּיס
bite	נְגִיסָה
bite	בִּיס
roast	צָלִי
joint	צָלִי
appetizer	מְתַאֲבֵן
appetiser	מְתַאֲבֵן
starter	מְתַאֲבֵן
borsch	חֲמִיצָה
borsch	בּוֹרְשְׁט
borsh	חֲמִיצָה
borsh	בּוֹרְשְׁט
borscht	חֲמִיצָה
borscht	בּוֹרְשְׁט
borsht	חֲמִיצָה
borsht	בּוֹרְשְׁט
borshch	חֲמִיצָה
borshch	בּוֹרְשְׁט
bortsch	חֲמִיצָה
bortsch	בּוֹרְשְׁט
carob	אַבְקַת-חָרוּבִים
carob powder	אַבְקַת-חָרוּבִים
Saint-John's-bread	אַבְקַת-חָרוּבִים
ambrosia	!צוּף
nectar	!צוּף
pie	פַּשְׁטִידָה
cake	עוּגָה
sponge cake	עוּגַת-סְפוֹג
sponge cake	לֻבְנָן
cookie	עוּגִיָּה
cookie	בִּיסְקְוִיט
cookie	עוּגִית
cooky	עוּגִיָּה
cooky	בִּיסְקְוִיט
cooky	עוּגִית
biscuit	עוּגִיָּה
biscuit	בִּיסְקְוִיט
biscuit	עוּגִית
potato pancake	לַטְקֶס
potato pancake	לַאטְקֶעס
potato pancake	לְבִיבָה
latke	לַטְקֶס
latke	לַאטְקֶעס
latke	לְבִיבָה
quail	!שְׂלָו
second joint	שׁוֹק
second joint	פּוּלְקֶע
second joint	יָרֵךְ
thigh	שׁוֹק
thigh	פּוּלְקֶע
white meat	חָזֶה
meat	בָּשָׂר
cut	!נֶתַח
cut of meat	!נֶתַח
patty	!עוּגָה
cake	!עוּגָה
rabbit	GAP!
hare	GAP!
margarine	מַרְגָּרִינָה
margarin	מַרְגָּרִינָה
oleo	מַרְגָּרִינָה
oleomargarine	מַרְגָּרִינָה
marge	מַרְגָּרִינָה
drippings	נְטִיפֵי-שֻׁמָּן
salami	סָלָמִי
bread	לֶחֶם
breadstuff	לֶחֶם
staff of life	לֶחֶם
bun	לַחְמָנִיָּה
roll	לַחְמָנִיָּה
Host	לֶחֶם-הַקֹּדֶשׁ
loaf of bread	כִּכַּר-לֶחֶם
loaf of bread	כִּכָּר
loaf	כִּכַּר-לֶחֶם
loaf	כִּכָּר
zwieback	צְנִים
rusk	צְנִים
Brussels biscuit	צְנִים
twice-baked bread	צְנִים
sandwich	כָּרִיךְ
eggplant	חֲצִיל
aubergine	חֲצִיל
mad apple	חֲצִיל
cabbage	!כְּרוּב
chou	!כְּרוּב
cauliflower	!כְּרוּבִית
onion	GAP!
lettuce	חַסָּה
sweet corn	!תִּירָס
green corn	!תִּירָס
tomato	עַגְבָנִיָּה
tomato	בַּנְדּוֹרָה
pumpkin	!דְּלַעַת
turnip	לֶפֶת
spinach	עֲלֵי-תֶּרֶד
spinach	תֶּרֶד
apple	תַּפּוּחַ
Empire	!קֵיסָרוּת
raspberry	פֶּטֶל
orange	תַּפּוּחַ-זָהָב
orange	תַּפּוּז
plum	שְׁזִיף
fig	תְּאֵנָה
pineapple	אֲנָנָס
ananas	אֲנָנָס
watermelon	אֲבַטִּיחַ
loquat	שֶׁסֶק
Japanese plum	שֶׁסֶק
olive	!זַיִת
pear	אַגָּס
quince	חַבּוּשׁ
carp	קַרְפִּיּוֹן
feed	GAP!
provender	GAP!
fodder	מִסְפּוֹא
hay	חָצִיר
hay	שַׁחַת
groats	גְּרִיסִים
wheat	חִטָּה
wheat berry	חִטָּה
rice	אֹרֶז
salad	סָלָט
salad	סָלַט-יְרָקוֹת
flavorer	!תַּבְלִין
flavourer	!תַּבְלִין
flavoring	!תַּבְלִין
flavouring	!תַּבְלִין
seasoner	!תַּבְלִין
seasoning	!תַּבְלִין
salt	מֶלַח
table salt	מֶלַח
common salt	מֶלַח
garlic	שׁוּם
ail	שׁוּם
mustard	חַרְדָּל
table mustard	חַרְדָּל
vinegar	חֹמֶץ
acetum	חֹמֶץ
egg white	חֶלְבּוֹן
egg white	לָבָן
white	חֶלְבּוֹן
albumen	חֶלְבּוֹן
albumen	לָבָן
ovalbumin	חֶלְבּוֹן
ovalbumin	לָבָן
butter	חֶמְאָה
cheese	גְּבִינָה
honey	!דְּבַשׁ
sugar	סֻכָּר
refined sugar	סֻכָּר
porridge	!דַּיְסָה
beer	בִּירָה
screwdriver	סְקְרוּדְּרַיְבֶר
juice	מִיץ
juice	עָסִיס
nectar	נֶקְטָר
young	צְעִירִים
youth	צְעִירִים
dead	!מֵת
deaf	הַחֵרְשִׁים
social group	קְבוּצָה
social group	קְבוּצָה-חֶבְרָתִית
sum	סָךְ
summation	סָךְ
sum total	סָךְ
pile	תֵּל
pile	גַּל
heap	תֵּל
heap	גַּל
mound	גַּל
agglomerate	תֵּל
agglomerate	גַּל
cumulation	תֵּל
cumulation	גַּל
cumulus	תֵּל
cumulus	גַּל
public	קָהָל
society	חֶבְרָה
dynasty	שׁוֹשֶׁלֶת
nuclear family	מִשְׁפָּחָה גַּרְעִינִית
conjugal family	מִשְׁפָּחָה גַּרְעִינִית
extended family	הַמִּשְׁפָּחָה הַמֻּרְחֶבֶת
foster home	מִשְׁפָּחָה-אוֹמֶנֶת
team	צֶמֶד
couple	זוּג
twosome	זוּג
duo	זוּג
duet	זוּג
flock	לַהֲקָה
flock	!עֵדֶר
fold	!עֵדֶר
congregation	קְהִלָּה
fold	קְהִלָּה
faithful	קְהִלָּה
herd	!עֵדֶר
class	קָטֵגוֹרְיָה
class	קְבוּצָה
category	קָטֵגוֹרְיָה
category	קְבוּצָה
family	קָטֵגוֹרְיָה
family	קְבוּצָה
field	!מִגְרָשׁ
declension	מִשְׁקָל
declension	נְטִיּוֹת-הַשֵּׁם
conjugation	בִּנְיָן
conjugation	נְטִיּוֹת-הַפֹּעַל
package	אֲגֻדָּה
bundle	חֲבִילָה
packet	אֲגֻדָּה
packet	חֲבִילָה
parcel	אֲגֻדָּה
organization	אִרְגּוּן
organisation	אִרְגּוּן
Red Cross	הַצְּלָב-הָאָדֹם
association	אֲגֻדָּה
government	מִמְשָׁל
government	רָשֻׁיּוֹת
government	מֶמְשָׁלָה
government	שִׁלְטוֹן
authorities	מִמְשָׁל
authorities	רָשֻׁיּוֹת
authorities	מֶמְשָׁלָה
authorities	שִׁלְטוֹן
regime	מִמְשָׁל
regime	רָשֻׁיּוֹת
regime	מֶמְשָׁלָה
regime	שִׁלְטוֹן
establishment	מוֹסָד
clinic	מִרְפָּאָה
clinic	קְלִינִיקָה
enterprise	!מִפְעָל
kibbutz	קִבּוּץ
manufacturer	יַצְרָן
maker	יַצְרָן
manufacturing business	יַצְרָן
business	עֵסֶק
concern	עֵסֶק
business concern	עֵסֶק
business organization	עֵסֶק
business organisation	עֵסֶק
publisher	בֵּית-הוֹצָאָה
publisher	הוֹצָאַת-סְפָרִים
publisher	מַעֲרֶכֶת
publisher	הוֹצָאָה
publishing house	בֵּית-הוֹצָאָה
publishing house	הוֹצָאַת-סְפָרִים
publishing house	מַעֲרֶכֶת
publishing house	הוֹצָאָה
publishing firm	בֵּית-הוֹצָאָה
publishing firm	הוֹצָאַת-סְפָרִים
publishing firm	מַעֲרֶכֶת
publishing firm	הוֹצָאָה
publishing company	בֵּית-הוֹצָאָה
publishing company	הוֹצָאַת-סְפָרִים
publishing company	מַעֲרֶכֶת
publishing company	הוֹצָאָה
newspaper publisher	עִתּוֹן
investment company	חֶבְרָה-לְהַשְׁקָעוֹת
investment trust	חֶבְרָה-לְהַשְׁקָעוֹת
investment firm	חֶבְרָה-לְהַשְׁקָעוֹת
fund	חֶבְרָה-לְהַשְׁקָעוֹת
brotherhood	!אַחֲוָה
fraternity	!אַחֲוָה
sodality	!אַחֲוָה
family	מִשְׁפָּחָה
family	בֵּית-אָב
family	בַּיִת
household	מִשְׁפָּחָה
household	בֵּית-אָב
household	בַּיִת
house	מִשְׁפָּחָה
house	בֵּית-אָב
home	מִשְׁפָּחָה
home	בֵּית-אָב
home	בַּיִת
menage	מִשְׁפָּחָה
menage	בֵּית-אָב
menage	בַּיִת
varsity	GAP!
first team	GAP!
religion	דָּת
faith	דָּת
organized religion	דָּת
Christendom	הָעוֹלָם-הַנּוֹצְרִי
Christianity	הָעוֹלָם-הַנּוֹצְרִי
Judaism	!יַהֲדוּת
Hebraism	!יַהֲדוּת
Jewish religion	!יַהֲדוּת
phylum	מַעֲרֶכֶת
class	מַחְלָקָה
order	סִדְרָה
genus	סוּג
rabbinate	!רַבָּנוּת
department	מַחְלָקָה
department	אֲגַף
section	מַחְלָקָה
section	אֲגַף
Department of Agriculture	!חַקְלָאוּת
Agriculture Department	!חַקְלָאוּת
Agriculture	!חַקְלָאוּת
USDA	!חַקְלָאוּת
Department of Commerce	!מִסְחָר
Commerce Department	!מִסְחָר
Commerce	!מִסְחָר
DoC	!מִסְחָר
Department of Defense	מַחְלֶקֶת-הַהֲגָנָה
Defense Department	מַחְלֶקֶת-הַהֲגָנָה
United States Department of Defense	מַחְלֶקֶת-הַהֲגָנָה
Defense	מַחְלֶקֶת-הַהֲגָנָה
DoD	מַחְלֶקֶת-הַהֲגָנָה
Department of Education	!חִנּוּךְ
Education Department	!חִנּוּךְ
Education	!חִנּוּךְ
Department of Energy	!כּוֹחַ
Energy Department	!כּוֹחַ
Energy	!כּוֹחַ
DOE	!כּוֹחַ
Department of Justice	!דִּין
Department of Justice	!צֶדֶק
Justice Department	!דִּין
Justice Department	!צֶדֶק
Justice	!דִּין
Justice	!צֶדֶק
DoJ	!דִּין
DoJ	!צֶדֶק
Department of State	מַחְלֶקֶת-הַמְּדִינָה
United States Department of State	מַחְלֶקֶת-הַמְּדִינָה
State Department	מַחְלֶקֶת-הַמְּדִינָה
State	מַחְלֶקֶת-הַמְּדִינָה
DoS	מַחְלֶקֶת-הַמְּדִינָה
Department of the Interior	מִשְׂרַד-הַפְּנִים-הָאָמֶרִיקָאִי
Interior Department	מִשְׂרַד-הַפְּנִים-הָאָמֶרִיקָאִי
Interior	מִשְׂרַד-הַפְּנִים-הָאָמֶרִיקָאִי
DoI	מִשְׂרַד-הַפְּנִים-הָאָמֶרִיקָאִי
Department of Transportation	!הַסָּעָה
Transportation	!הַסָּעָה
DoT	!הַסָּעָה
general delivery	דֹּאַר-שָׁמוּר
poste restante	דֹּאַר-שָׁמוּר
clergy	כְּמוּרָה
nation	אֶרֶץ
land	אֶרֶץ
country	אֶרֶץ
state	מְדִינָה
nation	מְדִינָה
country	מְדִינָה
land	מְדִינָה
commonwealth	מְדִינָה
res publica	מְדִינָה
body politic	מְדִינָה
populace	צִבּוּר
public	צִבּוּר
world	צִבּוּר
ruck	!עֵדֶר
army	!צָבָא
company	תֵּאַטְרוֹן
troupe	תֵּאַטְרוֹן
ensemble	הֶרְכֵּב
ensemble	אַנְסַמְבְּל
army	צָבָא
regular army	צָבָא
ground forces	צָבָא
military	צָבָא
armed forces	צָבָא
armed services	צָבָא
military machine	צָבָא
war machine	צָבָא
military reserve	עֲתוּדוֹת
military reserve	כּוֹחוֹת-מִּלּוּאִים
reserve	עֲתוּדוֹת
reserve	כּוֹחוֹת-מִּלּוּאִים
team	קְבוּצָה
squad	קְבוּצָה
police	מִשְׁטָרָה
police force	מִשְׁטָרָה
constabulary	מִשְׁטָרָה
law	מִשְׁטָרָה
corps	גַּיִס
corps	חַיִל
army corps	גַּיִס
army corps	חַיִל
corps	GAP!
division	אֻגְדָּה
regiment	גְּדוּד
brigade	!חֲטִיבָה
platoon	מַחְלָקָה
platoon	GAP!
vanguard	חֵיל-חָלוּץ
van	חֵיל-חָלוּץ
rearguard	מְאַסֵּף
rearguard	כּוֹחַ-מְאַסֵּף
squad	חֻלְיָה
wing	!כָּנָף
division	GAP!
division	!מַעֲרֶכֶת
house	GAP!
community	קְהִלָּה
neighborhood	שְׁכוּנָה
neighbourhood	שְׁכוּנָה
city	תּוֹשָׁבֵי-הָעִיר
metropolis	תּוֹשָׁבֵי-הָעִיר
town	תּוֹשָׁבֵי-הָעֲיָרָה
townspeople	תּוֹשָׁבֵי-הָעֲיָרָה
townsfolk	תּוֹשָׁבֵי-הָעֲיָרָה
village	!כְּפָר
small town	!כְּפָר
settlement	!כְּפָר
club	חֶבְרָה
social club	חֶבְרָה
guild	חֶבְרָה
gild	חֶבְרָה
lodge	חֶבְרָה
order	חֶבְרָה
league	לִיגָה
conference	לִיגָה
union	הִסְתַּדְּרוּת
union	אִגּוּד
labor union	הִסְתַּדְּרוּת
labor union	אִגּוּד
trade union	הִסְתַּדְּרוּת
trade union	אִגּוּד
trades union	הִסְתַּדְּרוּת
trades union	אִגּוּד
brotherhood	הִסְתַּדְּרוּת
brotherhood	אִגּוּד
class	כִּתָּה
form	כִּתָּה
grade	כִּתָּה
course	כִּתָּה
class	מַחְזוֹר
year	מַחְזוֹר
class	בַּיִת
division	בַּיִת
orchestra	תִּזְמֹרֶת
wedding	!חֲתֻנָּה
wedding party	!חֲתֻנָּה
party	מִפְלָגָה
political party	מִפְלָגָה
British Labour Party	GAP!
Labour Party	GAP!
Labour	GAP!
Labor	GAP!
college	מִכְלָלָה
nation	GAP!
conference	כֶּנֶס
council	!מוֹעָצָה
council	מוֹעָצָה
Knesset	כְּנֶסֶת
Knesseth	כְּנֶסֶת
committee	וַעֲדָה
commission	וַעֲדָה
committee	!וַעֲדָה
citizens committee	!וַעֲדָה
Bench	!סַפְסָל
agency	!מִשְׂרָד
federal agency	!מִשְׂרָד
government agency	!מִשְׂרָד
bureau	!מִשְׂרָד
office	!מִשְׂרָד
authority	!מִשְׂרָד
fifth column	סוּס-טְרוֹיָאנִי
fifth column	גַּיִס-חֲמִישִׁי
Trojan horse	סוּס-טְרוֹיָאנִי
Trojan horse	גַּיִס-חֲמִישִׁי
underground	מַחְתֶּרֶת
resistance	מַחְתֶּרֶת
hegemony	הֶגְמוֹנְיָה
course	!מַהֲלָךְ
line	!מַהֲלָךְ
social organization	מִבְנֶה
social organisation	מִבְנֶה
social structure	מִבְנֶה
social system	מִבְנֶה
segregation	!הַפְרָדָה
separatism	!הַפְרָדָה
directorate	דִּירֶקְטוֹרְיוֹן
directorate	מוֹעֶצֶת-מְנַהֲלִים
board of directors	דִּירֶקְטוֹרְיוֹן
board of directors	מוֹעֶצֶת-מְנַהֲלִים
society	הַחֶבְרָה-הַגְּבוֹהָה
society	הַי-סוֹסָיֶטִי
high society	הַחֶבְרָה-הַגְּבוֹהָה
high society	הַי-סוֹסָיֶטִי
beau monde	הַחֶבְרָה-הַגְּבוֹהָה
beau monde	הַי-סוֹסָיֶטִי
smart set	הַחֶבְרָה-הַגְּבוֹהָה
smart set	הַי-סוֹסָיֶטִי
bon ton	הַחֶבְרָה-הַגְּבוֹהָה
bon ton	הַי-סוֹסָיֶטִי
knighthood	אַבִּירוּת
battery	סוֹלְלָה
militia	מִילִיצְיָה
reserves	מִילִיצְיָה
standing army	קֶבַע
standing army	צְבָא-קֶבַע
membership	!חֲבֵרוּת
rank	!חֲבֵרוּת
clientele	קְלִיֶנְטוּרָה
patronage	קְלִיֶנְטוּרָה
business	קְלִיֶנְטוּרָה
deputation	מִשְׁלַחַת
commission	מִשְׁלַחַת
delegation	מִשְׁלַחַת
delegacy	מִשְׁלַחַת
mission	מִשְׁלַחַת
institute	!מוֹסָד
institute	!מָכוֹן
exhibition	תַּעֲרוּכָה
exposition	תַּעֲרוּכָה
expo	תַּעֲרוּכָה
senior high school	!תִּיכוֹן
senior high	!תִּיכוֹן
high	!תִּיכוֹן
highschool	!תִּיכוֹן
high school	!תִּיכוֹן
kindergarten	!גַּן
nursery school	!גַּן
seance	סִיאַנְס
sitting	סִיאַנְס
session	סִיאַנְס
traffic	תַּעֲבוּרָה
traffic	תְּנוּעָה
parade	מִצְעָד
cortege	פָּמַלְיָה
retinue	פָּמַלְיָה
suite	פָּמַלְיָה
entourage	פָּמַלְיָה
web	רֶשֶׁת
syntax	!תַּחְבִּיר
vegetation	צִמְחִיָּה
vegetation	וֶגֶטַצְיָה
vegetation	פְלוֹרָה
flora	צִמְחִיָּה
flora	וֶגֶטַצְיָה
flora	פְלוֹרָה
botany	צִמְחִיָּה
botany	וֶגֶטַצְיָה
botany	פְלוֹרָה
dictatorship	!רוֹדָנוּת
absolutism	!רוֹדָנוּת
authoritarianism	!רוֹדָנוּת
Caesarism	!רוֹדָנוּת
despotism	!רוֹדָנוּת
monocracy	!רוֹדָנוּת
one-man rule	!רוֹדָנוּת
shogunate	!רוֹדָנוּת
Stalinism	!רוֹדָנוּת
totalitarianism	!רוֹדָנוּת
tyranny	!רוֹדָנוּת
law	חֹק
jurisprudence	חֹק
flow	זֶרֶם
flank	אֲגַף
approach path	גִּישָׁה
approach	גִּישָׁה
glide path	גִּישָׁה
glide slope	גִּישָׁה
area	!אֵזוֹר
country	!אֵזוֹר
frontier	גְּבוּל
desert	מִדְבָּר
desert	צִיָּה
beginning	רֵאשִׁית
beginning	מוֹצָא
beginning	מָקוֹר
origin	רֵאשִׁית
origin	מוֹצָא
origin	מָקוֹר
root	רֵאשִׁית
root	מוֹצָא
root	מָקוֹר
rootage	רֵאשִׁית
rootage	מוֹצָא
rootage	מָקוֹר
source	רֵאשִׁית
source	מוֹצָא
zone	אֵזוֹר
fatherland	אֶרֶץ-מוֹצָא
fatherland	מְכוֹרָה
fatherland	אֶרֶץ-אָבוֹת
fatherland	מוֹלֶדֶת
fatherland	אֶרֶץ-מוֹלֶדֶת
homeland	אֶרֶץ-מוֹצָא
homeland	מְכוֹרָה
homeland	אֶרֶץ-אָבוֹת
homeland	מוֹלֶדֶת
homeland	אֶרֶץ-מוֹלֶדֶת
motherland	אֶרֶץ-מוֹצָא
motherland	מְכוֹרָה
motherland	אֶרֶץ-אָבוֹת
motherland	מוֹלֶדֶת
motherland	אֶרֶץ-מוֹלֶדֶת
mother country	אֶרֶץ-מוֹצָא
mother country	מְכוֹרָה
mother country	אֶרֶץ-אָבוֹת
mother country	מוֹלֶדֶת
mother country	אֶרֶץ-מוֹלֶדֶת
country of origin	אֶרֶץ-מוֹצָא
country of origin	מְכוֹרָה
country of origin	אֶרֶץ-אָבוֹת
country of origin	מוֹלֶדֶת
country of origin	אֶרֶץ-מוֹלֶדֶת
native land	אֶרֶץ-מוֹצָא
native land	מְכוֹרָה
native land	אֶרֶץ-אָבוֹת
native land	מוֹלֶדֶת
native land	אֶרֶץ-מוֹלֶדֶת
boundary line	קַו-גְּבוּל
border	קַו-גְּבוּל
borderline	קַו-גְּבוּל
delimitation	קַו-גְּבוּל
mete	קַו-גְּבוּל
bowels	!קְרָבַיִם
campsite	!חַנְיוֹן
campground	!חַנְיוֹן
camping site	!חַנְיוֹן
camping ground	!חַנְיוֹן
bivouac	!חַנְיוֹן
encampment	!חַנְיוֹן
camping area	!חַנְיוֹן
capital	עִיר-בִּירָה
capital	בִּירָה
celestial sphere	רָקִיעַ
celestial sphere	רְקִיעַ-הַשָּׁמַיִם
celestial sphere	כִּפַּת-הַשָּׁמַיִם
celestial sphere	כִּפַּת-הָרָקִיעַ
sphere	רָקִיעַ
sphere	רְקִיעַ-הַשָּׁמַיִם
sphere	כִּפַּת-הַשָּׁמַיִם
sphere	כִּפַּת-הָרָקִיעַ
empyrean	רָקִיעַ
empyrean	רְקִיעַ-הַשָּׁמַיִם
empyrean	כִּפַּת-הַשָּׁמַיִם
empyrean	כִּפַּת-הָרָקִיעַ
firmament	רָקִיעַ
firmament	רְקִיעַ-הַשָּׁמַיִם
firmament	כִּפַּת-הַשָּׁמַיִם
firmament	כִּפַּת-הָרָקִיעַ
heavens	רָקִיעַ
heavens	רְקִיעַ-הַשָּׁמַיִם
heavens	כִּפַּת-הַשָּׁמַיִם
heavens	כִּפַּת-הָרָקִיעַ
vault of heaven	רָקִיעַ
vault of heaven	רְקִיעַ-הַשָּׁמַיִם
vault of heaven	כִּפַּת-הַשָּׁמַיִם
vault of heaven	כִּפַּת-הָרָקִיעַ
welkin	רָקִיעַ
welkin	רְקִיעַ-הַשָּׁמַיִם
welkin	כִּפַּת-הַשָּׁמַיִם
welkin	כִּפַּת-הָרָקִיעַ
center	לֵב
center	מֶרְכָּז
centre	לֵב
centre	מֶרְכָּז
middle	לֵב
middle	מֶרְכָּז
heart	לֵב
heart	מֶרְכָּז
eye	לֵב
eye	מֶרְכָּז
city	עִיר
city	!עִיר
metropolis	עִיר
metropolis	!עִיר
urban center	עִיר
urban center	!עִיר
zone	GAP!
geographical zone	GAP!
corncob	קֶלַח
corn cob	קֶלַח
state	אֶרֶץ
department	!מַחְלָקָה
department	!אֲגַף
development	!הִתְפַּתְּחוּת
district	מָחוֹז
district	טֶרִיטוֹרְיָה
territory	מָחוֹז
territory	טֶרִיטוֹרְיָה
territorial dominion	מָחוֹז
territorial dominion	טֶרִיטוֹרְיָה
dominion	מָחוֹז
dominion	טֶרִיטוֹרְיָה
enclave	מֻבְלַעַת
suburb	פַּרְוָר
suburb	פַּרְבָר
suburbia	פַּרְוָר
suburbia	פַּרְבָר
suburban area	פַּרְוָר
suburban area	פַּרְבָר
domain	!תְּחוּם
demesne	!תְּחוּם
land	!תְּחוּם
principality	נְסִיכוּת
princedom	נְסִיכוּת
edge	קָצֶה
edge	שָׂפָה
border	קָצֶה
border	שָׂפָה
environment	סְבִיבָה
environs	סְבִיבָה
surroundings	סְבִיבָה
surround	סְבִיבָה
finish	יַעַד
destination	יַעַד
goal	יַעַד
hayfield	אָחוּ
hayfield	כַּר
meadow	אָחוּ
meadow	כַּר
playing field	!מִגְרָשׁ
athletic field	!מִגְרָשׁ
playing area	!מִגְרָשׁ
midfield	מֶרְכָּז-הַמִּגְרָשׁ
haunt	!תִּקּוּן
hangout	!תִּקּוּן
resort	!תִּקּוּן
repair	!תִּקּוּן
stamping ground	!תִּקּוּן
hilltop	GAP!
brow	GAP!
inside	תּוֹךְ
inside	קֶרֶב
inside	פְּנִים
interior	תּוֹךְ
interior	קֶרֶב
interior	פְּנִים
lair	מְאוּרָה
den	מְאוּרָה
lawn	מִדְשָׁאָה
lookout	מִצְפֶּה
observation post	מִצְפֶּה
nadir	נָדִיר
pasture	אָחוּ
pastureland	אָחוּ
grazing land	אָחוּ
lea	אָחוּ
ley	אָחוּ
path	מַסְלוּל
route	מַסְלוּל
itinerary	מַסְלוּל
peak	פִּסְגָּה
peak	רֹאשׁ-הַר
crown	פִּסְגָּה
crown	רֹאשׁ-הַר
crest	פִּסְגָּה
crest	רֹאשׁ-הַר
top	פִּסְגָּה
top	רֹאשׁ-הַר
tip	פִּסְגָּה
tip	רֹאשׁ-הַר
summit	פִּסְגָּה
summit	רֹאשׁ-הַר
prairie	עֲרָבָה
site	!אֲתָר
situation	!אֲתָר
seaport	נָמֵל
seaport	מַעֲגָן
haven	נָמֵל
haven	מַעֲגָן
harbor	נָמֵל
harbor	מַעֲגָן
harbour	נָמֵל
harbour	מַעֲגָן
anchorage	מַעֲגָן
anchorage ground	מַעֲגָן
dockyard	!מִסְפָּנָה
rough	GAP!
vicinity	סְבִיבָה
locality	סְבִיבָה
neighborhood	סְבִיבָה
neighbourhood	סְבִיבָה
neck of the woods	סְבִיבָה
sector	אֵזוֹר
side	צֶלַע
land site	!אֲתָר
state	!מָחוֹז
province	!מָחוֹז
province	מְדִינָה
town	עֲיָרָה
township	!עִיר
town	!עִיר
hamlet	!כְּפָר
trust territory	!נֶאֱמָנוּת
trusteeship	!נֶאֱמָנוּת
vantage point	נְקֻדַּת-תַּצְפִּית
viewpoint	נְקֻדַּת-תַּצְפִּית
tendency	מְגַמָּה
tendency	נְטִיָּה
trend	מְגַמָּה
trend	נְטִיָּה
zenith	זֶנִית
sign of the zodiac	בַּיִת
star sign	בַּיִת
sign	בַּיִת
mansion	בַּיִת
planetary house	בַּיִת
Sagittarius	מַזַּל-קַשָּׁת
Sagittarius	קַשָּׁת
Sagittarius the Archer	מַזַּל-קַשָּׁת
Sagittarius the Archer	קַשָּׁת
Archer	מַזַּל-קַשָּׁת
Archer	קַשָּׁת
Capricorn	מַזַּל-גְּדִי
Capricorn the Goat	מַזַּל-גְּדִי
Goat	מַזַּל-גְּדִי
zone	!אֵזוֹר
China	סִין
People's Republic of China	סִין
mainland China	סִין
Communist China	סִין
Red China	סִין
PRC	סִין
Cathay	סִין
Greece	יָוָן
Hellenic Republic	יָוָן
Ellas	יָוָן
Israel	מְדִינַת-יִשְׂרָאֵל
Israel	יִשְׂרָאֵל
Israel	צִיּוֹן
Israel	אֶרֶץ-יִשְׂרָאֵל
State of Israel	מְדִינַת-יִשְׂרָאֵל
State of Israel	יִשְׂרָאֵל
State of Israel	צִיּוֹן
State of Israel	אֶרֶץ-יִשְׂרָאֵל
Yisrael	מְדִינַת-יִשְׂרָאֵל
Yisrael	יִשְׂרָאֵל
Yisrael	צִיּוֹן
Yisrael	אֶרֶץ-יִשְׂרָאֵל
Zion	מְדִינַת-יִשְׂרָאֵל
Zion	יִשְׂרָאֵל
Zion	צִיּוֹן
Zion	אֶרֶץ-יִשְׂרָאֵל
Sion	מְדִינַת-יִשְׂרָאֵל
Sion	יִשְׂרָאֵל
Sion	צִיּוֹן
Sion	אֶרֶץ-יִשְׂרָאֵל
Wake Island	!שֹׁבֶל
Wake	!שֹׁבֶל
Arabian Peninsula	עֲרָב
Arabian Peninsula	חֲצִי-הָאִי-עֲרָב
Arabia	עֲרָב
Arabia	חֲצִי-הָאִי-עֲרָב
Reading	רִידִינְג
Man	מָן
Isle of Man	מָן
India	הֹדּוּ
Republic of India	הֹדּוּ
Bharat	הֹדּוּ
France	צָרְפַת
French Republic	צָרְפַת
Centre	!מֶרְכָּז
Centre	!טַבּוּר
Male	מָלֶה
Union	!אִחוּד
North	!אִחוּד
Anchorage	GAP!
Independence	GAP!
Buffalo	!תְּאוֹ
Greenwich Village	GAP!
Village	GAP!
incentive	!תַּמְרִיץ
inducement	!תַּמְרִיץ
motivator	!תַּמְרִיץ
scruples	!מַצְפּוּן
moral sense	!מַצְפּוּן
sense of right and wrong	!מַצְפּוּן
Inner Light	GAP!
Light	GAP!
Light Within	GAP!
Christ Within	GAP!
signal	אִתּוּת
Amur	אָמוּר
Amur River	אָמוּר
Heilong Jiang	אָמוּר
Heilong	אָמוּר
Angel	מַפְּלֵי-אַנְחֵל
Angel Falls	מַפְּלֵי-אַנְחֵל
acclivity	עֲלִיָּה
raise	עֲלִיָּה
climb	עֲלִיָּה
upgrade	עֲלִיָּה
blanket	!מַעֲטֶה
mantle	!שְׂמִיכָה
mantle	!מַעֲטֶה
bubble	בּוּעָה
burrow	!מִנְהָרָה
tunnel	!מִנְהָרָה
canyon	קֶנְיוֹן
canon	קֶנְיוֹן
cave	מְעָרָה
cliff	מָצוּק
cliff	צוּק
drop	מָצוּק
drop	צוּק
drop-off	מָצוּק
drop-off	צוּק
comet	כּוֹכַב-שָׁבִיט
comet	שָׁבִיט
continent	יַבֶּשֶׁת
continent	קוֹנְטִינֶנְט
crater	מַכְתֵּשׁ
curtain	מָסָךְ
Darling	דַּרְלִינג
Darling River	דַּרְלִינג
descent	יְרִידָה
declivity	יְרִידָה
fall	יְרִידָה
decline	יְרִידָה
declination	יְרִידָה
declension	יְרִידָה
downslope	יְרִידָה
Earth	אֶרֶץ
earth	אֶרֶץ
world	אֶרֶץ
globe	אֶרֶץ
ember	גַּחֶלֶת
ember	גַּחַל
ember	רֶמֶץ
coal	גַּחֶלֶת
coal	גַּחַל
coal	רֶמֶץ
estuary	שֶׁפֶךְ
expanse	!הֶקֵּף
expanse	!מִדָּה
fault	הֶעְתֵּק
faulting	הֶעְתֵּק
geological fault	הֶעְתֵּק
shift	הֶעְתֵּק
fracture	הֶעְתֵּק
break	הֶעְתֵּק
fossil	מְאֻבָּן
glacier	קַרְחוֹן
gulf	!מִפְרָץ
hill	גִּבְעָה
iceberg	הַר-קֶרַח
berg	הַר-קֶרַח
inessential	דָּבָר-לֹא-הֶכְרֵחִי
nonessential	דָּבָר-לֹא-הֶכְרֵחִי
island	אִי
isthmus	מֵצַר-יַבָּשָׁה
isthmus	מֵצַר
knoll	גִּבְעֹנֶת
knoll	תֵּל
mound	גִּבְעֹנֶת
hillock	גִּבְעֹנֶת
hillock	תֵּל
hummock	גִּבְעֹנֶת
hummock	תֵּל
hammock	גִּבְעֹנֶת
hammock	תֵּל
lake	אֲגַם
ledge	!מַדָּף
shelf	!מַדָּף
lowland	שְׁפֵלָה
mare	GAP!
maria	GAP!
Mars	מַרְס
Mars	מַאְדִּים
Red Planet	מַרְס
Red Planet	מַאְדִּים
marsh	אַדְמַת-בִּצָּה
marshland	אַדְמַת-בִּצָּה
fen	אַדְמַת-בִּצָּה
fenland	אַדְמַת-בִּצָּה
Milk	GAP!
Milk River	GAP!
mountain	הַר
mount	הַר
necessity	צֹרֶךְ
essential	צֹרֶךְ
requirement	צֹרֶךְ
requisite	צֹרֶךְ
necessary	צֹרֶךְ
neighbor	!שָׁכֵן
neighbour	!שָׁכֵן
nucleus	גַּרְעִין
piece	חֵלֶק
mountain pass	GAP!
notch	GAP!
path	נָתִיב
track	נָתִיב
track	מַסְלוּל
course	נָתִיב
course	מַסְלוּל
pothole	!מַהֲמוֹרָה
chuckhole	!מַהֲמוֹרָה
ravine	עָרוּץ
reef	רִיף
reef	שׁוּנִית
river	נָהָר
rock	אֶבֶן
stone	אֶבֶן
sandbank	שִׂרְטוֹן
sea	יָם
sky	שָׁמַיִם
slope	מַעֲלֶה
incline	מַעֲלֶה
side	מַעֲלֶה
splinter	שְׁבָב
sliver	שְׁבָב
stalactite	נָטִיף
stalactite	נַטּוּף
stalactite	סְטָלַקְטִיט
swamp	בִּצָּה
swampland	בִּצָּה
Twin	!תְּאוֹם
Twin Falls	!תְּאוֹם
unit	יְחִידָה
building block	יְחִידָה
valley	בִּקְעָה
valley	עֵמֶק
vale	בִּקְעָה
vale	עֵמֶק
variable	מִשְׁתַּנֶּה
vent	לעַ
volcano	לעַ
Venus	נֹגַהּ
Venus	כּוֹכַב-הַשַּׁחַר
Venus	כּוֹכַב-הָעֶרֶב
Venus	וֶנוּס
volcanic crater	!מַכְתֵּשׁ
volcanic crater	!לעַ
crater	!מַכְתֵּשׁ
crater	!לעַ
wadi	וָאדִי
waterfall	אֶשֶׁד
waterfall	מַפַּל-מַיִם
waterfall	מַפָּל
falls	אֶשֶׁד
falls	מַפַּל-מַיִם
falls	מַפָּל
web	!הִסְתַּבְּכוּת
web	!תִּסְבֹּכֶת
Death	GAP!
supernatural	הַנִּסְתָּר
occult	הַנִּסְתָּר
spiritual being	יֵשׁוּת-עַל-טִבְעִית
supernatural being	יֵשׁוּת-עַל-טִבְעִית
first cause	הַסִּבָּה-הָרִאשׁוֹנָה
prime mover	הַסִּבָּה-הָרִאשׁוֹנָה
primum mobile	הַסִּבָּה-הָרִאשׁוֹנָה
destiny	הַגּוֹרָל
fate	הַגּוֹרָל
deity	אֵל
deity	אֱלֹהִים
divinity	אֵל
divinity	אֱלֹהִים
god	אֵל
god	אֱלֹהִים
immortal	אֵל
immortal	אֱלֹהִים
Set	סֶת
Seth	סֶת
Baal	בַּעַל
Sin	!חֵטְא
Sin	!עָווֹן
goddess	אֵלָה
Godhead	אֱלֹהֵי-הַנּוֹצְרִים
Lord	אֱלֹהֵי-הַנּוֹצְרִים
Creator	אֱלֹהֵי-הַנּוֹצְרִים
Maker	אֱלֹהֵי-הַנּוֹצְרִים
Divine	אֱלֹהֵי-הַנּוֹצְרִים
God Almighty	אֱלֹהֵי-הַנּוֹצְרִים
Almighty	אֱלֹהֵי-הַנּוֹצְרִים
Jehovah	אֱלֹהֵי-הַנּוֹצְרִים
Son	הַבֵּן
Word	הַבֵּן
Logos	הַבֵּן
Messiah	מָשִׁיחַ
messiah	!מָשִׁיחַ
christ	!מָשִׁיחַ
seraph	שָׂרָף
fairy	פֵיָה
faery	פֵיָה
faerie	פֵיָה
fay	פֵיָה
sprite	פֵיָה
gnome	גַּמָּד
dwarf	גַּמָּד
Satan	שָׂטָן
Old Nick	שָׂטָן
Devil	שָׂטָן
Lucifer	שָׂטָן
Beelzebub	שָׂטָן
the Tempter	שָׂטָן
Prince of Darkness	שָׂטָן
vampire	עַרְפָּד
lamia	עַרְפָּד
Chaos	כָּאוֹס
Nox	!לַיִל
Nox	!לַיְלָה
Night	!לַיִל
Night	!לַיְלָה
Hymen	!בְּתוּלִים
Eve	חַוָּה
adult	GAP!
grownup	GAP!
auctioneer	!כָּרוֹז
benefactor	מֵיטִיב
helper	מֵיטִיב
captor	שׁוֹבֶה
capturer	שׁוֹבֶה
communicator	!קֶשֶׁר
consumer	צַרְכָן
coward	מוּג-לֵב
coward	פַּחְדָן
creator	יוֹצֵר
defender	GAP!
guardian	GAP!
protector	GAP!
shielder	GAP!
entertainer	GAP!
expert	GAP!
native	!בֵּן
native	!בַּת
native	!יָלִיד
indigen	!בֵּן
indigen	!בַּת
indigen	!יָלִיד
indigene	!בֵּן
indigene	!בַּת
indigene	!יָלִיד
aborigine	!בֵּן
aborigine	!בַּת
aborigine	!יָלִיד
aboriginal	!בֵּן
aboriginal	!בַּת
aboriginal	!יָלִיד
intellectual	GAP!
intellect	GAP!
juvenile	!צָעִיר
juvenile person	!צָעִיר
lover	!מְאַהֵב
national	נָתִין
subject	נָתִין
traveler	!הֵלֶךְ
traveller	!הֵלֶךְ
worker	עוֹבֵד
wrongdoer	!עֲבַרְיָן
offender	!עֲבַרְיָן
Black	כּוּשִׁי
Black	שָׁחֹר
Black person	כּוּשִׁי
Black person	שָׁחֹר
blackamoor	כּוּשִׁי
blackamoor	שָׁחֹר
Negro	כּוּשִׁי
Negro	שָׁחֹר
Negroid	כּוּשִׁי
Negroid	שָׁחֹר
brave	GAP!
Friend	קְוֶקֶר
Quaker	קְוֶקֶר
Jew	יְהוּדִי
Hebrew	יְהוּדִי
Israelite	יְהוּדִי
Jewess	יְהוּדִיָּה
European	GAP!
Angle	!זָוִית
Frenchman	GAP!
Frenchwoman	GAP!
French person	GAP!
Hellene	GAP!
Palestinian Arab	פָּלֶשְׂתִּינִי
Palestinian Arab	פָּלֶשְׂתִּינָאִי
Pole	GAP!
Spaniard	GAP!
French	!צָרְפָתִית
French people	!צָרְפָתִית
absentee	!נִפְקָד
companion	בֶּן-לְוָיָה
accompanist	GAP!
accompanyist	GAP!
accountant	!חַשָּׁב
accountant	!רוֹאֵה חֶשְׁבּוֹן
comptroller	!חַשָּׁב
comptroller	!רוֹאֵה חֶשְׁבּוֹן
controller	!חַשָּׁב
controller	!רוֹאֵה חֶשְׁבּוֹן
defendant	נִתְבָּע
defendant	נֶאֱשַׁם
suspect	נִתְבָּע
suspect	נֶאֱשַׁם
acquaintance	מְיֻדָּע
acquaintance	מַכָּר
friend	מְיֻדָּע
friend	מַכָּר
acrobat	GAP!
actor	שַׂחְקָן
histrion	שַׂחְקָן
player	שַׂחְקָן
thespian	שַׂחְקָן
role player	שַׂחְקָן
actress	שַׂחְקָנִית
addressee	נִמְעָן
addressee	מְכֻתָּב
adjudicator	פּוֹסֵק
adulterer	נוֹאֵף
fornicator	נוֹאֵף
adversary	יָרִיב
antagonist	יָרִיב
opponent	יָרִיב
opposer	יָרִיב
resister	יָרִיב
adviser	יוֹעֵץ
advisor	יוֹעֵץ
consultant	יוֹעֵץ
agriculturist	!מְגַדֵּל
agriculturalist	!מְגַדֵּל
cultivator	!מְגַדֵּל
grower	!מְגַדֵּל
raiser	!מְגַדֵּל
air force officer	GAP!
commander	GAP!
albino	GAP!
ally	בַּעַל-בְּרִית
friend	בַּעַל-בְּרִית
alumnus	GAP!
alumna	GAP!
alum	GAP!
graduate	GAP!
grad	GAP!
amputee	קִטֵּעַ
ancestor	אָב קַדְמוֹן
ascendant	אָב קַדְמוֹן
ascendent	אָב קַדְמוֹן
antecedent	אָב קַדְמוֹן
root	אָב קַדְמוֹן
anesthesiologist	מַרְדִּים
anesthesiologist	רוֹפֵא-מַרְדִּים
anesthetist	מַרְדִּים
anesthetist	רוֹפֵא-מַרְדִּים
anaesthetist	מַרְדִּים
anaesthetist	רוֹפֵא-מַרְדִּים
arbiter	GAP!
arbitrator	GAP!
umpire	GAP!
archer	קַשָּׁת
bowman	קַשָּׁת
architect	GAP!
designer	GAP!
artist	GAP!
creative person	GAP!
associate	חָבֵר
aunt	!דּוֹדָה
auntie	!דּוֹדָה
aunty	!דּוֹדָה
authoress	מְחַבֶּרֶת
authoress	סוֹפֶרֶת
babysitter	GAP!
baby-sitter	GAP!
sitter	GAP!
back	!בַּלָּם
barber	סַפָּר
barber	!סַפָּר
beadle	שַׁמָּשׁ
beekeeper	כַּוְרָן
apiarist	כַּוְרָן
apiculturist	כַּוְרָן
beggar	GAP!
mendicant	GAP!
beggarman	קַבְּצָן
beggarwoman	קַבְּצָנִית
beloved	GAP!
dear	GAP!
dearest	GAP!
honey	GAP!
love	GAP!
blacksmith	נַפָּח
Bolshevik	GAP!
Marxist	GAP!
red	GAP!
bolshie	GAP!
bolshy	GAP!
bookbinder	כּוֹרֵךְ
borrower	שׁוֹאֵל
Boy Scout	צוֹפֶה
breadwinner	GAP!
breeder	!מְגַדֵּל
stock breeder	!מְגַדֵּל
brick	!לְבֵנָה
bride	כַּלָּה
bridesmaid	שׁוֹשְׁבִינָה
maid of honor	שׁוֹשְׁבִינָה
brother	אָח
blood brother	אָח
Brother	אָח
brother	חָבֵר
comrade	חָבֵר
buddy	אָח
chum	אָח
crony	אָח
pal	אָח
sidekick	אָח
bugler	!מְחַצְצֵר
builder	!בַּנַּאי
constructor	!בַּנַּאי
burglar	!פּוֹרֵץ
butcher	!שׁוֹחֵט
slaughterer	!שׁוֹחֵט
butter	GAP!
buyer	!קוֹנֶה
buyer	!קַנְיָן
purchaser	!קוֹנֶה
purchaser	!קַנְיָן
emptor	!קוֹנֶה
emptor	!קַנְיָן
vendee	!קוֹנֶה
vendee	!קַנְיָן
cadet	GAP!
plebe	GAP!
calculator	!מַחְשֵׁב
reckoner	!מַחְשֵׁב
figurer	!מַחְשֵׁב
estimator	!מַחְשֵׁב
computer	!מַחְשֵׁב
campaigner	!מָעֳמָד
candidate	!מָעֳמָד
nominee	!מָעֳמָד
candidate	קַנְדִּידָט
candidate	מָעֳמָד
prospect	קַנְדִּידָט
prospect	מָעֳמָד
cantor	GAP!
hazan	GAP!
captain	סֶרֶן
carpenter	GAP!
carter	!עֶגְלוֹן
casualty	נִפְגָּע
injured party	נִפְגָּע
casualty	!הָרוּג
catalyst	זָרָז
censor	GAP!
chambermaid	חַדְרָנִית
fille de chambre	חַדְרָנִית
champion	GAP!
champ	GAP!
title-holder	GAP!
charwoman	עוֹזֶרֶת
char	עוֹזֶרֶת
cleaning woman	עוֹזֶרֶת
cleaning lady	עוֹזֶרֶת
woman	עוֹזֶרֶת
chief executive officer	!מנכ"ל
CEO	!מנכ"ל
chief operating officer	!מנכ"ל
child	יֶלֶד
kid	יֶלֶד
youngster	יֶלֶד
minor	יֶלֶד
shaver	יֶלֶד
nipper	יֶלֶד
small fry	יֶלֶד
tiddler	יֶלֶד
tike	יֶלֶד
tyke	יֶלֶד
fry	יֶלֶד
nestling	יֶלֶד
child	תִּינוֹק
baby	תִּינוֹק
baby	יֶלֶד
citizen	GAP!
civilian	GAP!
cloakmaker	!פַּרְוָן
furrier	!פַּרְוָן
clown	GAP!
buffoon	GAP!
goof	GAP!
goofball	GAP!
merry andrew	GAP!
clown	!מוּקְיוֹן
buffoon	!מוּקְיוֹן
coachman	רַכָּב
cobbler	סַנְדְּלָר
shoemaker	סַנְדְּלָר
colleague	!עָמִית
co-worker	!עָמִית
fellow worker	!עָמִית
workfellow	!עָמִית
colonel	!אַלּוּף מִשְׁנֶה
comedian	GAP!
comic	GAP!
commander	!מְפַקֵּד
commanding officer	GAP!
commandant	GAP!
commentator	!פַּרְשָׁן
reviewer	!פַּרְשָׁן
companion	חָבֵר
fellow	חָבֵר
familiar	חָבֵר
companion	GAP!
fellow traveler	GAP!
fellow traveller	GAP!
composer	קוֹמְפּוֹזִיטוֹר
composer	מַלְחִין
compositor	סַדָּר
typesetter	סַדָּר
setter	סַדָּר
typographer	סַדָּר
Comrade	GAP!
conqueror	כּוֹבֵשׁ
vanquisher	כּוֹבֵשׁ
conservative	GAP!
conservativist	GAP!
convert	GAP!
convict	GAP!
con	GAP!
inmate	GAP!
yard bird	GAP!
yardbird	GAP!
cook	GAP!
cookie	GAP!
cooky	GAP!
coordinator	GAP!
correspondent	!כַּתָּב
letter writer	!כַּתָּב
newspaperman	!כַּתָּב
newspaperwoman	!כַּתָּב
newswriter	!כַּתָּב
pressman	!כַּתָּב
count	רוֹזֵן
compatriot	אָח
cowboy	בּוֹקֵר
cowboy	רוֹעֶה-בָּקָר
cowboy	קָאוּבּוֹי
cowpuncher	בּוֹקֵר
cowpuncher	רוֹעֶה-בָּקָר
cowpuncher	קָאוּבּוֹי
puncher	בּוֹקֵר
puncher	רוֹעֶה-בָּקָר
puncher	קָאוּבּוֹי
cowman	בּוֹקֵר
cowman	רוֹעֶה-בָּקָר
cowman	קָאוּבּוֹי
cattleman	בּוֹקֵר
cattleman	רוֹעֶה-בָּקָר
cattleman	קָאוּבּוֹי
cowpoke	בּוֹקֵר
cowpoke	רוֹעֶה-בָּקָר
cowpoke	קָאוּבּוֹי
cowhand	בּוֹקֵר
cowhand	רוֹעֶה-בָּקָר
cowhand	קָאוּבּוֹי
cowherd	בּוֹקֵר
cowherd	רוֹעֶה-בָּקָר
cowherd	קָאוּבּוֹי
crackpot	נוּת
crank	נוּת
nut	נוּת
nut case	נוּת
fruitcake	נוּת
screwball	נוּת
craftsman	GAP!
artisan	GAP!
journeyman	GAP!
artificer	GAP!
craftsman	!אֻמָּן
crafter	!אֻמָּן
creature	יְצוּר-אֱנוֹשִׁי
wight	יְצוּר-אֱנוֹשִׁי
creditor	נוֹשֶׁה
creditor	בַּעַל-חוֹב
criminal	!פּוֹשֵׁעַ
felon	!פּוֹשֵׁעַ
crook	!פּוֹשֵׁעַ
outlaw	!פּוֹשֵׁעַ
malefactor	!פּוֹשֵׁעַ
cub	!גּוּר
greenhorn	!גּוּר
rookie	!גּוּר
curator	GAP!
conservator	GAP!
customer	לָקוֹחַ
customer	קְלִיֶנְט
client	קְלִיֶנְט
client	מַרְשֶׁה
dad	אַבָּא
dada	אַבָּא
daddy	אַבָּא
pa	אַבָּא
papa	אַבָּא
pappa	אַבָּא
pop	אַבָּא
dame	גְּבֶרֶת
dame	לֵיְדִּי
madam	גְּבֶרֶת
madam	לֵיְדִּי
ma'am	גְּבֶרֶת
ma'am	לֵיְדִּי
lady	גְּבֶרֶת
lady	לֵיְדִּי
gentlewoman	גְּבֶרֶת
gentlewoman	לֵיְדִּי
dancer	GAP!
professional dancer	GAP!
terpsichorean	GAP!
dandy	גַּנְדְּרָן
dude	גַּנְדְּרָן
fop	גַּנְדְּרָן
gallant	גַּנְדְּרָן
sheik	גַּנְדְּרָן
beau	גַּנְדְּרָן
swell	גַּנְדְּרָן
fashion plate	גַּנְדְּרָן
clotheshorse	גַּנְדְּרָן
darling	יַקִּיר
favorite	יַקִּיר
favourite	יַקִּיר
pet	יַקִּיר
dearie	יַקִּיר
deary	יַקִּיר
ducky	יַקִּיר
daughter	בַּת
girl	בַּת
deaf person	GAP!
debtor	חַיָּב
debtor	לוֹוֶה
debitor	חַיָּב
debitor	לוֹוֶה
deceiver	!רַמַּאי
cheat	!רַמַּאי
cheater	!רַמַּאי
trickster	!רַמַּאי
beguiler	!רַמַּאי
slicker	!רַמַּאי
defamer	GAP!
maligner	GAP!
slanderer	GAP!
vilifier	GAP!
libeler	GAP!
backbiter	GAP!
traducer	GAP!
defeatist	GAP!
negativist	GAP!
defense attorney	GAP!
defense lawyer	GAP!
delegate	!נָצִיג
depositor	GAP!
descendant	!צֶאֱצָא
descendent	!צֶאֱצָא
deserter	GAP!
defector	GAP!
detainee	!עָצִיר
political detainee	!עָצִיר
detective	GAP!
investigator	GAP!
tec	GAP!
police detective	GAP!
deus ex machina	דֶּאוּס-אֶקְס-מָכִינָה
director	מְנַהֵל
manager	מְנַהֵל
managing director	מְנַהֵל
disciple	תַּלְמִיד
adherent	תַּלְמִיד
dissenter	!סַרְבָּן
dissident	!סַרְבָּן
protester	!סַרְבָּן
objector	!סַרְבָּן
contestant	!סַרְבָּן
divorcee	!גְּרוּשָׁה
divorcee	!גָּרוּשׁ
grass widow	!גְּרוּשָׁה
grass widow	!גָּרוּשׁ
doctor	GAP!
doc	GAP!
physician	GAP!
MD	GAP!
Dr.	GAP!
medico	GAP!
Doctor of the Church	!רוֹפֵא
Doctor	!רוֹפֵא
dodger	!שׁוּעָל
fox	!שׁוּעָל
slyboots	!שׁוּעָל
dodo	!מְאֻבָּן
fogy	!מְאֻבָּן
fogey	!מְאֻבָּן
fossil	!מְאֻבָּן
dramatist	מַחֲזַאי
playwright	מַחֲזַאי
drummer	מְתוֹפֵף
dwarf	GAP!
midget	GAP!
nanus	GAP!
eavesdropper	GAP!
economist	כַּלְכְּלָן
economic expert	כַּלְכְּלָן
editor	!עוֹרֵךְ
editor in chief	!עוֹרֵךְ
educator	GAP!
pedagogue	GAP!
pedagog	GAP!
emigrant	GAP!
emigre	GAP!
emigree	GAP!
outgoer	GAP!
emir	אֶמִיר
amir	אֶמִיר
emeer	אֶמִיר
ameer	אֶמִיר
emissary	שָׁלִיחַ
envoy	שָׁלִיחַ
employee	!עוֹבֵד
employer	GAP!
entrepreneur	יַזָּם
enterpriser	יַזָּם
envoy	!שָׁלִיחַ
envoy	!צִיר
envoy extraordinary	!שָׁלִיחַ
envoy extraordinary	!צִיר
minister plenipotentiary	!שָׁלִיחַ
minister plenipotentiary	!צִיר
eunuch	סָרִיס
castrate	סָרִיס
evacuee	GAP!
evaluator	!שׁוֹפֵט
judge	!שׁוֹפֵט
examiner	GAP!
tester	GAP!
quizzer	GAP!
exchanger	GAP!
money changer	GAP!
exhibitionist	GAP!
show-off	GAP!
exile	מְגֹרָשׁ
exile	גּוֹלֶה
deportee	מְגֹרָשׁ
deportee	גּוֹלֶה
exile	גָּלוּת-מֵרָצוֹן
expatriate	גָּלוּת-מֵרָצוֹן
expat	גָּלוּת-מֵרָצוֹן
exploiter	GAP!
user	GAP!
exporter	יְצוּאָן
extremist	!קִיצוֹנִי
fagot	מִתְרוֹמֵם
faggot	מִתְרוֹמֵם
fag	מִתְרוֹמֵם
fairy	מִתְרוֹמֵם
nance	מִתְרוֹמֵם
pansy	מִתְרוֹמֵם
queen	מִתְרוֹמֵם
queer	מִתְרוֹמֵם
poof	מִתְרוֹמֵם
poove	מִתְרוֹמֵם
pouf	מִתְרוֹמֵם
fan	GAP!
buff	GAP!
devotee	GAP!
lover	GAP!
fanatic	!קַנַּאי
fiend	!קַנַּאי
farmer	GAP!
husbandman	GAP!
granger	GAP!
sodbuster	GAP!
father	אָב
father	אַבָּא
male parent	אָב
male parent	אַבָּא
begetter	אָב
begetter	אַבָּא
fence	GAP!
fencer	GAP!
swordsman	GAP!
firstborn	GAP!
eldest	GAP!
first lieutenant	סֶגֶן
1st lieutenant	סֶגֶן
fisherman	!דַּיָּג
fisher	!דַּיָּג
fool	טִפֵּשׁ
sap	טִפֵּשׁ
saphead	טִפֵּשׁ
muggins	טִפֵּשׁ
tomfool	טִפֵּשׁ
football player	שַׂחְקָן-פוּטְבּוֹל
footballer	שַׂחְקָן-פוּטְבּוֹל
forefather	אָב
sire	אָב
foreigner	!זָר
outsider	!זָר
foreman	!רֹאשׁ
chief	!רֹאשׁ
gaffer	!רֹאשׁ
honcho	!רֹאשׁ
boss	!רֹאשׁ
forester	יַעֲרָן
tree farmer	יַעֲרָן
arboriculturist	יַעֲרָן
forger	GAP!
counterfeiter	GAP!
forger	!זַיְפָן
founder	אָב
beginner	אָב
founding father	אָב
founder	!מְיַסֵּד
monk	נָזִיר
monastic	נָזִיר
friend	GAP!
general manager	!מנכ"ל
genitor	הוֹרֶה-בִּיוֹלוֹגִי
giant	!לִוְיָתָן
hulk	!לִוְיָתָן
heavyweight	!לִוְיָתָן
whale	!לִוְיָתָן
girl	נַעֲרָה
girl	בַּחוּרָה
miss	נַעֲרָה
miss	בַּחוּרָה
missy	נַעֲרָה
missy	בַּחוּרָה
young lady	נַעֲרָה
young lady	בַּחוּרָה
young woman	נַעֲרָה
young woman	בַּחוּרָה
fille	נַעֲרָה
fille	בַּחוּרָה
Girl Scout	צוֹפָה
glass cutter	GAP!
glass-cutter	GAP!
glassworker	GAP!
glazier	GAP!
glazer	GAP!
gossiper	!רְכִילוּת
gossiper	!רַכְלָן
gossipmonger	!רְכִילוּת
gossipmonger	!רַכְלָן
rumormonger	!רְכִילוּת
rumormonger	!רַכְלָן
rumourmonger	!רְכִילוּת
rumourmonger	!רַכְלָן
newsmonger	!רְכִילוּת
newsmonger	!רַכְלָן
grammarian	GAP!
syntactician	GAP!
granddaughter	נֶכְדָּה
grandfather	סָב
grandfather	סָבָא
grandfather	סַבָּא
gramps	סָב
gramps	סָבָא
gramps	סַבָּא
granddad	סָב
granddad	סָבָא
granddad	סַבָּא
grandad	סָב
grandad	סָבָא
grandad	סַבָּא
granddaddy	סָב
granddaddy	סָבָא
granddaddy	סַבָּא
grandpa	סָב
grandpa	סָבָא
grandpa	סַבָּא
grandma	סָבָה
grandma	סַבְתָּא
grandmother	סָבָה
grandmother	סַבְתָּא
granny	סָבָה
granny	סַבְתָּא
grannie	סָבָה
grannie	סַבְתָּא
gran	סָבָה
gran	סַבְתָּא
nan	סָבָה
nan	סַבְתָּא
nanna	סָבָה
nanna	סַבְתָּא
grandson	נֶכֶד
greengrocer	יַרְקָן
groom	חָתָן
bridegroom	חָתָן
guarantor	GAP!
surety	GAP!
warrantor	GAP!
warranter	GAP!
gymnast	מִתְעַמֵּל
Gypsy	GAP!
Gipsy	GAP!
Romany	GAP!
Rommany	GAP!
Romani	GAP!
Roma	GAP!
Bohemian	GAP!
hairdresser	סַפָּר
hairdresser	!סַפָּר
hairstylist	סַפָּר
hairstylist	!סַפָּר
stylist	סַפָּר
stylist	!סַפָּר
styler	סַפָּר
styler	!סַפָּר
hangman	תַּלְיָן
harpist	נַבְלָן
harpist	נַבְלַאי
harper	נַבְלָן
harper	נַבְלַאי
war hawk	נֵץ
head	!רֹאשׁ
top dog	!רֹאשׁ
hearer	GAP!
listener	GAP!
auditor	GAP!
attender	GAP!
heiress	יוֹרֶשֶׁת
inheritress	יוֹרֶשֶׁת
inheritrix	יוֹרֶשֶׁת
herder	רוֹעֶה
herdsman	רוֹעֶה
drover	רוֹעֶה
hiker	GAP!
tramp	GAP!
tramper	GAP!
hostess	!מְאָרַחַת
hostess	מְאָרַחַת
housewife	עֲקֶרֶת-בַּיִת
homemaker	עֲקֶרֶת-בַּיִת
lady of the house	עֲקֶרֶת-בַּיִת
woman of the house	עֲקֶרֶת-בַּיִת
humpback	GAP!
hunchback	GAP!
crookback	GAP!
hunter	GAP!
huntsman	GAP!
husband	בַּעַל
husband	אִישׁ
hubby	בַּעַל
hubby	אִישׁ
married man	בַּעַל
married man	אִישׁ
hypnotist	מְהַפְּנֵט
hypnotist	מְהַפְנֵט
hypnotizer	מְהַפְּנֵט
hypnotizer	מְהַפְנֵט
hypnotiser	מְהַפְּנֵט
hypnotiser	מְהַפְנֵט
mesmerist	מְהַפְּנֵט
mesmerist	מְהַפְנֵט
mesmerizer	מְהַפְּנֵט
mesmerizer	מְהַפְנֵט
hypocrite	צָבוּעַ
dissembler	צָבוּעַ
dissimulator	צָבוּעַ
phony	צָבוּעַ
phoney	צָבוּעַ
pretender	צָבוּעַ
idler	GAP!
loafer	GAP!
do-nothing	GAP!
layabout	GAP!
bum	GAP!
idol	GAP!
matinee idol	GAP!
ignoramus	GAP!
know nothing	GAP!
uneducated person	GAP!
immigrant	GAP!
imposter	מִתְחַזֶּה
impostor	מִתְחַזֶּה
pretender	מִתְחַזֶּה
fake	מִתְחַזֶּה
faker	מִתְחַזֶּה
fraud	מִתְחַזֶּה
sham	מִתְחַזֶּה
shammer	מִתְחַזֶּה
pseudo	מִתְחַזֶּה
pseud	מִתְחַזֶּה
role player	מִתְחַזֶּה
industrialist	תַּעֲשִׂיָּן
inquirer	GAP!
enquirer	GAP!
questioner	GAP!
querier	GAP!
asker	GAP!
inquisitor	!חוֹקֵר
interrogator	!חוֹקֵר
inspector	GAP!
instigator	יוֹזֵם
initiator	יוֹזֵם
interior designer	GAP!
interior decorator	GAP!
house decorator	GAP!
room decorator	GAP!
decorator	GAP!
intern	GAP!
interne	GAP!
houseman	GAP!
medical intern	GAP!
interpreter	מְתַרְגֵּם
interpreter	מְתֻרְגְּמָן
translator	מְתַרְגֵּם
translator	מְתֻרְגְּמָן
interviewee	GAP!
introvert	!מְכֻנָּס
invader	!פּוֹלֵשׁ
encroacher	!פּוֹלֵשׁ
inventor	GAP!
discoverer	GAP!
investment banker	!חַתָּם
underwriter	!חַתָּם
investor	GAP!
invigilator	!מַשְׁגִּיחַ
jester	לֵיצַן-הֶחָצֵר
fool	לֵיצַן-הֶחָצֵר
motley fool	לֵיצַן-הֶחָצֵר
jewel	!תַּכְשִׁיט
gem	!תַּכְשִׁיט
jobber	סִיטוֹנַאי
middleman	סִיטוֹנַאי
wholesaler	סִיטוֹנַאי
joker	לֵץ
jokester	לֵץ
judge	GAP!
justice	GAP!
jurist	GAP!
juggler	GAP!
jurist	!מִשְׁפְּטָן
legal expert	!מִשְׁפְּטָן
kidnapper	!חוֹטֵף
kidnaper	!חוֹטֵף
abductor	!חוֹטֵף
snatcher	!חוֹטֵף
king	!מֶלֶךְ
queen	!מֶלֶךְ
world-beater	!מֶלֶךְ
relative	GAP!
relation	GAP!
knight	אַבִּיר
laborer	!פּוֹעֵל
manual laborer	!פּוֹעֵל
labourer	!פּוֹעֵל
jack	!פּוֹעֵל
lawyer	GAP!
attorney	GAP!
leaseholder	GAP!
lessee	GAP!
lector	GAP!
lecturer	GAP!
reader	GAP!
lecturer	מַרְצֶה
leech	עֲלוּקָה
leech	טַפִּיל
parasite	עֲלוּקָה
sponge	עֲלוּקָה
sponge	טַפִּיל
sponger	עֲלוּקָה
sponger	טַפִּיל
legislator	!מְחוֹקֵק
lender	GAP!
loaner	GAP!
leper	GAP!
lazar	GAP!
liar	GAP!
prevaricator	GAP!
librarian	GAP!
bibliothec	GAP!
lifeguard	מַצִּיל
lifesaver	מַצִּיל
linguist	GAP!
linguist	פּוֹלִיגְלוֹט
linguist	רַב-לְשׁוֹנִי
linguistic scientist	GAP!
linguistic scientist	פּוֹלִיגְלוֹט
linguistic scientist	רַב-לְשׁוֹנִי
liver	GAP!
loser	!מַפְסִידָן
also-ran	!מַפְסִידָן
Lot	לוֹט
lounge lizard	GAP!
lizard	GAP!
lout	קְלוֹץ
lout	גֹּלֶם
clod	קְלוֹץ
clod	גֹּלֶם
stumblebum	קְלוֹץ
stumblebum	גֹּלֶם
goon	קְלוֹץ
goon	גֹּלֶם
oaf	קְלוֹץ
oaf	גֹּלֶם
lubber	קְלוֹץ
lubber	גֹּלֶם
lummox	קְלוֹץ
lummox	גֹּלֶם
lump	קְלוֹץ
lump	גֹּלֶם
gawk	קְלוֹץ
gawk	גֹּלֶם
ma	אִמָּא
mama	אִמָּא
mamma	אִמָּא
mom	אִמָּא
momma	אִמָּא
mommy	אִמָּא
mammy	אִמָּא
mum	אִמָּא
mummy	אִמָּא
madam	מָדָם
brothel keeper	מָדָם
major-general	!אַלּוּף
male child	יֶלֶד
male child	דַּרְדַּק
male child	יַנּוּקָא
boy	יֶלֶד
boy	דַּרְדַּק
boy	יַנּוּקָא
malingerer	!מִתְחַלֶּה
skulker	!מִתְחַלֶּה
shammer	!מִתְחַלֶּה
man	גֶּבֶר
adult male	גֶּבֶר
manageress	מְנַהֶלֶת
producer	יַצְרָן
Marine	!נֶחָת
devil dog	!נֶחָת
leatherneck	!נֶחָת
shipboard soldier	!נֶחָת
mariner	!זֶפֶת
seaman	!זֶפֶת
tar	!זֶפֶת
Jack-tar	!זֶפֶת
Jack	!זֶפֶת
old salt	!זֶפֶת
seafarer	!זֶפֶת
gob	!זֶפֶת
sea dog	!זֶפֶת
marksman	GAP!
sharpshooter	GAP!
crack shot	GAP!
mason	!סַתָּת
stonemason	!סַתָּת
messenger	!שָׁלִיחַ
courier	!שָׁלִיחַ
midwife	מְיַלֶּדֶת
accoucheuse	מְיַלֶּדֶת
militant	!פָּעִיל
activist	!פָּעִיל
military officer	GAP!
officer	GAP!
mimic	!חַקְיָן
mimicker	!חַקְיָן
miner	כּוֹרֶה
mineworker	כּוֹרֶה
minister	!צִיר
diplomatic minister	!צִיר
miser	קַמְצָן
miser	כִּילַי
mistress	!מְאַהֶבֶת
mistress	פִּילֶגֶשׁ
mistress	מְאַהֶבֶת
kept woman	פִּילֶגֶשׁ
kept woman	מְאַהֶבֶת
fancy woman	פִּילֶגֶשׁ
fancy woman	מְאַהֶבֶת
moocher	!שְׁנוֹרֶר
mooch	!שְׁנוֹרֶר
cadger	!שְׁנוֹרֶר
scrounger	!שְׁנוֹרֶר
mortician	!קַבְרָן
undertaker	!קַבְרָן
funeral undertaker	!קַבְרָן
funeral director	!קַבְרָן
mother	אֵם
female parent	אֵם
mother-in-law	חָמוֹת
mourner	אָבֵל
griever	אָבֵל
sorrower	אָבֵל
lamenter	אָבֵל
murderer	רוֹצֵחַ
liquidator	רוֹצֵחַ
manslayer	רוֹצֵחַ
murderess	רוֹצַחַת
musician	נַגָּן
musician	מְנַגֵּן
instrumentalist	נַגָּן
instrumentalist	מְנַגֵּן
player	נַגָּן
player	מְנַגֵּן
nanny	מְטַפֶּלֶת
nanny	אוֹמֶנֶת
nursemaid	מְטַפֶּלֶת
nursemaid	אוֹמֶנֶת
nurse	מְטַפֶּלֶת
nurse	אוֹמֶנֶת
narrator	GAP!
storyteller	GAP!
teller	GAP!
navigator	!נַוָּט
neighbor	GAP!
neighbour	GAP!
neonate	הָרַךְ-הַנּוֹלָד
neonate	יִלּוֹד
newborn	הָרַךְ-הַנּוֹלָד
newborn	יִלּוֹד
newborn infant	הָרַךְ-הַנּוֹלָד
newborn infant	יִלּוֹד
newborn baby	הָרַךְ-הַנּוֹלָד
newborn baby	יִלּוֹד
nephew	אַחְיָן
niece	אַחְיָנִית
nomad	!הֵלֶךְ
noncommissioned officer	!נַגָּד
noncom	!נַגָּד
enlisted officer	!נַגָּד
nurse	אָח
nun	נְזִירָה
observer	!פַּרְשָׁן
obstetrician	רוֹפֵא-מְיַלֵּד
accoucheur	רוֹפֵא-מְיַלֵּד
official	עוֹבֵד-צִבּוּר
functionary	עוֹבֵד-צִבּוּר
opportunist	GAP!
self-seeker	GAP!
opposition	יָרִיב
opposite	יָרִיב
orphan	!יָתוֹם
overlord	אָדוֹן
master	אָדוֹן
lord	אָדוֹן
overseer	!קָצִין
superintendent	!קָצִין
owner	בְּעָלִים
proprietor	בְּעָלִים
painter	!צַבָּע
painter	צַבָּע
paratrooper	!צַנְחָן
para	!צַנְחָן
parent	הוֹרָה
parent	הוֹרֶה
partner	GAP!
pasha	פָּשָׁה
pasha	פֶּחָה
pacha	פָּשָׁה
pacha	פֶּחָה
patient	פַּצְיֶנְט
pauper	אֶבְיוֹן
peddler	!רוֹכֵל
pedlar	!רוֹכֵל
packman	!רוֹכֵל
hawker	!רוֹכֵל
pitchman	!רוֹכֵל
performer	GAP!
performing artist	GAP!
perpetrator	!מְבַצֵּעַ
culprit	!מְבַצֵּעַ
embodiment	!הִתְגַּלְּמוּת
incarnation	!הִתְגַּלְּמוּת
avatar	!הִתְגַּלְּמוּת
photographer	!צַלָּם
lensman	!צַלָּם
pianist	!פְּסַנְתְּרָן
piano player	!פְּסַנְתְּרָן
pickpocket	כַּיָּס
cutpurse	כַּיָּס
dip	כַּיָּס
pimp	סַרְסוּר
procurer	סַרְסוּר
panderer	סַרְסוּר
pander	סַרְסוּר
pandar	סַרְסוּר
fancy man	סַרְסוּר
ponce	סַרְסוּר
pioneer	GAP!
innovator	GAP!
trailblazer	GAP!
groundbreaker	GAP!
planner	GAP!
contriver	GAP!
deviser	GAP!
participant	שַׂחְקָן
plumber	שְׁרַבְרָב
plumber	אִינְסְטֶלָטוֹר
pipe fitter	שְׁרַבְרָב
pipe fitter	אִינְסְטֶלָטוֹר
poet	פַּיְטָן
poet	מְשׁוֹרֵר
policeman	GAP!
police officer	GAP!
police matron	שׁוֹטֶרֶת
policewoman	שׁוֹטֶרֶת
proprietress	!בַּעֲלַת בַּיִת
preacher	!מַטִּיף
preacher man	!מַטִּיף
sermonizer	!מַטִּיף
sermoniser	!מַטִּיף
predecessor	קוֹדֵם
president	!נָשִׂיא
president	!יו"ר
chairman	!נָשִׂיא
chairman	!יו"ר
chairwoman	!נָשִׂיא
chairwoman	!יו"ר
chair	!נָשִׂיא
chair	!יו"ר
chairperson	!נָשִׂיא
chairperson	!יו"ר
priestess	!כָּמְרִית
prince	בֶּן-מֶלֶךְ
prince	נָסִיךְ
princess	בַּת-מֶלֶךְ
princess	נְסִיכָה
prisoner	GAP!
captive	GAP!
prisoner of war	GAP!
POW	GAP!
private	טוּרַאי
buck private	טוּרַאי
common soldier	טוּרַאי
professional	GAP!
professional person	GAP!
profiteer	!סַפְסָר
programmer	GAP!
computer programmer	GAP!
coder	GAP!
software engineer	GAP!
prophetess	!נְבִיאָה
prosecutor	GAP!
public prosecutor	GAP!
prosecuting officer	GAP!
prosecuting attorney	GAP!
prostitute	פְּרוּצָה
prostitute	יַצְאָנִית
prostitute	זוֹנָה
cocotte	פְּרוּצָה
cocotte	יַצְאָנִית
cocotte	זוֹנָה
whore	פְּרוּצָה
whore	יַצְאָנִית
whore	זוֹנָה
harlot	פְּרוּצָה
harlot	יַצְאָנִית
harlot	זוֹנָה
bawd	פְּרוּצָה
bawd	יַצְאָנִית
bawd	זוֹנָה
tart	פְּרוּצָה
tart	יַצְאָנִית
tart	זוֹנָה
cyprian	פְּרוּצָה
cyprian	יַצְאָנִית
cyprian	זוֹנָה
fancy woman	פְּרוּצָה
fancy woman	יַצְאָנִית
fancy woman	זוֹנָה
working girl	פְּרוּצָה
working girl	יַצְאָנִית
working girl	זוֹנָה
sporting lady	פְּרוּצָה
sporting lady	יַצְאָנִית
sporting lady	זוֹנָה
lady of pleasure	פְּרוּצָה
lady of pleasure	יַצְאָנִית
lady of pleasure	זוֹנָה
woman of the street	פְּרוּצָה
woman of the street	יַצְאָנִית
woman of the street	זוֹנָה
provider	!סַפָּק
rabbi	!רַבִּי
rabbi	!רַב
raper	אַנָּס
rapist	אַנָּס
record-breaker	GAP!
record-holder	GAP!
redeemer	הַנּוֹצְרִי
redeemer	יֵשׁוּ
redeemer	יֵשׁוּעַ
redeemer	הַצָּלוּב
referee	GAP!
ref	GAP!
refinisher	GAP!
renovator	GAP!
restorer	GAP!
preserver	GAP!
reformer	GAP!
reformist	GAP!
crusader	GAP!
social reformer	GAP!
meliorist	GAP!
refugee	!פָּלִיט
religious	!יְשִׁיבָה
repairman	!מְתַקֵּן
maintenance man	!מְתַקֵּן
service man	!מְתַקֵּן
reporter	!כַּתָּב
newsman	!כַּתָּב
newsperson	!כַּתָּב
repository	!מַזְכִּיר
secretary	!מַזְכִּיר
republican	GAP!
research worker	!חוֹקֵר
researcher	!חוֹקֵר
investigator	!חוֹקֵר
retailer	GAP!
retail merchant	GAP!
revolutionist	GAP!
revolutionary	GAP!
subversive	GAP!
subverter	GAP!
rider	רוֹכֵב
rioter	!פּוֹרֵעַ
rival	!מָעֳמָד
challenger	!מָעֳמָד
competitor	!מָעֳמָד
competition	!מָעֳמָד
contender	!מָעֳמָד
robber	GAP!
rogue	!נוֹכֵל
knave	!נוֹכֵל
rascal	!נוֹכֵל
rapscallion	!נוֹכֵל
scalawag	!נוֹכֵל
scallywag	!נוֹכֵל
varlet	!נוֹכֵל
ruler	GAP!
swayer	GAP!
saboteur	!חַבְּלָן
wrecker	!חַבְּלָן
diversionist	!חַבְּלָן
sailing master	!נַוָּט
sailor	יוֹרֵד-יָם
sailor	מַלָּח
sailor	סַפָּן
sailor	יַמַּאי
crewman	יוֹרֵד-יָם
crewman	מַלָּח
crewman	סַפָּן
crewman	יַמַּאי
salesgirl	זַבָּנִית
saleswoman	זַבָּנִית
saleslady	זַבָּנִית
salesman	!מוֹכֵר
salesperson	GAP!
sales representative	GAP!
sales rep	GAP!
savior	גּוֹאֵל
savior	מוֹשִׁיעַ
saviour	גּוֹאֵל
saviour	מוֹשִׁיעַ
rescuer	גּוֹאֵל
rescuer	מוֹשִׁיעַ
deliverer	גּוֹאֵל
deliverer	מוֹשִׁיעַ
scholar	מְלֻמָּד
scholarly person	מְלֻמָּד
bookman	מְלֻמָּד
student	מְלֻמָּד
scholar	!מְלֻמָּד
schoolmarm	!מְאַהֶבֶת
schoolma'am	!מְאַהֶבֶת
schoolmistress	!מְאַהֶבֶת
scientist	אִישׁ-מַדָּע
scientist	מַדְּעָן
scriptwriter	תַּסְרִיטַאי
sculptor	!פַּסָּל
sculpturer	!פַּסָּל
carver	!פַּסָּל
statue maker	!פַּסָּל
sculptress	פַּסֶּלֶת
secretarial assistant	!מַזְכִּיר
seller	!מוֹכֵר
marketer	!מוֹכֵר
vender	!מוֹכֵר
vendor	!מוֹכֵר
trafficker	!מוֹכֵר
servant	מְשָׁרֵת
retainer	מְשָׁרֵת
settler	GAP!
colonist	GAP!
shark	!כָּרִישׁ
sheepherder	נוֹקֵד
sheepherder	רוֹעֵה-צֹאן
shepherd	נוֹקֵד
shepherd	רוֹעֵה-צֹאן
sheepman	נוֹקֵד
sheepman	רוֹעֵה-צֹאן
sheep	!כֶּבֶשׂ
shopkeeper	!חֶנְוָנִי
tradesman	!חֶנְוָנִי
storekeeper	!חֶנְוָנִי
market keeper	!חֶנְוָנִי
shopper	!קוֹנֶה
sibling	אֲחָאִים
sib	אֲחָאִים
sick person	GAP!
diseased person	GAP!
sufferer	GAP!
signaler	GAP!
signaller	GAP!
signer	חָתוּם
signatory	חָתוּם
singer	GAP!
vocalist	GAP!
vocalizer	GAP!
vocaliser	GAP!
sinner	!חוֹטֵא
evildoer	!חוֹטֵא
Sir	סֶר
Sister	אָחוֹת
skilled worker	!אֻמָּן
trained worker	!אֻמָּן
skilled workman	!אֻמָּן
slacker	!מִשְׁתַּמֵּט
shirker	!מִשְׁתַּמֵּט
slave	!עֶבֶד
striver	!עֶבֶד
hard worker	!עֶבֶד
sleepwalker	!סַהֲרוּרִי
somnambulist	!סַהֲרוּרִי
noctambulist	!סַהֲרוּרִי
smuggler	GAP!
runner	GAP!
contrabandist	GAP!
moon curser	GAP!
moon-curser	GAP!
snake in the grass	נָחָשׁ
sniper	!צַלָּף
solicitor	!עוֹרֵךְ דִּין
soloist	GAP!
son	בֵּן
boy	בֵּן
Rebel	GAP!
Reb	GAP!
Johnny Reb	GAP!
Johnny	GAP!
greyback	GAP!
specialist	!מֻמְחֶה
specializer	!מֻמְחֶה
specialiser	!מֻמְחֶה
specialist	רוֹפֵא-מֻמְחֶה
specialist	מֻמְחֶה
medical specialist	רוֹפֵא-מֻמְחֶה
medical specialist	מֻמְחֶה
spendthrift	GAP!
spend-all	GAP!
spender	GAP!
scattergood	GAP!
spokesman	!דּוֹבֵר
spouse	GAP!
married person	GAP!
mate	GAP!
better half	GAP!
spy	!מְרַגֵּל
undercover agent	!מְרַגֵּל
stableman	סַיָּס
stableboy	סַיָּס
groom	סַיָּס
hostler	סַיָּס
ostler	סַיָּס
stenographer	GAP!
amanuensis	GAP!
shorthand typist	GAP!
stevedore	סַוָּר
loader	סַוָּר
longshoreman	סַוָּר
docker	סַוָּר
dockhand	סַוָּר
dock worker	סַוָּר
dockworker	סַוָּר
dock-walloper	סַוָּר
lumper	סַוָּר
stewardess	!דַּיֶּלֶת
air hostess	!דַּיֶּלֶת
hostess	!דַּיֶּלֶת
stranger	!זָר
alien	!זָר
unknown	!זָר
streetwalker	זוֹנַת-רְחוֹב
street girl	זוֹנַת-רְחוֹב
hooker	זוֹנַת-רְחוֹב
hustler	זוֹנַת-רְחוֹב
floozy	זוֹנַת-רְחוֹב
floozie	זוֹנַת-רְחוֹב
slattern	זוֹנַת-רְחוֹב
striker	!חָלוּץ
stripper	!חַשְׂפָן
striptease artist	!חַשְׂפָן
striptease	!חַשְׂפָן
stripteaser	!חַשְׂפָן
exotic dancer	!חַשְׂפָן
ecdysiast	!חַשְׂפָן
peeler	!חַשְׂפָן
stud	מָאצ'וֹ
he-man	מָאצ'וֹ
macho-man	מָאצ'וֹ
student	סְטוּדֶנְט
student	תַּלְמִיד
pupil	סְטוּדֶנְט
pupil	תַּלְמִיד
educatee	סְטוּדֶנְט
educatee	תַּלְמִיד
stupid	!סָכָל
stupid person	!סָכָל
stupe	!סָכָל
dullard	!סָכָל
dolt	!סָכָל
pudding head	!סָכָל
pudden-head	!סָכָל
poor fish	!סָכָל
pillock	!סָכָל
subscriber	!מָנוּי
contributor	!מָנוּי
subscriber	GAP!
endorser	!מָנוּי
indorser	!מָנוּי
ratifier	!מָנוּי
suitor	!מְחַזֵּר
suer	!מְחַזֵּר
wooer	!מְחַזֵּר
supernumerary	נִצָּב
supernumerary	סְטָטִיסְט
spear carrier	נִצָּב
spear carrier	סְטָטִיסְט
extra	נִצָּב
extra	סְטָטִיסְט
supplier	GAP!
provider	GAP!
supporter	חָבֵר
protagonist	חָבֵר
champion	חָבֵר
admirer	חָבֵר
booster	חָבֵר
friend	חָבֵר
surgeon	GAP!
operating surgeon	GAP!
sawbones	GAP!
surrogate mother	אֵם-פּוּנְדְקָאִית
suspect	GAP!
sweetheart	!חָבֵר
sweetheart	חָבֵר
sweetie	!חָבֵר
sweetie	חָבֵר
steady	!חָבֵר
steady	חָבֵר
truelove	!חָבֵר
truelove	חָבֵר
swimmer	GAP!
natator	GAP!
bather	GAP!
tailor	!חַיָּט
seamster	!חַיָּט
sartor	!חַיָּט
tamer	!מְאַלֵּף
tank driver	!מְכָלִית
tax assessor	!מַעֲרִיךְ
tax assessor	!שַׁמַּאי
assessor	!מַעֲרִיךְ
assessor	!שַׁמַּאי
taxpayer	!נִשּׁוֹם
teacher	GAP!
instructor	GAP!
teller	!קֻפַּאי
cashier	!קֻפַּאי
bank clerk	!קֻפַּאי
tenant	!דַּיָּר
renter	!דַּיָּר
terrorist	GAP!
thief	GAP!
stealer	GAP!
thrower	!מָטוֹל
toddler	זַאֲטוּט
toddler	פָּעוֹט
toddler	פַסְפוּס
toddler	יַלְדּוֹן
toddler	קָטַנְצִ'יק
toddler	צוּצִיק
toddler	קָטָן
yearling	זַאֲטוּט
yearling	פָּעוֹט
yearling	פַסְפוּס
yearling	יַלְדּוֹן
yearling	קָטַנְצִ'יק
yearling	צוּצִיק
yearling	קָטָן
tot	זַאֲטוּט
tot	פָּעוֹט
tot	פַסְפוּס
tot	יַלְדּוֹן
tot	קָטַנְצִ'יק
tot	צוּצִיק
tot	קָטָן
bambino	זַאֲטוּט
bambino	פָּעוֹט
bambino	פַסְפוּס
bambino	יַלְדּוֹן
bambino	קָטַנְצִ'יק
bambino	צוּצִיק
bambino	קָטָן
tourist	GAP!
tourer	GAP!
holidaymaker	GAP!
tracker	GAP!
trader	!סוֹחֵר
bargainer	!סוֹחֵר
dealer	!סוֹחֵר
monger	!סוֹחֵר
trainee	GAP!
trainer	מְאַמֵּן
treasurer	GAP!
financial officer	GAP!
turner	!חָרָט
typist	!כַּתְבָנִית
tyrant	!עָרִיץ
autocrat	!עָרִיץ
despot	!עָרִיץ
ump	GAP!
upholsterer	!רַפָּד
usher	סַדְרָן
guide	סַדְרָן
usherette	!סַדְרָנִית
usher	!סַדְרָן
doorkeeper	!סַדְרָן
usurer	מַלְוֶה-בְּרִבִּית
loan shark	מַלְוֶה-בְּרִבִּית
moneylender	מַלְוֶה-בְּרִבִּית
shylock	מַלְוֶה-בְּרִבִּית
vegetarian	!צִמְחוֹנִי
vegan	טִבְעוֹנִי
villain	!נָבָל
scoundrel	!נָבָל
virgin	!בְּתוּלָה
volunteer	GAP!
unpaid worker	GAP!
military volunteer	GAP!
voluntary	GAP!
voter	GAP!
elector	GAP!
waiter	מֶלְצַר
server	מֶלְצַר
waitress	מֶלְצָרִית
wanderer	!הֵלֶךְ
wanderer	!נוֹדֵד
roamer	!הֵלֶךְ
roamer	!נוֹדֵד
rover	!הֵלֶךְ
rover	!נוֹדֵד
bird of passage	!הֵלֶךְ
bird of passage	!נוֹדֵד
warder	!סוֹהֵר
warder	!כַּלַּאי
wardress	!סוֹהֶרֶת
warrior	GAP!
weatherman	חַזַּאי
weather forecaster	חַזַּאי
welder	!רַתָּךְ
whip	מַצְלִיף
party whip	מַצְלִיף
widow	אַלְמָנָה
widow woman	אַלְמָנָה
widower	אַלְמָן
widowman	אַלְמָן
winger	!קִיצוֹנִי
wolf	!זְאֵב
woman chaser	!זְאֵב
skirt chaser	!זְאֵב
masher	!זְאֵב
workman	!עָמֵל
workingman	!עָמֵל
working man	!עָמֵל
working person	!עָמֵל
wrestler	מִתְאַבֵּק
grappler	מִתְאַבֵּק
matman	מִתְאַבֵּק
writer	סוֹפֵר
writer	מְחַבֵּר
author	סוֹפֵר
author	מְחַבֵּר
young person	צָעִיר
youth	צָעִיר
younker	צָעִיר
spring chicken	צָעִיר
Bell	אָלֶכְּסָנְדֶר-בֶּל
Alexander Bell	אָלֶכְּסָנְדֶר-בֶּל
Alexander Graham Bell	אָלֶכְּסָנְדֶר-בֶּל
Bush	!שִׂיחַ
George Bush	!שִׂיחַ
George H.W. Bush	!שִׂיחַ
George Herbert Walker Bush	!שִׂיחַ
President Bush	!שִׂיחַ
Frost	!כְּפוֹר
Frost	!קָרָה
Robert Frost	!כְּפוֹר
Robert Frost	!קָרָה
Robert Lee Frost	!כְּפוֹר
Robert Lee Frost	!קָרָה
Grant	!מַעֲנָק
Ulysses Grant	!מַעֲנָק
Ulysses S. Grant	!מַעֲנָק
Ulysses Simpson Grant	!מַעֲנָק
Hiram Ulysses Grant	!מַעֲנָק
President Grant	!מַעֲנָק
Mary	הַבְּתוּלָה-הַקְּדוֹשָׁה
Virgin Mary	הַבְּתוּלָה-הַקְּדוֹשָׁה
The Virgin	הַבְּתוּלָה-הַקְּדוֹשָׁה
Blessed Virgin	הַבְּתוּלָה-הַקְּדוֹשָׁה
Madonna	הַבְּתוּלָה-הַקְּדוֹשָׁה
Naomi	נָעֳמִי
Noemi	נָעֳמִי
Reed	GAP!
Walter Reed	GAP!
Teach	GAP!
Edward Teach	GAP!
Thatch	GAP!
Edward Thatch	GAP!
Blackbeard	GAP!
crystallization	הִתְגַּבְּשׁוּת
crystallisation	הִתְגַּבְּשׁוּת
crystallizing	הִתְגַּבְּשׁוּת
consequence	!דִּין
effect	!דִּין
outcome	!דִּין
result	!דִּין
event	!דִּין
issue	!דִּין
upshot	!דִּין
luck	!מַזָּל
fortune	!מַזָּל
chance	!מַזָּל
hazard	!מַזָּל
luck	מַזָּל
fortune	מַזָּל
apparent motion	!תְּנוּעָה
apparent movement	!תְּנוּעָה
beam	קֶרֶן-אוֹר
beam	אֲלֻמַּת-אוֹר
beam	קֶרֶן
beam of light	קֶרֶן-אוֹר
beam of light	אֲלֻמַּת-אוֹר
beam of light	קֶרֶן
light beam	קֶרֶן-אוֹר
light beam	אֲלֻמַּת-אוֹר
light beam	קֶרֶן
ray	קֶרֶן-אוֹר
ray	אֲלֻמַּת-אוֹר
ray	קֶרֶן
ray of light	קֶרֶן-אוֹר
ray of light	אֲלֻמַּת-אוֹר
ray of light	קֶרֶן
shaft	קֶרֶן-אוֹר
shaft	אֲלֻמַּת-אוֹר
shaft	קֶרֶן
shaft of light	קֶרֶן-אוֹר
shaft of light	אֲלֻמַּת-אוֹר
shaft of light	קֶרֶן
irradiation	קֶרֶן-אוֹר
irradiation	אֲלֻמַּת-אוֹר
irradiation	קֶרֶן
breeze	רוּחַ-קַלָּה
breeze	בְּרִיזָה
zephyr	רוּחַ-קַלָּה
zephyr	בְּרִיזָה
gentle wind	רוּחַ-קַלָּה
gentle wind	בְּרִיזָה
air	רוּחַ-קַלָּה
air	בְּרִיזָה
current	חַשְׁמַל
electric current	זֶרֶם
electric current	חַשְׁמַל
east wind	רוּחַ-מִזְרָחִית
easter	רוּחַ-מִזְרָחִית
easterly	רוּחַ-מִזְרָחִית
electricity	!חַשְׁמַל
electrical energy	!חַשְׁמַל
fog	!עֲרָפֶל
storm	סְעָרָה
storm	סוּפָה
violent storm	סְעָרָה
violent storm	סוּפָה
gravity	כּוֹחַ-הַכְּבִידָה
gravity	כְּבִידָה
gravity	כּוֹחַ-הַמְּשִׁיכָה
gravity	גְּרָבִיטַצְיָה
gravitation	כּוֹחַ-הַכְּבִידָה
gravitation	כְּבִידָה
gravitation	כּוֹחַ-הַמְּשִׁיכָה
gravitation	גְּרָבִיטַצְיָה
gravitational attraction	כּוֹחַ-הַכְּבִידָה
gravitational attraction	כְּבִידָה
gravitational attraction	כּוֹחַ-הַמְּשִׁיכָה
gravitational attraction	גְּרָבִיטַצְיָה
gravitational force	כּוֹחַ-הַכְּבִידָה
gravitational force	כְּבִידָה
gravitational force	כּוֹחַ-הַמְּשִׁיכָה
gravitational force	גְּרָבִיטַצְיָה
hail	בָּרָד
haze	אֹבֶךְ
visible light	אוֹר
visible radiation	אוֹר
lightning	בָּרָק
thaw	!הַפְשָׁרָה
thawing	!הַפְשָׁרָה
warming	!הַפְשָׁרָה
sunlight	שֶׁמֶשׁ
sunshine	שֶׁמֶשׁ
sun	שֶׁמֶשׁ
necrosis	גַּנְגְּרֶנָה
necrosis	נֶמֶק
mortification	גַּנְגְּרֶנָה
mortification	נֶמֶק
gangrene	גַּנְגְּרֶנָה
gangrene	נֶמֶק
sphacelus	גַּנְגְּרֶנָה
sphacelus	נֶמֶק
halo	הִלָּה
rainfall	גֶּשֶׁם
drizzle	טִפְטוּף
mizzle	טִפְטוּף
snow	שֶׁלֶג
snowfall	שֶׁלֶג
sea	GAP!
moss	טְחָב
fern	שָׁרָךְ
spore	נֶבֶג
seedling	שְׁתִיל
pine	אֹרֶן
pine tree	אֹרֶן
true pine	אֹרֶן
fir	אַשּׁוּחַ
fir tree	אַשּׁוּחַ
true fir	אַשּׁוּחַ
cedar	אֶרֶז
cedar tree	אֶרֶז
true cedar	אֶרֶז
cedarwood	אֶרֶז
cedar	!אֶרֶז
cedar tree	!אֶרֶז
cypress	בְּרוֹשׁ
cypress tree	בְּרוֹשׁ
juniper	עַרְעָר
anther	מַאֲבָק
pistil	עֱלִי
laurel	!דַּפְנָה
true laurel	!דַּפְנָה
bay	!דַּפְנָה
bay laurel	!דַּפְנָה
bay tree	!דַּפְנָה
Laurus nobilis	!דַּפְנָה
anemone	כַּלָּנִית
windflower	כַּלָּנִית
clover	!תִּלְתָּן
trefoil	!תִּלְתָּן
acacia	אָקַצְיָה
acacia	שִׁטָּה
oleander	הַרְדּוּף
rose bay	הַרְדּוּף
Nerium oleander	הַרְדּוּף
ivy	קִיסוֹס
common ivy	קִיסוֹס
English ivy	קִיסוֹס
Hedera helix	קִיסוֹס
spinach plant	תֶּרֶד
prickly-seeded spinach	תֶּרֶד
Spinacia oleracea	תֶּרֶד
cactus	קַקְטוּס
cabbage	כְּרוּב
cultivated cabbage	כְּרוּב
Brassica oleracea	כְּרוּב
cauliflower	כְּרוּבִית
Brassica oleracea botrytis	כְּרוּבִית
honesty	!יֹשֶׁר
silver dollar	!יֹשֶׁר
money plant	!יֹשֶׁר
satin flower	!יֹשֶׁר
satinpod	!יֹשֶׁר
Lunaria annua	!יֹשֶׁר
poppy	פָּרָג
wormwood	לַעֲנָה
thistle	!דַּרְדַּר
chrysanthemum	כְּרִיזַנְטֶמָה
chrysanthemum	חַרְצִית
sunflower	חַמָּנִית
sunflower	חַמָּנִיָּה
helianthus	חַמָּנִית
helianthus	חַמָּנִיָּה
orchid	סַחְלָב
orchid	אוֹרְכִידֵאָה
orchidaceous plant	סַחְלָב
orchidaceous plant	אוֹרְכִידֵאָה
cyclamen	רַקֶּפֶת
Cyclamen purpurascens	רַקֶּפֶת
chess	בְּרוֹמִית-הַשִּׁיפוֹן
cheat	בְּרוֹמִית-הַשִּׁיפוֹן
Bromus secalinus	בְּרוֹמִית-הַשִּׁיפוֹן
wheat	!חִטָּה
sugar corn	!תִּירָס
sweet corn plant	!תִּירָס
Zea mays rugosa	!תִּירָס
Zea saccharata	!תִּירָס
grain	גַּרְעִינִים
caryopsis	גַּרְעִינִים
pumpkin vine	!דְּלַעַת
autumn pumpkin	!דְּלַעַת
Cucurbita pepo	!דְּלַעַת
melon	!מֶלוֹן
melon vine	!מֶלוֹן
watermelon	מֶלוֹן אַפְרִיקָנִי
watermelon vine	מֶלוֹן אַפְרִיקָנִי
Citrullus vulgaris	מֶלוֹן אַפְרִיקָנִי
tall mallow	חֶלְמִית
high mallow	חֶלְמִית
cheese	חֶלְמִית
cheeseflower	חֶלְמִית
Malva sylvestris	חֶלְמִית
heather	!מַטְאֲטֵא
ling	!מַטְאֲטֵא
Scots heather	!מַטְאֲטֵא
broom	!מַטְאֲטֵא
Calluna vulgaris	!מַטְאֲטֵא
oak	אַלּוֹן
oak tree	אַלּוֹן
birch	לִבְנֶה
birch tree	לִבְנֶה
olive	זַיִת
European olive tree	זַיִת
Olea europaea	זַיִת
jasmine	יַסְמִין
lilac	לִילָךְ
tamarisk	אֵשֶׁל
hop	כְּשׁוּת
hops	כְּשׁוּת
common fig	תְּאֵנָה
common fig tree	תְּאֵנָה
Ficus carica	תְּאֵנָה
sycamore	פִיקוּס-הַשִּׁקְמָה
sycamore	שִׁקְמָה
sycamore fig	פִיקוּס-הַשִּׁקְמָה
sycamore fig	שִׁקְמָה
mulberry fig	פִיקוּס-הַשִּׁקְמָה
mulberry fig	שִׁקְמָה
Ficus sycomorus	פִיקוּס-הַשִּׁקְמָה
Ficus sycomorus	שִׁקְמָה
crocus	כַּרְכֹּם
daffodil	!נַרְקִיס
Narcissus pseudonarcissus	!נַרְקִיס
lily	חֲבַצֶּלֶת
lily	שׁוֹשָׁן
onion	בָּצָל
onion plant	בָּצָל
Allium cepa	בָּצָל
Allium sativum	שׁוּם
tulip	צִבְעוֹנִי
autumn crocus	סִתְוָנִית
meadow saffron	סִתְוָנִית
naked lady	סִתְוָנִית
Colchicum autumnale	סִתְוָנִית
carob	חָרוּב
carob tree	חָרוּב
carob bean tree	חָרוּב
algarroba	חָרוּב
Ceratonia siliqua	חָרוּב
locust tree	חָרוּב
locust	חָרוּב
locust	!אַרְבֶּה
Lens	GAP!
genus Lens	GAP!
pineapple plant	אֲנָנָס
Ananas comosus	אֲנָנָס
rose	וֶרֶד
rosebush	וֶרֶד
whitethorn	!מַאי
English hawthorn	!מַאי
may	!מַאי
Crataegus laevigata	!מַאי
Crataegus oxycantha	!מַאי
quince bush	חַבּוּשׁ
Cydonia oblonga	חַבּוּשׁ
loquat tree	שֶׁסֶק
Japanese medlar	שֶׁסֶק
Eriobotrya japonica	שֶׁסֶק
orchard apple tree	תַּפּוּחַ
Malus pumila	תַּפּוּחַ
plum tree	שְׁזִיף
pear tree	אַגָּס
Pyrus communis	אַגָּס
raspberry bush	פֶּטֶל
poplar	צַפְצָפָה
poplar tree	צַפְצָפָה
terebinth	אֵלָה
Pistacia terebinthus	אֵלָה
hyssop	אֵזוֹב
Hyssopus officinalis	אֵזוֹב
sesame	שֻׁמְשֹׁם
sesame	סוּמְסוּם
benne	שֻׁמְשֹׁם
benne	סוּמְסוּם
benni	שֻׁמְשֹׁם
benni	סוּמְסוּם
benny	שֻׁמְשֹׁם
benny	סוּמְסוּם
Sesamum indicum	שֻׁמְשֹׁם
Sesamum indicum	סוּמְסוּם
snapdragon	לע-הָאֲרִי
brinjal	חֲצִיל
eggplant bush	חֲצִיל
garden egg	חֲצִיל
Solanum melongena	חֲצִיל
love apple	עַגְבָנִיָּה
tomato plant	עַגְבָנִיָּה
Lycopersicon esculentum	עַגְבָנִיָּה
fungus	פִּטְרִיָּה
yeast	שְׁמָרִים
crop	תְּנוּבָה
crop	יְבוּל
harvest	תְּנוּבָה
harvest	יְבוּל
pulp	בָּשָׂר
poisonous plant	!רֹאשׁ
vine	מְטַפֵּס
tendril	קְנוֹקֶנֶת
crown	צַמֶּרֶת
crown	נוֹף
crown	אָמִיר
treetop	צַמֶּרֶת
treetop	נוֹף
treetop	אָמִיר
nut	אֱגוֹז
grape	גֶּפֶן
grapevine	גֶּפֶן
grape vine	גֶּפֶן
leaf	עַלְוָה
leafage	עַלְוָה
foliage	עַלְוָה
greenery	יֶרֶק
verdure	יֶרֶק
frond	עָלֶה-שָׁסוּעַ
branchlet	זַלְזַל
twig	זַלְזַל
sprig	זַלְזַל
trunk	גֶּזַע
tree trunk	גֶּזַע
bole	גֶּזַע
ownership	בַּעֲלוּת
property	!רְכוּשׁ
belongings	!רְכוּשׁ
holding	!רְכוּשׁ
money	!כֶּסֶף
income	הַכְנָסָה
gross	בְּרוּטוֹ
revenue	בְּרוּטוֹ
receipts	בְּרוּטוֹ
gate	GAP!
net income	שְׂכַר-נֶטוֹ
net income	הַכְנָסָה-נְקִיָּה
net income	נֶטוֹ
net income	הַכְנָסָה-נֶטוֹ
net	שְׂכַר-נֶטוֹ
net	הַכְנָסָה-נְקִיָּה
net	נֶטוֹ
net	הַכְנָסָה-נֶטוֹ
net profit	שְׂכַר-נֶטוֹ
net profit	הַכְנָסָה-נְקִיָּה
net profit	נֶטוֹ
net profit	הַכְנָסָה-נֶטוֹ
lucre	שְׂכַר-נֶטוֹ
lucre	הַכְנָסָה-נְקִיָּה
lucre	נֶטוֹ
lucre	הַכְנָסָה-נֶטוֹ
profit	שְׂכַר-נֶטוֹ
profit	הַכְנָסָה-נְקִיָּה
profit	נֶטוֹ
profit	הַכְנָסָה-נֶטוֹ
profits	שְׂכַר-נֶטוֹ
profits	הַכְנָסָה-נְקִיָּה
profits	נֶטוֹ
profits	הַכְנָסָה-נֶטוֹ
earnings	שְׂכַר-נֶטוֹ
earnings	הַכְנָסָה-נְקִיָּה
earnings	נֶטוֹ
earnings	הַכְנָסָה-נֶטוֹ
tax income	!הַכְנָסָה
taxation	!הַכְנָסָה
tax revenue	!הַכְנָסָה
revenue	!הַכְנָסָה
loot	שָׁלָל
booty	שָׁלָל
pillage	שָׁלָל
plunder	שָׁלָל
prize	שָׁלָל
swag	שָׁלָל
dirty money	שָׁלָל
bequest	!עִזָּבוֹן
legacy	!עִזָּבוֹן
dowry	נְדוּנְיָה
dowery	נְדוּנְיָה
dower	נְדוּנְיָה
portion	נְדוּנְיָה
scholarship	מִלְגָּה
prize	פְּרָס
contribution	GAP!
bonus	בּוֹנוּס
bonus	תַּמְרִיץ
incentive	בּוֹנוּס
incentive	תַּמְרִיץ
outgo	הוֹצָאָה
spending	הוֹצָאָה
outlay	הוֹצָאָה
expense	!הוֹצָאָה
disbursal	!הוֹצָאָה
disbursement	!הוֹצָאָה
cost	עֲלוּת
wage	מַשְׂכֹּרֶת
wage	שָׂכָר
pay	מַשְׂכֹּרֶת
pay	שָׂכָר
earnings	מַשְׂכֹּרֶת
earnings	שָׂכָר
remuneration	מַשְׂכֹּרֶת
remuneration	שָׂכָר
salary	מַשְׂכֹּרֶת
salary	שָׂכָר
subscription	מִנּוּי
ransom	כֹּפֶר
ransom money	כֹּפֶר
bribe	שַׁלְמוֹנִים
bribe	שֹׁחַד
payoff	שַׁלְמוֹנִים
payoff	שֹׁחַד
percentage	חֵלֶק
damages	שִׁפּוּי
damages	פִּצּוּיִים
amends	שִׁפּוּי
amends	פִּצּוּיִים
indemnity	שִׁפּוּי
indemnity	פִּצּוּיִים
indemnification	שִׁפּוּי
indemnification	פִּצּוּיִים
restitution	שִׁפּוּי
restitution	פִּצּוּיִים
redress	שִׁפּוּי
redress	פִּצּוּיִים
gratuity	טִיפּ
gratuity	דְּמֵי-שְׁתִיָּה
gratuity	תֶּשֶׁר
tip	טִיפּ
tip	דְּמֵי-שְׁתִיָּה
tip	תֶּשֶׁר
pourboire	טִיפּ
pourboire	דְּמֵי-שְׁתִיָּה
pourboire	תֶּשֶׁר
baksheesh	טִיפּ
baksheesh	דְּמֵי-שְׁתִיָּה
baksheesh	תֶּשֶׁר
bakshish	טִיפּ
bakshish	דְּמֵי-שְׁתִיָּה
bakshish	תֶּשֶׁר
bakshis	טִיפּ
bakshis	דְּמֵי-שְׁתִיָּה
bakshis	תֶּשֶׁר
backsheesh	טִיפּ
backsheesh	דְּמֵי-שְׁתִיָּה
backsheesh	תֶּשֶׁר
terms	מְחִיר
damage	מְחִיר
tax	מַס
taxation	מַס
revenue enhancement	מַס
property tax	אַרְנוֹנָה
land tax	אַרְנוֹנָה
tariff	!תַּפְקִיד
customs	מֶכֶס
customs duty	מֶכֶס
custom	מֶכֶס
impost	מֶכֶס
tonnage	טוֹנָז'
tunnage	טוֹנָז'
tonnage duty	טוֹנָז'
commission	קוֹמִיסְיוֹן
commission	עַמְלָה
toll	אַגְרָה
rate of exchange	שַׁעַר-הַחֲלִיפִין
exchange rate	שַׁעַר-הַחֲלִיפִין
depreciation	בְּלַאי
depreciation	פְּחָת
wear and tear	בְּלַאי
wear and tear	פְּחָת
investment funds	הַשְׁקָעָה
gamble	!הִמּוּר
insurance	בִּטּוּחַ
bail	עַרְבוּת
bail	עֲרֵבוּת
bail bond	עַרְבוּת
bail bond	עֲרֵבוּת
bond	עַרְבוּת
bond	עֲרֵבוּת
mortgage	שִׁעְבּוּד
mortgage	מַשְׁכַּנְתָּא
mortgage	מַשְׁכַּנְתָּה
guarantee	עֲרֵבוּת
guarantee	עַרְבוּת
guaranty	עֲרֵבוּת
guaranty	עַרְבוּת
fund	קֶרֶן
monetary fund	קֶרֶן
savings	חִסָּכוֹן
nest egg	חִסָּכוֹן
bank account	חֶשְׁבּוֹן
bank account	חֶשְׁבּוֹן-בַּנְק
hoard	מַטְמוֹן
cache	מַטְמוֹן
stash	מַטְמוֹן
store	מְלַאי
stock	מְלַאי
fund	מְלַאי
treasure	אוֹצָר
hoarded wealth	אוֹצָר
pearl	פְּנִינָה
advance	מִקְדָּמָה
cash advance	מִקְדָּמָה
pension	קִצְבַּת-זִקְנָה
pension	פֶּנְסְיָה
cash	מְזֻמָּנִים
cash	מְזֻמָּן
immediate payment	מְזֻמָּנִים
immediate payment	מְזֻמָּן
hard cash	מְזֻמָּנִים
hard cash	מְזֻמָּן
hard currency	מְזֻמָּנִים
hard currency	מְזֻמָּן
coin	מַטְבֵּעַ
penny	!פֶּנִי
cent	!פֶּנִי
centime	!פֶּנִי
loan	הַלְוָאָה
debit	חוֹבָה
debit entry	חוֹבָה
security	נְיַר-עֵרֶךְ
certificate	נְיַר-עֵרֶךְ
budget	תַּקְצִיב
adaptation	אָדַפְּטַצְיָה
adaptation	הִסְתַּגְּלוּת
adaption	אָדַפְּטַצְיָה
adaption	הִסְתַּגְּלוּת
adjustment	אָדַפְּטַצְיָה
adjustment	הִסְתַּגְּלוּת
blowing	!תְּקִיעָה
cavity	עַשֶּׁשֶׁת
caries	עַשֶּׁשֶׁת
dental caries	עַשֶּׁשֶׁת
tooth decay	עַשֶּׁשֶׁת
chemical reaction	תְּגוּבָה-כִּימִית
chemical reaction	רֵאַקְצְיָה
chemical reaction	תְּגוּבָה
reaction	תְּגוּבָה-כִּימִית
reaction	רֵאַקְצְיָה
convalescence	הַחְלָמָה
recuperation	הַחְלָמָה
recovery	הַחְלָמָה
deepening	!הַעֲמָקָה
dehydration	יִבּוּשׁ
desiccation	יִבּוּשׁ
drying up	יִבּוּשׁ
evaporation	יִבּוּשׁ
demand	בִּקּוּשׁ
desalination	הַתְפָּלָה
desalination	הַתְפָּלַת-מַיִם
desalinization	הַתְפָּלָה
desalinization	הַתְפָּלַת-מַיִם
desalinisation	הַתְפָּלָה
desalinisation	הַתְפָּלַת-מַיִם
development	פִּתּוּחַ
developing	פִּתּוּחַ
development	הִתְפַּתְּחוּת
evolution	הִתְפַּתְּחוּת
digestion	עִכּוּל
elimination	!פִּנּוּי
evacuation	!פִּנּוּי
excretion	!פִּנּוּי
excreting	!פִּנּוּי
voiding	!פִּנּוּי
erosion	שְׁחִיקָה
eroding	שְׁחִיקָה
eating away	שְׁחִיקָה
wearing	שְׁחִיקָה
wearing away	שְׁחִיקָה
flame	אֵשׁ
flaming	אֵשׁ
germination	נְבִיטָה
sprouting	נְבִיטָה
healing	!רִפּוּי
inflow	!זְרִימָה
influx	!זְרִימָה
lacrimation	דְּמִיעָה
lachrymation	דְּמִיעָה
tearing	דְּמִיעָה
watering	דְּמִיעָה
laying	הֲטָלַת-בֵּיצִים
laying	הֲטָלָה
egg laying	הֲטָלַת-בֵּיצִים
egg laying	הֲטָלָה
menstruation	וֶסֶת
menses	וֶסֶת
menstruum	וֶסֶת
catamenia	וֶסֶת
period	וֶסֶת
flow	וֶסֶת
micturition	הַשְׁתָּנָה
urination	הַשְׁתָּנָה
nutrition	תְּזוּנָה
omission	!הַשְׁמָטָה
deletion	!הַשְׁמָטָה
ovulation	בִּיּוּץ
oxidation	חִמְצוּן
oxidization	חִמְצוּן
oxidisation	חִמְצוּן
permeation	!חֲדִירָה
permeation	!חִלְחוּל
pervasion	!חֲדִירָה
pervasion	!חִלְחוּל
suffusion	!חֲדִירָה
suffusion	!חִלְחוּל
processing	עִבּוּד
slump	נְפִילָה
slack	נְפִילָה
drop-off	נְפִילָה
falloff	נְפִילָה
falling off	נְפִילָה
smoke	עָשָׁן
smoking	עָשָׁן
softening	הִתְרַכְּכוּת
souring	הַחְמָצָה
vaporization	הִתְאַדּוּת
vaporization	הִתְנַדְּפוּת
vaporisation	הִתְאַדּוּת
vaporisation	הִתְנַדְּפוּת
vapor	הִתְאַדּוּת
vapor	הִתְנַדְּפוּת
vapour	הִתְאַדּוּת
vapour	הִתְנַדְּפוּת
evaporation	הִתְאַדּוּת
evaporation	הִתְנַדְּפוּת
widening	הִתְרַחֲבוּת
broadening	הִתְרַחֲבוּת
zymosis	תְּסִיסָה
zymolysis	תְּסִיסָה
fermentation	תְּסִיסָה
fermenting	תְּסִיסָה
ferment	תְּסִיסָה
majority	רֹב-מֻחְלָט
absolute majority	רֹב
absolute majority	רֹב-מֻחְלָט
coefficient	מְקַדֵּם
count	!סְעִיף
count	!סְפִירָה
factor	גּוֹרֵם
record	!שִׂיא
frequency	שְׁכִיחוּת-מֻחְלֶטֶת
absolute frequency	שְׁכִיחוּת-מֻחְלֶטֶת
liter	לִיטֶר
litre	לִיטֶר
l	לִיטֶר
cubic decimeter	לִיטֶר
cubic decimetre	לִיטֶר
byte	בַּיְט
byte	בַּיִת
candle	קַנְדֶּלָה
candela	נֵר
candela	קַנְדֶּלָה
cd	נֵר
cd	קַנְדֶּלָה
standard candle	נֵר
standard candle	קַנְדֶּלָה
league	!לִיגָה
nail	GAP!
finger	אֶצְבַּע
fingerbreadth	אֶצְבַּע
finger's breadth	אֶצְבַּע
meter	מֶטֶר
metre	מֶטֶר
m	מֶטֶר
lev	לֶב
penny	פֶּנִי
shekel	שֶׁקֶל
yen	יֶן
degree	מַעֲלָה
gram	גְּרָם
gramme	גְּרָם
gm	גְּרָם
g	גְּרָם
gram molecule	מוֹל
mole	מוֹל
mol	מוֹל
fraction	שֶׁבֶר
common fraction	שֶׁבֶר-פָּשׁוּט
simple fraction	שֶׁבֶר-פָּשׁוּט
quotient	מָנָה
divisor	!גּוֹרֵם
factor	!גּוֹרֵם
one-fourth	רֶבַע
fourth	רֶבַע
one-quarter	רֶבַע
quarter	רֶבַע
fourth part	רֶבַע
twenty-five percent	רֶבַע
quartern	רֶבַע
one-seventh	שְׁבִיעִית
seventh	שְׁבִיעִית
one-hundredth	מֵאִית
hundredth	מֵאִית
one percent	מֵאִית
nothing	אֶפֶס
nothing	אַיִן
nil	אֶפֶס
nil	אַיִן
nix	אֶפֶס
nix	אַיִן
nada	אֶפֶס
nada	אַיִן
null	אֶפֶס
null	אַיִן
aught	אֶפֶס
aught	אַיִן
cipher	אֶפֶס
cipher	אַיִן
cypher	אֶפֶס
cypher	אַיִן
goose egg	אֶפֶס
goose egg	אַיִן
naught	אֶפֶס
naught	אַיִן
zero	אֶפֶס
zero	אַיִן
zilch	אֶפֶס
zilch	אַיִן
zip	אֶפֶס
zip	אַיִן
zippo	אֶפֶס
zippo	אַיִן
nihil	GAP!
digit	סִפְרָה
figure	סִפְרָה
decimal digit	סִפְרָה-עֶשְׂרוֹנִית
0	אֶפֶס
nought	אֶפֶס
pair	זוּג
twain	זוּג
brace	זוּג
span	זוּג
yoke	זוּג
couplet	זוּג
distich	זוּג
dyad	זוּג
duad	זוּג
twelve	תְּרֵיסָר
twelve	שְׁנֵים-עָשָׂר
12	תְּרֵיסָר
12	שְׁנֵים-עָשָׂר
XII	תְּרֵיסָר
XII	שְׁנֵים-עָשָׂר
dozen	תְּרֵיסָר
dozen	שְׁנֵים-עָשָׂר
hundred	מֵאָה
100	מֵאָה
C	מֵאָה
century	מֵאָה
one C	מֵאָה
thousand	אֶלֶף
one thousand	אֶלֶף
1000	אֶלֶף
M	אֶלֶף
K	אֶלֶף
chiliad	אֶלֶף
G	אֶלֶף
grand	אֶלֶף
thou	אֶלֶף
yard	אֶלֶף
million	מִילְיוֹן
1000000	מִילְיוֹן
one thousand thousand	מִילְיוֹן
meg	מִילְיוֹן
e	אִי
pace	צַעַד
stride	צַעַד
region	סְבִיבוֹת
neighborhood	סְבִיבוֹת
little	!מְעַט
worth	GAP!
bucketful	!דְּלִי
can	GAP!
canful	GAP!
crate	GAP!
crateful	GAP!
dustpan	GAP!
dustpanful	GAP!
jarful	!צִנְצֶנֶת
jugful	!כַּד
spoonful	כַּף
teaspoonful	כַּפִּית
dose	מִנּוּן
dosage	מִנּוּן
batch	הָמוֹן
batch	עֲרֵמָה
deal	הָמוֹן
deal	עֲרֵמָה
flock	הָמוֹן
flock	עֲרֵמָה
good deal	הָמוֹן
good deal	עֲרֵמָה
great deal	הָמוֹן
great deal	עֲרֵמָה
hatful	הָמוֹן
hatful	עֲרֵמָה
heap	הָמוֹן
heap	עֲרֵמָה
lot	הָמוֹן
lot	עֲרֵמָה
mass	הָמוֹן
mass	עֲרֵמָה
mess	הָמוֹן
mess	עֲרֵמָה
mickle	הָמוֹן
mickle	עֲרֵמָה
mint	הָמוֹן
mint	עֲרֵמָה
mountain	הָמוֹן
mountain	עֲרֵמָה
muckle	הָמוֹן
muckle	עֲרֵמָה
passel	הָמוֹן
passel	עֲרֵמָה
peck	הָמוֹן
peck	עֲרֵמָה
pile	הָמוֹן
pile	עֲרֵמָה
plenty	הָמוֹן
plenty	עֲרֵמָה
pot	הָמוֹן
pot	עֲרֵמָה
quite a little	הָמוֹן
quite a little	עֲרֵמָה
raft	הָמוֹן
raft	עֲרֵמָה
sight	הָמוֹן
sight	עֲרֵמָה
slew	הָמוֹן
slew	עֲרֵמָה
spate	הָמוֹן
spate	עֲרֵמָה
stack	הָמוֹן
stack	עֲרֵמָה
tidy sum	הָמוֹן
tidy sum	עֲרֵמָה
wad	הָמוֹן
wad	עֲרֵמָה
much	!רֹב
ocean	יָם
tons	!הָמוֹן
tons	!הַרְבֵּה
dozens	!הָמוֹן
dozens	!הַרְבֵּה
heaps	!הָמוֹן
heaps	!הַרְבֵּה
lots	!הָמוֹן
lots	!הַרְבֵּה
piles	!הָמוֹן
piles	!הַרְבֵּה
scores	!הָמוֹן
scores	!הַרְבֵּה
stacks	!הָמוֹן
stacks	!הַרְבֵּה
loads	!הָמוֹן
loads	!הַרְבֵּה
rafts	!הָמוֹן
rafts	!הַרְבֵּה
slews	!הָמוֹן
slews	!הַרְבֵּה
wads	!הָמוֹן
wads	!הַרְבֵּה
oodles	!הָמוֹן
oodles	!הַרְבֵּה
gobs	!הָמוֹן
gobs	!הַרְבֵּה
scads	!הָמוֹן
scads	!הַרְבֵּה
lashings	!הָמוֹן
lashings	!הַרְבֵּה
relations	!יְחָסִים
dealings	!יְחָסִים
function	הַתְאָמָה
mathematical function	הַתְאָמָה
single-valued function	הַתְאָמָה
map	הַתְאָמָה
mapping	הַתְאָמָה
footing	בָּסִיס
ground	בָּסִיס
communication	!תִּקְשֹׁרֶת
relevance	רֶלֶוַנְטִיּוּת
relevance	שַׁיָּכוּת
relevancy	רֶלֶוַנְטִיּוּת
relevancy	שַׁיָּכוּת
mood	!דֶּרֶךְ
mode	!דֶּרֶךְ
modality	!דֶּרֶךְ
imperative mood	צִוּוּי
imperative mood	אִימְפֶּרָטִיב
imperative	צִוּוּי
jussive mood	צִוּוּי
jussive mood	אִימְפֶּרָטִיב
imperative form	צִוּוּי
imperative form	אִימְפֶּרָטִיב
inflection	נְטִיָּה
inflexion	נְטִיָּה
conjugation	נְטִיַּת-הַפֹּעַל
declension	נְטִיַּת-הַשֵּׁם
part	!חֵלֶק
portion	!חֵלֶק
component part	!חֵלֶק
component	!חֵלֶק
constituent	!חֵלֶק
leftover	שְׁיָר
leftover	שְׁאֵרִית
remnant	שְׁיָר
remnant	שְׁאֵרִית
fatherhood	אַבְהוּת
fatherhood	אַבָּהוּת
paternity	אַבְהוּת
paternity	אַבָּהוּת
motherhood	אִמָּהוּת
maternity	אִמָּהוּת
percentage	אָחוּז
percent	אָחוּז
per centum	אָחוּז
pct	אָחוּז
ratio	יַחַס
frequency	שְׁכִיחוּת-יַחֲסִית
relative frequency	שְׁכִיחוּת-יַחֲסִית
north	צָפוֹן
due north	צָפוֹן
northward	צָפוֹן
N	צָפוֹן
north	!צָפוֹן
magnetic north	!צָפוֹן
compass north	!צָפוֹן
east	קֶדֶם
east	מִזְרָח
due east	קֶדֶם
due east	מִזְרָח
eastward	קֶדֶם
eastward	מִזְרָח
E	קֶדֶם
E	מִזְרָח
south	!דָּרוֹם
due south	!דָּרוֹם
southward	!דָּרוֹם
S	!דָּרוֹם
west	מַעֲרָב
west	יָם
due west	מַעֲרָב
due west	יָם
westward	מַעֲרָב
westward	יָם
W	מַעֲרָב
W	יָם
interpersonal chemistry	כִּימְיָה
alchemy	כִּימְיָה
correlativity	קוֹרֶלַצְיָה
seventh	!שְׁבִיעִית
hundredth	מֵאָה
comparison	!הַשְׁוָאָה
reverse	הֶפֶךְ
reverse	הִפּוּךְ
contrary	הֶפֶךְ
contrary	הִפּוּךְ
opposite	הֶפֶךְ
opposite	הִפּוּךְ
polygon	מְצֻלָּע
polygon	פּוֹלִיגוֹן
polygonal shape	מְצֻלָּע
polygonal shape	פּוֹלִיגוֹן
convex polygon	מְצֻלָּע-קָמוּר
concave polygon	מְצֻלָּע-קָעוּר
regular polygon	מְצֻלָּע-מְשֻׁכְלָל
coil	!תַּלְתַּל
whorl	!תַּלְתַּל
roll	!תַּלְתַּל
curl	!תַּלְתַּל
curlicue	!תַּלְתַּל
ringlet	!תַּלְתַּל
gyre	!תַּלְתַּל
scroll	!תַּלְתַּל
quadrangle	מְרֻבָּע
tetragon	מְרֻבָּע
trigon	מְשֻׁלָּשׁ
trilateral	מְשֻׁלָּשׁ
parallelogram	מַקְבִּילִית
pentagon	מְחֻמָּשׁ
pentagon	פֶּנְטָגוֹן
hexagon	מְשֻׁשֶּׁה
hexagon	הֶקְסָגוֹן
heptagon	מְשֻׁבָּע
heptagon	הֶפְּטָגוֹן
octagon	מְתֻמָּן
octagon	אוֹקְטָגוֹן
nonagon	מְתֻשָׁע
decagon	דֶּקָגוֹן
decagon	מְעֻשָּׂר
rhombus	רוֹמְבּוּס
rhombus	מְעֻיָּן
rhomb	רוֹמְבּוּס
rhomb	מְעֻיָּן
diamond	רוֹמְבּוּס
diamond	מְעֻיָּן
rectangle	מַלְבֵּן
bulge	!דַּבֶּשֶׁת
bump	!דַּבֶּשֶׁת
hump	!דַּבֶּשֶׁת
swelling	!דַּבֶּשֶׁת
gibbosity	!דַּבֶּשֶׁת
gibbousness	!דַּבֶּשֶׁת
jut	!דַּבֶּשֶׁת
prominence	!דַּבֶּשֶׁת
protuberance	!דַּבֶּשֶׁת
protrusion	!דַּבֶּשֶׁת
extrusion	!דַּבֶּשֶׁת
excrescence	!דַּבֶּשֶׁת
node	!גֻּלָּה
knob	!גֻּלָּה
thickening	!גֻּלָּה
column	עַמּוּד
tower	עַמּוּד
pillar	עַמּוּד
point	שְׁפִּיץ
point	חֹד
point	שִׂיא
tip	שְׁפִּיץ
tip	חֹד
tip	שִׂיא
peak	שְׁפִּיץ
peak	חֹד
peak	שִׂיא
margin	גְּבוּל
border	גְּבוּל
perimeter	גְּבוּל
space	רֶוַח
space	מִרְוָח
verticil	!דּוּר
condition	מַצָּב
condition	סְטָטוּס
status	מַצָּב
status	סְטָטוּס
situation	מַצָּב
relationship	קֶשֶׁר
relationship	יְחָסִים
company	חֶבְרָה
company	בְּצַוְתָּא
companionship	חֶבְרָה
companionship	בְּצַוְתָּא
fellowship	חֶבְרָה
fellowship	בְּצַוְתָּא
society	בְּצַוְתָּא
friendship	יְדִידוּת
friendship	רֵעוּת
friendship	חֲבֵרוּת
friendly relationship	יְדִידוּת
friendly relationship	רֵעוּת
friendly relationship	חֲבֵרוּת
membership	חֲבֵרוּת
affair	פָּרָשַׁת-אֲהָבִים
affair	רוֹמָן
affair	פַּרְשִׁיַּת-אֲהָבִים
affaire	פָּרָשַׁת-אֲהָבִים
affaire	רוֹמָן
affaire	פַּרְשִׁיַּת-אֲהָבִים
intimacy	פָּרָשַׁת-אֲהָבִים
intimacy	רוֹמָן
intimacy	פַּרְשִׁיַּת-אֲהָבִים
liaison	פָּרָשַׁת-אֲהָבִים
liaison	רוֹמָן
liaison	פַּרְשִׁיַּת-אֲהָבִים
involvement	פָּרָשַׁת-אֲהָבִים
involvement	רוֹמָן
involvement	פַּרְשִׁיַּת-אֲהָבִים
amour	פָּרָשַׁת-אֲהָבִים
amour	רוֹמָן
amour	פַּרְשִׁיַּת-אֲהָבִים
environment	סוֹבֵב
inclusion	הִכָּלְלוּת
incubus	סִיּוּט
degree	שָׁלָב
degree	נְקֻדָּה
level	שָׁלָב
level	נְקֻדָּה
stage	שָׁלָב
stage	נְקֻדָּה
point	שָׁלָב
acme	שִׂיא
acme	פִּסְגָּה
height	שִׂיא
height	פִּסְגָּה
elevation	שִׂיא
elevation	פִּסְגָּה
pinnacle	שִׂיא
pinnacle	פִּסְגָּה
summit	שִׂיא
superlative	שִׂיא
superlative	פִּסְגָּה
meridian	שִׂיא
meridian	פִּסְגָּה
tiptop	שִׂיא
tiptop	פִּסְגָּה
top	שִׂיא
extent	הֶקֵּף
extent	מִדָּה
event	מִקְרֶה
hinge	!צִיר
status	מַעֲמָד
status	מִצָּב
position	סְטָטוּס
position	מַעֲמָד
position	מִצָּב
social station	מַעֲמָד חֶבְרָתִי
social status	מַעֲמָד חֶבְרָתִי
social rank	מַעֲמָד חֶבְרָתִי
rank	מַעֲמָד חֶבְרָתִי
handmaid	!מְשָׁרֵת
handmaiden	!מְשָׁרֵת
servant	!מְשָׁרֵת
being	!יֵשׁ
beingness	!יֵשׁ
existence	!יֵשׁ
eternity	!נֶצַח
timelessness	!נֶצַח
timeless existence	!נֶצַח
rest	תַּרְדֵּמַת-נֶצַח
rest	שְׁנַת-נֶצַח
rest	שְׁנַת-עוֹלָם
eternal rest	תַּרְדֵּמַת-נֶצַח
eternal rest	שְׁנַת-נֶצַח
eternal rest	שְׁנַת-עוֹלָם
sleep	תַּרְדֵּמַת-נֶצַח
sleep	שְׁנַת-נֶצַח
sleep	שְׁנַת-עוֹלָם
eternal sleep	תַּרְדֵּמַת-נֶצַח
eternal sleep	שְׁנַת-נֶצַח
eternal sleep	שְׁנַת-עוֹלָם
quietus	תַּרְדֵּמַת-נֶצַח
quietus	שְׁנַת-נֶצַח
quietus	שְׁנַת-עוֹלָם
virginity	בְּתוּלִים
unemployment	אַבְטָלָה
order	סֵדֶר
tranquillity	!שַׁלְוָה
tranquility	!שַׁלְוָה
quiet	!שַׁלְוָה
peace	שָׁלוֹם
accord	!הֶסְכֵּם
rioting	!הִתְפָּרְעוּת
riot	!הִתְפָּרְעוּת
tempest	סְעָרָה
agitation	תְּסִיסָה
agitation	!תְּסִיסָה
ferment	!תְּסִיסָה
fermentation	!תְּסִיסָה
tempestuousness	תְּסִיסָה
tempestuousness	!תְּסִיסָה
unrest	תְּסִיסָה
unrest	!תְּסִיסָה
ecstasy	הִתְרוֹמְמוּת-רוּחַ
ecstasy	הִתְעַלּוּת-הַנֶּפֶשׁ
ecstasy	הִתְעַלּוּת
rapture	הִתְרוֹמְמוּת-רוּחַ
rapture	הִתְעַלּוּת-הַנֶּפֶשׁ
rapture	הִתְעַלּוּת
transport	הִתְרוֹמְמוּת-רוּחַ
transport	הִתְעַלּוּת-הַנֶּפֶשׁ
transport	הִתְעַלּוּת
exaltation	הִתְרוֹמְמוּת-רוּחַ
exaltation	הִתְעַלּוּת-הַנֶּפֶשׁ
exaltation	הִתְעַלּוּת
raptus	הִתְרוֹמְמוּת-רוּחַ
raptus	הִתְעַלּוּת-הַנֶּפֶשׁ
raptus	הִתְעַלּוּת
mourning	אֵבֶל
mourning	אֲבֵלוּת
bereavement	אֵבֶל
bereavement	אֲבֵלוּת
innocence	חַפּוּת
guiltiness	אַשְׁמָה
independence	עַצְמָאוּת
independency	עַצְמָאוּת
detention	!מַעֲצָר
detainment	!מַעֲצָר
hold	!מַעֲצָר
action	!פְּעִילוּת
activity	!פְּעִילוּת
activeness	!פְּעִילוּת
hibernation	תַּרְדֵּמָה
hibernation	תַּרְדֵּמַת-חֹרֶף
hibernation	!תַּרְדֵּמָה
slumber	שֵׁנָה
fatigue	לֵאוּת
fatigue	עֲיֵפוּת
weariness	לֵאוּת
weariness	עֲיֵפוּת
tiredness	לֵאוּת
tiredness	עֲיֵפוּת
drunkenness	שִׁכָּרוֹן
drunkenness	שִׁכְרוּת
inebriation	שִׁכָּרוֹן
inebriation	שִׁכְרוּת
inebriety	שִׁכָּרוֹן
inebriety	שִׁכְרוּת
intoxication	שִׁכָּרוֹן
intoxication	שִׁכְרוּת
tipsiness	שִׁכָּרוֹן
tipsiness	שִׁכְרוּת
insobriety	שִׁכָּרוֹן
insobriety	שִׁכְרוּת
sleep	שֵׁנָה
sopor	שֵׁנָה
erection	זִקְפָּה
hard-on	זִקְפָּה
materialism	חָמְרָנוּת
philistinism	חָמְרָנוּת
hunger	כָּפָן
hungriness	כָּפָן
sterility	עֲקָרוּת
sterility	אִי-פּוֹרִיּוּת
infertility	עֲקָרוּת
infertility	אִי-פּוֹרִיּוּת
pregnancy	הֵרָיוֹן
gestation	הֵרָיוֹן
maternity	הֵרָיוֹן
ailment	!מַחֲלָה
complaint	!מַחֲלָה
ill	!מַחֲלָה
illness	מַחֲלָה
unwellness	מַחֲלָה
malady	מַחֲלָה
sickness	מַחֲלָה
disease	!מַחֲלָה
malaria	קַדַּחַת
malaria	קַדַּחַת-הַבִּצּוֹת
malaria	מָלַרְיָה
convulsion	עֲוִית
convulsion	פִּרְכּוּס
sclerosis	טָרֶשֶׁת
sclerosis	סְקְלֶרוֹזִיס
induration	טָרֶשֶׁת
induration	סְקְלֶרוֹזִיס
diabetes	דִּיאָבֶּטִיס
diabetes	סֻכֶּרֶת
influenza	גְּרִיפָּה
influenza	שַׁפַּעַת
flu	גְּרִיפָּה
flu	שַׁפַּעַת
grippe	גְּרִיפָּה
grippe	שַׁפַּעַת
measles	חַצֶּבֶת
rubeola	חַצֶּבֶת
morbilli	חַצֶּבֶת
German measles	!אַדֶּמֶת
rubella	!אַדֶּמֶת
three-day measles	!אַדֶּמֶת
epidemic roseola	!אַדֶּמֶת
blindness	עִוָּרוֹן
blindness	עִוְּרוּת
blindness	סַמְיוּת-עֵינַיִם
sightlessness	עִוָּרוֹן
sightlessness	עִוְּרוּת
sightlessness	סַמְיוּת-עֵינַיִם
cecity	עִוָּרוֹן
cecity	עִוְּרוּת
cecity	סַמְיוּת-עֵינַיִם
cholera	כוֹלֶרָה
cholera	כּוֹלֶרָה
cholera	חֳלִירַע
Asiatic cholera	כוֹלֶרָה
Asiatic cholera	כּוֹלֶרָה
Asiatic cholera	חֳלִירַע
Indian cholera	כוֹלֶרָה
Indian cholera	כּוֹלֶרָה
Indian cholera	חֳלִירַע
epidemic cholera	כוֹלֶרָה
epidemic cholera	כּוֹלֶרָה
epidemic cholera	חֳלִירַע
syphilis	עַגֶּבֶת
syphilis	סִיפִילִיס
syph	עַגֶּבֶת
syph	סִיפִילִיס
pox	עַגֶּבֶת
pox	סִיפִילִיס
lues venerea	עַגֶּבֶת
lues venerea	סִיפִילִיס
lues	עַגֶּבֶת
lues	סִיפִילִיס
leprosy	מַחֲלַת-הַנְסֶן
leprosy	צָרַעַת
Hansen's disease	מַחֲלַת-הַנְסֶן
Hansen's disease	צָרַעַת
mumps	חֲזֶרֶת
epidemic parotitis	חֲזֶרֶת
plague	דֶּבֶר
pestilence	דֶּבֶר
pest	דֶּבֶר
pestis	דֶּבֶר
whooping cough	שַׁעֶלֶת
pertussis	שַׁעֶלֶת
asthma	אַסְתְּמָה
asthma	קַצֶּרֶת
asthma	גַּנַּחַת
asthma attack	אַסְתְּמָה
asthma attack	קַצֶּרֶת
asthma attack	גַּנַּחַת
bronchial asthma	אַסְתְּמָה
bronchial asthma	קַצֶּרֶת
bronchial asthma	גַּנַּחַת
ulcer	כִּיב
ulceration	כִּיב
blight	שִׁדָּפוֹן
tumor	גִּדּוּל
tumour	גִּדּוּל
neoplasm	גִּדּוּל
cancer	סַרְטָן
malignant neoplastic disease	סַרְטָן
bruise	חַבּוּרָה
contusion	חַבּוּרָה
scald	!כְּוִיָּה
tan	שִׁזּוּף
tan	שִׁזָּפוֹן
suntan	שִׁזּוּף
suntan	שִׁזָּפוֹן
sunburn	שִׁזּוּף
sunburn	שִׁזָּפוֹן
burn	שִׁזּוּף
burn	שִׁזָּפוֹן
fracture	שֶׁבֶר
break	שֶׁבֶר
hernia	הֶרְנְיָה
hernia	בֶּקַע
herniation	הֶרְנְיָה
herniation	בֶּקַע
wound	פֶּצַע
lesion	פֶּצַע
sneeze	הִתְעַטְּשׁוּת
sneeze	עֲטִישָׁה
sneeze	עִטּוּשׁ
sneezing	הִתְעַטְּשׁוּת
sneezing	עֲטִישָׁה
sneezing	עִטּוּשׁ
sternutation	הִתְעַטְּשׁוּת
sternutation	עֲטִישָׁה
sternutation	עִטּוּשׁ
swelling	!נְפִיחוּת
puffiness	!נְפִיחוּת
lump	!נְפִיחוּת
ache	!מֵחוּשׁ
ache	!כְּאֵב
aching	!מֵחוּשׁ
aching	!כְּאֵב
Passion	פַּסְיוֹן
Passion of Christ	פַּסְיוֹן
stitch	GAP!
heartburn	צָרֶבֶת
pyrosis	צָרֶבֶת
laminitis	לָמִינִיטִיס
founder	לָמִינִיטִיס
nausea	קְבָס
sickness	קְבָס
sickness	בְּחִילָה
constipation	עֲצִירוּת
irregularity	עֲצִירוּת
diarrhea	שִׁלְשׁוּל
diarrhoea	שִׁלְשׁוּל
looseness of the bowels	שִׁלְשׁוּל
looseness	שִׁלְשׁוּל
hallucination	הָלוּצִינַצְיָה
hallucination	הֲזָיָה
sanity	שְׁפִיּוּת
saneness	שְׁפִיּוּת
phobia	בַּעַת
phobia	פוֹבְּיָה
phobic disorder	בַּעַת
phobic disorder	פוֹבְּיָה
phobic neurosis	בַּעַת
phobic neurosis	פוֹבְּיָה
stammer	גִּמְגּוּם
stutter	גִּמְגּוּם
job	בְּעָיָה
loneliness	בְּדִידוּת
solitariness	בְּדִידוּת
insulation	!בִּדּוּד
insularity	!בִּדּוּד
insularism	!בִּדּוּד
detachment	!בִּדּוּד
melioration	!שִׁפּוּר
childhood	!יַלְדוּת
puerility	!יַלְדוּת
importance	מַעֲלָה
grandness	מַעֲלָה
prestige	!יֻקְרָה
prestigiousness	!יֻקְרָה
glorification	!תְּהִלָּה
fame	!שֵׁמַע
celebrity	!שֵׁמַע
renown	!שֵׁמַע
repute	!שֵׁם
reputation	!שֵׁם
shame	בּוּשָׁה
shame	בִּזָּיוֹן
shame	חֶרְפָּה
disgrace	בּוּשָׁה
disgrace	בִּזָּיוֹן
disgrace	חֶרְפָּה
ignominy	בּוּשָׁה
ignominy	בִּזָּיוֹן
ignominy	חֶרְפָּה
domination	עֶלְיוֹנוּת
mastery	עֶלְיוֹנוּת
supremacy	עֶלְיוֹנוּת
health	בְּרִיאוּת
wellness	בְּרִיאוּת
need	!דְּרִישָׁה
demand	!דְּרִישָׁה
lack	מַחְסוֹר
deficiency	מַחְסוֹר
want	מַחְסוֹר
dearth	רָעָב
famine	רָעָב
shortage	רָעָב
repletion	שְׂבִיעָה
repletion	שֹׂבַע
repletion	שְׂבֵעוּת
repletion	שָׂבְעָה
satiety	שְׂבִיעָה
satiety	שֹׂבַע
satiety	שְׂבֵעוּת
satiety	שָׂבְעָה
satiation	שְׂבִיעָה
satiation	שֹׂבַע
satiation	שְׂבֵעוּת
satiation	שָׂבְעָה
nakedness	עֵירֹם
nakedness	מַעֲרֻמִּים
nakedness	עֶרְיָה
nakedness	מַעַר
nudity	עֵירֹם
nudity	מַעֲרֻמִּים
nudity	עֶרְיָה
nudity	מַעַר
nudeness	עֵירֹם
nudeness	מַעֲרֻמִּים
nudeness	עֶרְיָה
nudeness	מַעַר
grace	GAP!
saving grace	GAP!
state of grace	GAP!
defect	!פְּגָם
fault	!פְּגָם
flaw	!פְּגָם
fortune	גּוֹרָל
destiny	גּוֹרָל
destiny	מַזָּל
fate	גּוֹרָל
fate	מַזָּל
luck	גּוֹרָל
lot	גּוֹרָל
lot	מַזָּל
circumstances	גּוֹרָל
circumstances	מַזָּל
portion	גּוֹרָל
portion	מַזָּל
blessing	בְּרָכָה
boon	בְּרָכָה
ownership	!בַּעֲלוּת
opportunity	!הִזְדַּמְּנוּת
chance	!הִזְדַּמְּנוּת
anticipation	מְבַשֵּׂר
expectation	מְבַשֵּׂר
adulteration	!מְהִילָה
debasement	!מְהִילָה
boom	גֵּאוּת
luxury	חַיֵּי-מוֹתָרוֹת
luxuriousness	חַיֵּי-מוֹתָרוֹת
opulence	חַיֵּי-מוֹתָרוֹת
sumptuousness	חַיֵּי-מוֹתָרוֹת
poverty	דַּלּוּת
poverty	עֹנִי
poorness	דַּלּוּת
poorness	עֹנִי
impoverishment	דַּלּוּת
impoverishment	עֹנִי
filth	!זֻהֲמָה
filthiness	!זֻהֲמָה
foulness	!זֻהֲמָה
nastiness	!זֻהֲמָה
orderliness	סֵדֶר
dirtiness	!טֻמְאָה
uncleanness	!טֻמְאָה
befoulment	!זִהוּם
defilement	!זִהוּם
pollution	!זִהוּם
kyphosis	גַּבְנוּן
humpback	גַּבְנוּן
hunchback	גַּבְנוּן
sphere	!תְּחוּם
area	!תְּחוּם
orbit	!תְּחוּם
field	!תְּחוּם
arena	!תְּחוּם
erosion	סְחִיפָה
erosion	אֶרוֹזְיָה
fog	עֲרָפֶל
fogginess	עֲרָפֶל
murk	עֲרָפֶל
murkiness	עֲרָפֶל
unsusceptibility	!חֲסִינוּת
wetness	רְטִיבוּת
humidity	לַחוּת
humidness	לַחוּת
dryness	יֹבֶשׁ
waterlessness	יֹבֶשׁ
xerotes	יֹבֶשׁ
drought	בַּצֹּרֶת
drought	עֲצִירַת-גְּשָׁמִים
drouth	בַּצֹּרֶת
drouth	עֲצִירַת-גְּשָׁמִים
indemnity	!בִּטּוּחַ
insurance	!בִּטּוּחַ
hazard	סִכּוּן
hazard	סַכָּנָה
jeopardy	סִכּוּן
jeopardy	סַכָּנָה
peril	סַכָּנָה
risk	סַכָּנָה
endangerment	סִכּוּן
endangerment	סַכָּנָה
condition	!מַצָּב
shape	!מַצָּב
disability	מֻגְבָּלוּת
disability	נָכוּת
disablement	מֻגְבָּלוּת
disablement	נָכוּת
handicap	מֻגְבָּלוּת
handicap	נָכוּת
impairment	מֻגְבָּלוּת
impairment	נָכוּת
lameness	!צְלִיעָה
limping	!צְלִיעָה
gimp	!צְלִיעָה
gimpiness	!צְלִיעָה
gameness	!צְלִיעָה
claudication	!צְלִיעָה
deafness	חֵרְשׁוּת
hearing loss	חֵרְשׁוּת
strabismus	פְּזִילָה
squint	פְּזִילָה
paralysis	שִׁתּוּק
palsy	שִׁתּוּק
urbanization	אוּרְבָּנִיזַצְיָה
urbanization	עִיּוּר
urbanisation	אוּרְבָּנִיזַצְיָה
urbanisation	עִיּוּר
solution	תְּמִסָּה
raw material	חֹמֶר
raw material	חֹמֶר-גֶּלֶם
staple	חֹמֶר
staple	חֹמֶר-גֶּלֶם
group	רָדִיקָל
radical	רָדִיקָל
chemical group	רָדִיקָל
metallic element	מַתֶּכֶת
metal	מַתֶּכֶת
argon	אַרְגּוֹן
Ar	אַרְגּוֹן
atomic number 18	אַרְגּוֹן
calcium	סִידָן
Ca	סִידָן
atomic number 20	סִידָן
chlorine	כְּלוֹר
Cl	כְּלוֹר
atomic number 17	כְּלוֹר
helium	הֶלְיוּם
He	הֶלְיוּם
atomic number 2	הֶלְיוּם
hydrogen	מֵימָן
H	מֵימָן
atomic number 1	מֵימָן
mercury	כַּסְפִּית
quicksilver	כַּסְפִּית
hydrargyrum	כַּסְפִּית
Hg	כַּסְפִּית
atomic number 80	כַּסְפִּית
nitrogen	חַנְקָן
N	חַנְקָן
atomic number 7	חַנְקָן
oxygen	חַמְצָן
O	חַמְצָן
atomic number 8	חַמְצָן
phosphorus	זַרְחָן
P	זַרְחָן
atomic number 15	זַרְחָן
potassium	פּוֹטַסְיוּם
potassium	אַשְׁלְגָן
K	פּוֹטַסְיוּם
K	אַשְׁלְגָן
atomic number 19	פּוֹטַסְיוּם
atomic number 19	אַשְׁלְגָן
silver	כֶּסֶף
Ag	כֶּסֶף
atomic number 47	כֶּסֶף
sodium	סוֹדְיוּם
sodium	נַתְרָן
Na	סוֹדְיוּם
Na	נַתְרָן
atomic number 11	סוֹדְיוּם
atomic number 11	נַתְרָן
sulfur	גָּפְרִית
S	גָּפְרִית
sulphur	גָּפְרִית
atomic number 16	גָּפְרִית
tin	בְּדִיל
Sn	בְּדִיל
atomic number 50	בְּדִיל
zinc	אָבָץ
Zn	אָבָץ
atomic number 30	אָבָץ
mineral	מַחְצָב
mineral	מִינֶרָל
china clay	קָאוֹלִין
china clay	חַרְסִית
china stone	קָאוֹלִין
china stone	חַרְסִית
kaolin	קָאוֹלִין
kaolin	חַרְסִית
kaoline	קָאוֹלִין
kaoline	חַרְסִית
porcelain clay	קָאוֹלִין
porcelain clay	חַרְסִית
terra alba	קָאוֹלִין
terra alba	חַרְסִית
gypsum	גֶּבֶס
charcoal	פֶּחָם
charcoal	פַּחַם-עֵץ
wood coal	פֶּחָם
wood coal	פַּחַם-עֵץ
gasoline	!דֶּלֶק
gasolene	!דֶּלֶק
gas	!דֶּלֶק
petrol	!דֶּלֶק
kerosene	קֶרוֹסִין
kerosene	נֵפְט
kerosine	קֶרוֹסִין
kerosine	נֵפְט
lamp oil	קֶרוֹסִין
lamp oil	נֵפְט
coal oil	קֶרוֹסִין
coal oil	נֵפְט
opal	לֶשֶׁם
peat	כָּבוּל
gravel	חָצָץ
crushed rock	חָצָץ
putty	מֶרֶק
bronze	אָרָד
protein	פְּרוֹטֶאִין
protein	חֶלְבּוֹן
ivory	שֶׁנְהָב
tusk	שֶׁנְהָב
bone	!עֶצֶם
osseous tissue	!עֶצֶם
leather	עוֹר
kid	GAP!
kidskin	GAP!
suede	זַמְשׁ
suede leather	זַמְשׁ
pelt	פַּרְוָה
lapin	GAP!
basalt	בַּזֶּלֶת
agent	עוֹשֵׂה-הַפְּעֻלָּה
carbohydrate	סֻכָּרִים
saccharide	סֻכָּרִים
sugar	סֻכָּרִים
carbon black	פִּיחַ
lampblack	פִּיחַ
soot	פִּיחַ
smut	פִּיחַ
crock	פִּיחַ
cardboard	קַרְטוֹן
composition board	קַרְטוֹן
steel	פְּלָדָה
cement	מֶלֶט
clay	חֵמָר
clay	חֹמֶר
coal	!פֶּחָם
compound	תִּרְכֹּבֶת
chemical compound	תִּרְכֹּבֶת
concrete	בֶּטוֹן
conductor	מוֹלִיךְ
cork	פְּקַק-שַׁעַם
cork	פְּקָק
nectar	צוּף
body waste	פֶּרֶשׁ
excretion	פֶּרֶשׁ
excreta	פֶּרֶשׁ
excrement	פֶּרֶשׁ
excretory product	פֶּרֶשׁ
fecal matter	צוֹאָה
faecal matter	צוֹאָה
feces	צוֹאָה
faeces	צוֹאָה
BM	צוֹאָה
stool	צוֹאָה
ordure	צוֹאָה
dejection	צוֹאָה
droppings	גְּלָלִים
dung	גְּלָלִים
muck	גְּלָלִים
urine	פִּיפִּי
urine	שֶׁתֶן
urine	צְרָכִים-קְטַנִּים
urine	מֵי-רַגְלַיִם
piss	פִּיפִּי
piss	שֶׁתֶן
piss	צְרָכִים-קְטַנִּים
piss	מֵי-רַגְלַיִם
pee	פִּיפִּי
pee	שֶׁתֶן
pee	צְרָכִים-קְטַנִּים
pee	מֵי-רַגְלַיִם
piddle	פִּיפִּי
piddle	שֶׁתֶן
piddle	צְרָכִים-קְטַנִּים
piddle	מֵי-רַגְלַיִם
weewee	פִּיפִּי
weewee	שֶׁתֶן
weewee	צְרָכִים-קְטַנִּים
weewee	מֵי-רַגְלַיִם
water	פִּיפִּי
water	שֶׁתֶן
water	צְרָכִים-קְטַנִּים
water	מֵי-רַגְלַיִם
sewage	מֵי-שׁוֹפְכִין
sewage	שׁוֹפְכִין
sewage	שְׁפָכִים
sewage	בִּיּוּב
sewerage	מֵי-שׁוֹפְכִין
sewerage	שׁוֹפְכִין
sewerage	שְׁפָכִים
rubbish	אַשְׁפָּה
rubbish	זֶבֶל
trash	אַשְׁפָּה
trash	זֶבֶל
scrap	אַשְׁפָּה
scrap	זֶבֶל
fencing material	GAP!
fencing	GAP!
fertilizer	!דֶּשֶׁן
fertiliser	!דֶּשֶׁן
plant food	!דֶּשֶׁן
fiber	סִיב
fibre	סִיב
flax	פִּשְׁתָּן
flint	צֹר
flint	חַלָּמִישׁ
fuel	!דֶּלֶק
resin	שְׂרָף
rosin	שְׂרָף
humus	רַקְבּוּבִית
pitch	זֶפֶת
tar	זֶפֶת
insulating material	מְבוֹדֵד
insulant	מְבוֹדֵד
insulation	מְבוֹדֵד
fraction	מִקְטָע
jute	יוּטָה
paraffin	!נֵפְט
paraffin oil	!נֵפְט
loam	טִיט
marble	שַׁיִשׁ
methane	מֶתָן
methane series	!נֵפְט
alkane series	!נֵפְט
alkane	!נֵפְט
paraffin series	!נֵפְט
mortar	מֶלֶט
mud	בֹּץ
clay	בֹּץ
oxide	תַּחְמֹצֶת
petroleum	הַזָּהָב-הַשָּׁחֹר
petroleum	שֶׁמֶן-אֲדָמָה
petroleum	נֵפְט
crude oil	הַזָּהָב-הַשָּׁחֹר
crude oil	שֶׁמֶן-אֲדָמָה
crude oil	נֵפְט
crude	הַזָּהָב-הַשָּׁחֹר
crude	שֶׁמֶן-אֲדָמָה
crude	נֵפְט
rock oil	הַזָּהָב-הַשָּׁחֹר
rock oil	שֶׁמֶן-אֲדָמָה
rock oil	נֵפְט
fossil oil	הַזָּהָב-הַשָּׁחֹר
fossil oil	שֶׁמֶן-אֲדָמָה
fossil oil	נֵפְט
oil	הַזָּהָב-הַשָּׁחֹר
oil	שֶׁמֶן-אֲדָמָה
oil	נֵפְט
lake	!אֲגַם
plaster	טִיחַ
plaster of Paris	גֶּבֶס
plaster	גֶּבֶס
potash	אַשְׁלָג
caustic potash	אַשְׁלָג
potassium hydroxide	אַשְׁלָג
natural rubber	גּוּמִי
India rubber	גּוּמִי
gum elastic	גּוּמִי
caoutchouc	גּוּמִי
nitrate	חַנְקָה
sawdust	נְסֹרֶת
antibody	נוֹגְדָן
toxicant	רַעַל
poisonous substance	רַעַל
silk	GAP!
silt	טִין
snow	GAP!
solvent	מֵמֵס
dissolvent	מֵמֵס
dissolver	מֵמֵס
dissolving agent	מֵמֵס
resolvent	מֵמֵס
spray	!תַּרְסִיס
starch	עֲמִילָן
amylum	עֲמִילָן
sulfate	גָּפְרָה
sulphate	גָּפְרָה
tile	רַעַף
roofing tile	רַעַף
vinegar	!חֹמֶץ
wax	שַׁעֲוָה
paraffin	פָּרָפִין
paraffin wax	פָּרָפִין
builder	דֶּטֶרְגֶּנְט
detergent builder	דֶּטֶרְגֶּנְט
wood	עֵץ
brand	אוּד
firebrand	אוּד
igniter	!מַצִּית
ignitor	!מַצִּית
lighter	!מַצִּית
plank	לוּחַ
barm	שְׁמָרִים
past times	עָבָר
yesteryear	עָבָר
hereafter	עָתִיד
futurity	עָתִיד
time to come	עָתִיד
dead	GAP!
duration	הִמָּשְׁכוּת
duration	הִתְמַשְּׁכוּת
continuance	הִמָּשְׁכוּת
continuance	הִתְמַשְּׁכוּת
duration	מֶשֶׁךְ
continuance	מֶשֶׁךְ
workweek	שְׁבוּעַ-עֲבוֹדָה
week	שְׁבוּעַ-עֲבוֹדָה
week	שָׁבוּעַ
calendar week	שָׁבוּעַ
rest day	יוֹם-מְנוּחָה
day of rest	יוֹם-מְנוּחָה
leisure	פְּנַאי
leisure time	פְּנַאי
childhood	יַלְדוּת
majority	בְּגִירוּת
legal age	בְּגִירוּת
minority	קְטִינוּת
nonage	קְטִינוּת
adulthood	בַּגְרוּת
maturity	בַּגְרוּת
tomorrow	!מָחָר
festival	!פֶסְטִיבָל
Saturday	שַׁבָּת
Saturday	יוֹם-שַׁבָּת
Sabbatum	שַׁבָּת
Sabbatum	יוֹם-שַׁבָּת
Sat	שַׁבָּת
Sat	יוֹם-שַׁבָּת
Sabbath	שַׁבָּת
noon	צָהֳרַיִם
twelve noon	צָהֳרַיִם
high noon	צָהֳרַיִם
midday	צָהֳרַיִם
noonday	צָהֳרַיִם
noontide	צָהֳרַיִם
midnight	חֲצוֹת
twilight	עַרְבַּיִם
twilight	בֵּין-הָעַרְבַּיִם
twilight	בֵּין-הַשְּׁמָשׁוֹת
twilight	דִּמְדּוּמִים
dusk	עַרְבַּיִם
dusk	בֵּין-הָעַרְבַּיִם
dusk	בֵּין-הַשְּׁמָשׁוֹת
dusk	דִּמְדּוּמִים
gloaming	עַרְבַּיִם
gloaming	בֵּין-הָעַרְבַּיִם
gloaming	בֵּין-הַשְּׁמָשׁוֹת
gloaming	דִּמְדּוּמִים
gloam	עַרְבַּיִם
gloam	בֵּין-הָעַרְבַּיִם
gloam	בֵּין-הַשְּׁמָשׁוֹת
gloam	דִּמְדּוּמִים
nightfall	עַרְבַּיִם
nightfall	בֵּין-הָעַרְבַּיִם
nightfall	בֵּין-הַשְּׁמָשׁוֹת
nightfall	דִּמְדּוּמִים
evenfall	עַרְבַּיִם
evenfall	בֵּין-הָעַרְבַּיִם
evenfall	בֵּין-הַשְּׁמָשׁוֹת
evenfall	דִּמְדּוּמִים
fall	עַרְבַּיִם
fall	בֵּין-הָעַרְבַּיִם
fall	בֵּין-הַשְּׁמָשׁוֹת
fall	דִּמְדּוּמִים
crepuscule	עַרְבַּיִם
crepuscule	בֵּין-הָעַרְבַּיִם
crepuscule	בֵּין-הַשְּׁמָשׁוֹת
crepuscule	דִּמְדּוּמִים
crepuscle	עַרְבַּיִם
crepuscle	בֵּין-הָעַרְבַּיִם
crepuscle	בֵּין-הַשְּׁמָשׁוֹת
crepuscle	דִּמְדּוּמִים
hebdomad	שָׁבוּעַ
Easter	פַּסְחָא
Assumption	הַעֲלָאַת-מִרְיָם
Assumption of Mary	הַעֲלָאַת-מִרְיָם
August 15	הַעֲלָאַת-מִרְיָם
Passover	חַג-הַחֵרוּת
Passover	פֶּסַח
Pesach	חַג-הַחֵרוּת
Pesach	פֶּסַח
Pesah	חַג-הַחֵרוּת
Pesah	פֶּסַח
Feast of the Unleavened Bread	חַג-הַחֵרוּת
Feast of the Unleavened Bread	פֶּסַח
year	שָׁנָה
school year	שָׁנָה
school year	שְׁנַת-הַלִּמּוּדִים
academic year	שָׁנָה
academic year	שְׁנַת-הַלִּמּוּדִים
twelvemonth	שָׁנָה
yr	שָׁנָה
month	חֹדֶשׁ
calendar month	חֹדֶשׁ
January	יָנוּאָר
Jan	יָנוּאָר
February	פֶבְּרוּאָר
Feb	פֶבְּרוּאָר
March	מַרְס
March	מֶרְץ
Mar	מַרְס
Mar	מֶרְץ
May	מַאי
June	יוּנִי
July	יוּלִי
Adar	אֲדָר
Ab	אָב
Av	אָב
Elul	אֱלוּל
Ellul	אֱלוּל
Pus	GAP!
Pansa	GAP!
season	עוֹנָה
time of year	עוֹנָה
fall	סְתָו
fall	תְּקוּפַת-תִּשְׁרֵי
autumn	סְתָו
autumn	תְּקוּפַת-תִּשְׁרֵי
winter	חֹרֶף
wintertime	חֹרֶף
drought	יֹבֶשׁ
drouth	יֹבֶשׁ
moment	!רֶגַע
minute	!רֶגַע
second	!רֶגַע
instant	!רֶגַע
mo	!רֶגַע
bit	!רֶגַע
era	עִדָּן
era	תְּקוּפָה
geological era	עִדָּן
geological era	תְּקוּפָה
epoch	עִדָּן
epoch	תְּקוּפָה
anniversary	יוֹם-הַשָּׁנָה
day of remembrance	יוֹם-הַשָּׁנָה
set	מַעֲרָכָה
bout	סִיבוּב
round	סִיבוּב
Reconstruction	!בִּנּוּי
Reconstruction	!שִׁחְזוּר
Reconstruction Period	!בִּנּוּי
Reconstruction Period	!שִׁחְזוּר
tempo	טֶמְפּוֹ
tempo	קֶצֶב
tempo	מִפְעָם
pacing	טֶמְפּוֹ
pacing	קֶצֶב
pacing	מִפְעָם
commencement	הַתְחָלָה
first	הַתְחָלָה
outset	הַתְחָלָה
get-go	הַתְחָלָה
start	הַתְחָלָה
kickoff	הַתְחָלָה
starting time	הַתְחָלָה
showtime	הַתְחָלָה
offset	הַתְחָלָה
stopping point	חֲתִימָה
stopping point	פִינָלֶה
stopping point	סוֹף
finale	חֲתִימָה
finale	פִינָלֶה
finale	סוֹף
finis	חֲתִימָה
finis	פִינָלֶה
finis	סוֹף
finish	חֲתִימָה
finish	פִינָלֶה
finish	סוֹף
last	חֲתִימָה
last	פִינָלֶה
last	סוֹף
conclusion	פִינָלֶה
conclusion	סוֹף
close	חֲתִימָה
close	פִינָלֶה
close	סוֹף
pause	הַפְסָקָה
interruption	הַפְסָקָה
suspension	הַפְסָקָה
hold	עִכּוּב
time lag	עִכּוּב
postponement	עִכּוּב
wait	עִכּוּב
eternity	עַד
eternity	נֶצַח
nap	שֵׁנָה
deathrate	תְּמוּתָה
death rate	תְּמוּתָה
mortality	תְּמוּתָה
mortality rate	תְּמוּתָה
fatality rate	תְּמוּתָה
frequency	תֶּדֶר
frequency	תְּדִירוּת
frequence	תֶּדֶר
frequence	תְּדִירוּת
oftenness	תֶּדֶר
oftenness	תְּדִירוּת
menstrual cycle	מַחְזוֹר
menstrual cycle	מַחְזוֹר-חָדְשִׁי
phase	שָׁלָב
phase	פָזָה
stage	פָזָה
