headword,pos,cefr,tier,tier_name,amirnet_level,is_connector,source
abandon,verb,B1,2,ליבה מורחבת,2-3,,CEFR-J v1.5
abandoned,adjective,B2,3,הרחבה אקדמית,3,,CEFR-J v1.5
ability,noun,A2,1,ליבה,1-2,,CEFR-J v1.5
able,adjective,B1,2,ליבה מורחבת,2-3,,CEFR-J v1.5
abnormal,adjective,B1,2,ליבה מורחבת,2-3,,CEFR-J v1.5
abnormally,adverb,B2,3,הרחבה אקדמית,3,,CEFR-J v1.5
aboard,adverb,B1,2,ליבה מורחבת,2-3,true,CEFR-J v1.5
abolish,verb,B2,3,הרחבה אקדמית,3,,CEFR-J v1.5
aboriginal,adjective,B2,3,הרחבה אקדמית,3,,CEFR-J v1.5
aborigine,noun,B1,2,ליבה מורחבת,2-3,,CEFR-J v1.5
abroad,adverb,A2,1,ליבה,1-2,,CEFR-J v1.5
abruptly,adverb,B2,3,הרחבה אקדמית,3,,CEFR-J v1.5
absence,noun,B1,2,ליבה מורחבת,2-3,,CEFR-J v1.5
absent,adjective,B1,2,ליבה מורחבת,2-3,,CEFR-J v1.5
absentee,noun,B2,3,הרחבה אקדמית,3,,CEFR-J v1.5
absolute,adjective,B1,2,ליבה מורחבת,2-3,,CEFR-J v1.5
absolutely,adverb,B1,2,ליבה מורחבת,2-3,,CEFR-J v1.5
absorb,verb,B1,2,ליבה מורחבת,2-3,,CEFR-J v1.5
abstract,adjective,B1,2,ליבה מורחבת,2-3,,CEFR-J v1.5
absurd,adjective,B2,3,הרחבה אקדמית,3,,CEFR-J v1.5
abundance,noun,B1,2,ליבה מורחבת,2-3,,CEFR-J v1.5
abundant,adjective,B1,2,ליבה מורחבת,2-3,,CEFR-J v1.5
abuse,noun,B2,3,הרחבה אקדמית,3,,CEFR-J v1.5
academic,adjective,B1,2,ליבה מורחבת,2-3,,CEFR-J v1.5
academy,noun,B1,2,ליבה מורחבת,2-3,,CEFR-J v1.5
accent,noun,B1,2,ליבה מורחבת,2-3,,CEFR-J v1.5
accept,verb,A2,1,ליבה,1-2,,CEFR-J v1.5
acceptable,adjective,A2,1,ליבה,1-2,,CEFR-J v1.5
acceptance,noun,B1,2,ליבה מורחבת,2-3,,CEFR-J v1.5
access,noun,B1,2,ליבה מורחבת,2-3,,CEFR-J v1.5
accessibility,noun,B2,3,הרחבה אקדמית,3,,CEFR-J v1.5
accessible,adjective,B1,2,ליבה מורחבת,2-3,,CEFR-J v1.5
accessory,noun,B1,2,ליבה מורחבת,2-3,,CEFR-J v1.5
accident,noun,A2,1,ליבה,1-2,,CEFR-J v1.5
accidental,adjective,B1,2,ליבה מורחבת,2-3,,CEFR-J v1.5
accidentally,adverb,B1,2,ליבה מורחבת,2-3,,CEFR-J v1.5
accommodation,noun,B2,3,הרחבה אקדמית,3,,CEFR-J v1.5
accompany,verb,B1,2,ליבה מורחבת,2-3,,CEFR-J v1.5
accomplish,verb,B1,2,ליבה מורחבת,2-3,,CEFR-J v1.5
according to,preposition,B1,2,ליבה מורחבת,2-3,true,CEFR-J v1.5
accordingly,adverb,B2,3,הרחבה אקדמית,3,,CEFR-J v1.5
account,noun,A2,1,ליבה,1-2,,CEFR-J v1.5
accountant,noun,B1,2,ליבה מורחבת,2-3,,CEFR-J v1.5
accumulate,verb,B2,3,הרחבה אקדמית,3,,CEFR-J v1.5
accuracy,noun,B1,2,ליבה מורחבת,2-3,,CEFR-J v1.5
accurate,adjective,B1,2,ליבה מורחבת,2-3,,CEFR-J v1.5
accurately,adverb,B1,2,ליבה מורחבת,2-3,,CEFR-J v1.5
accusation,noun,B2,3,הרחבה אקדמית,3,,CEFR-J v1.5
accuse,verb,B1,2,ליבה מורחבת,2-3,,CEFR-J v1.5
accustom,verb,B1,2,ליבה מורחבת,2-3,,CEFR-J v1.5
ache,noun,B1,2,ליבה מורחבת,2-3,,CEFR-J v1.5
achievable,adjective,B2,3,הרחבה אקדמית,3,,CEFR-J v1.5
achieve,verb,A2,1,ליבה,1-2,,CEFR-J v1.5
achievement,noun,B1,2,ליבה מורחבת,2-3,,CEFR-J v1.5
acid,noun,B2,3,הרחבה אקדמית,3,,CEFR-J v1.5
acknowledge,verb,B1,2,ליבה מורחבת,2-3,,CEFR-J v1.5
acknowledgment/acknowledgement,noun,B1,2,ליבה מורחבת,2-3,,CEFR-J v1.5
acquaintance,noun,B1,2,ליבה מורחבת,2-3,,CEFR-J v1.5
acquire,verb,B1,2,ליבה מורחבת,2-3,,CEFR-J v1.5
acquisition,noun,B2,3,הרחבה אקדמית,3,,CEFR-J v1.5
across,adverb,A2,1,ליבה,1-2,true,CEFR-J v1.5
act,noun,A2,1,ליבה,1-2,,CEFR-J v1.5
active,adjective,B1,2,ליבה מורחבת,2-3,,CEFR-J v1.5
actively,adverb,B2,3,הרחבה אקדמית,3,,CEFR-J v1.5
actress,noun,B1,2,ליבה מורחבת,2-3,,CEFR-J v1.5
actual,adjective,B2,3,הרחבה אקדמית,3,,CEFR-J v1.5
actually,adverb,A2,1,ליבה,1-2,,CEFR-J v1.5
acute,adjective,B2,3,הרחבה אקדמית,3,,CEFR-J v1.5
ad,noun,B1,2,ליבה מורחבת,2-3,,CEFR-J v1.5
adapt,verb,B1,2,ליבה מורחבת,2-3,,CEFR-J v1.5
adaptable,adjective,B2,3,הרחבה אקדמית,3,,CEFR-J v1.5
addict,noun,B2,3,הרחבה אקדמית,3,,CEFR-J v1.5
addicted,adjective,B2,3,הרחבה אקדמית,3,,CEFR-J v1.5
addiction,noun,B2,3,הרחבה אקדמית,3,,CEFR-J v1.5
addition,noun,A2,1,ליבה,1-2,,CEFR-J v1.5
additional,adjective,A2,1,ליבה,1-2,,CEFR-J v1.5
additionally,adverb,B2,3,הרחבה אקדמית,3,,CEFR-J v1.5
addressee,noun,B1,2,ליבה מורחבת,2-3,,CEFR-J v1.5
adequate,adjective,B2,3,הרחבה אקדמית,3,,CEFR-J v1.5
adequately,adverb,B2,3,הרחבה אקדמית,3,,CEFR-J v1.5
adjective,noun,A2,1,ליבה,1-2,,CEFR-J v1.5
adjust,verb,A2,1,ליבה,1-2,,CEFR-J v1.5
adjustment,noun,B2,3,הרחבה אקדמית,3,,CEFR-J v1.5
administration,noun,B1,2,ליבה מורחבת,2-3,,CEFR-J v1.5
administrative,adjective,B2,3,הרחבה אקדמית,3,,CEFR-J v1.5
admirable,adjective,B2,3,הרחבה אקדמית,3,,CEFR-J v1.5
admiration,noun,B1,2,ליבה מורחבת,2-3,,CEFR-J v1.5
admire,verb,A2,1,ליבה,1-2,,CEFR-J v1.5
admiringly,adverb,B2,3,הרחבה אקדמית,3,,CEFR-J v1.5
admission,noun,B1,2,ליבה מורחבת,2-3,,CEFR-J v1.5
admit,verb,A2,1,ליבה,1-2,,CEFR-J v1.5
admittedly,adverb,B2,3,הרחבה אקדמית,3,,CEFR-J v1.5
adopt,verb,B1,2,ליבה מורחבת,2-3,,CEFR-J v1.5
adopted,adjective,B2,3,הרחבה אקדמית,3,,CEFR-J v1.5
adoption,noun,B2,3,הרחבה אקדמית,3,,CEFR-J v1.5
adorable,adjective,B1,2,ליבה מורחבת,2-3,,CEFR-J v1.5
adore,verb,B2,3,הרחבה אקדמית,3,,CEFR-J v1.5
adorn,verb,B2,3,הרחבה אקדמית,3,,CEFR-J v1.5
adult,adjective,A2,1,ליבה,1-2,,CEFR-J v1.5
advance,verb,B1,2,ליבה מורחבת,2-3,,CEFR-J v1.5
advanced,adjective,A2,1,ליבה,1-2,,CEFR-J v1.5
advancement,noun,B2,3,הרחבה אקדמית,3,,CEFR-J v1.5
advantage,noun,A2,1,ליבה,1-2,,CEFR-J v1.5
advent,noun,B2,3,הרחבה אקדמית,3,,CEFR-J v1.5
adventure,noun,A2,1,ליבה,1-2,,CEFR-J v1.5
adventurous,adjective,B2,3,הרחבה אקדמית,3,,CEFR-J v1.5
adverb,noun,B1,2,ליבה מורחבת,2-3,,CEFR-J v1.5
adverbial,adjective,B1,2,ליבה מורחבת,2-3,,CEFR-J v1.5
adverse,adjective,B2,3,הרחבה אקדמית,3,,CEFR-J v1.5
adversely,adverb,B2,3,הרחבה אקדמית,3,,CEFR-J v1.5
adversity,noun,B2,3,הרחבה אקדמית,3,,CEFR-J v1.5
advert,noun,B1,2,ליבה מורחבת,2-3,,CEFR-J v1.5
advertise,verb,B1,2,ליבה מורחבת,2-3,,CEFR-J v1.5
advertisement,noun,A2,1,ליבה,1-2,,CEFR-J v1.5
advertising,noun,A2,1,ליבה,1-2,,CEFR-J v1.5
advice,noun,A2,1,ליבה,1-2,,CEFR-J v1.5
advise,verb,A2,1,ליבה,1-2,,CEFR-J v1.5
adviser/advisor,noun,B1,2,ליבה מורחבת,2-3,,CEFR-J v1.5
aerobics,noun,B1,2,ליבה מורחבת,2-3,,CEFR-J v1.5
affair,noun,A2,1,ליבה,1-2,,CEFR-J v1.5
affect,verb,B1,2,ליבה מורחבת,2-3,,CEFR-J v1.5
affection,noun,B1,2,ליבה מורחבת,2-3,,CEFR-J v1.5
affectionate,adjective,B2,3,הרחבה אקדמית,3,,CEFR-J v1.5
affectionately,adverb,B2,3,הרחבה אקדמית,3,,CEFR-J v1.5
afford,verb,B1,2,ליבה מורחבת,2-3,,CEFR-J v1.5
affordable,adjective,B2,3,הרחבה אקדמית,3,,CEFR-J v1.5
afterward,adverb,B1,2,ליבה מורחבת,2-3,,CEFR-J v1.5
afterwards,adverb,B1,2,ליבה מורחבת,2-3,,CEFR-J v1.5
against,preposition,A2,1,ליבה,1-2,true,CEFR-J v1.5
aged,adjective,A2,1,ליבה,1-2,,CEFR-J v1.5
ageless,adjective,B2,3,הרחבה אקדמית,3,,CEFR-J v1.5
agency,noun,A2,1,ליבה,1-2,,CEFR-J v1.5
agenda,noun,B1,2,ליבה מורחבת,2-3,,CEFR-J v1.5
agent,noun,A2,1,ליבה,1-2,,CEFR-J v1.5
aggressive,adjective,B1,2,ליבה מורחבת,2-3,,CEFR-J v1.5
aggressively,adverb,B2,3,הרחבה אקדמית,3,,CEFR-J v1.5
agonize/agonise,verb,B2,3,הרחבה אקדמית,3,,CEFR-J v1.5
agony,noun,B2,3,הרחבה אקדמית,3,,CEFR-J v1.5
agreement,noun,B1,2,ליבה מורחבת,2-3,,CEFR-J v1.5
agricultural,adjective,B1,2,ליבה מורחבת,2-3,,CEFR-J v1.5
agriculture,noun,B1,2,ליבה מורחבת,2-3,,CEFR-J v1.5
ahead,adverb,A2,1,ליבה,1-2,,CEFR-J v1.5
aid,noun,B1,2,ליבה מורחבת,2-3,,CEFR-J v1.5
aim,noun,B1,2,ליבה מורחבת,2-3,,CEFR-J v1.5
air,noun,A2,1,ליבה,1-2,,CEFR-J v1.5
air conditioning,noun,B1,2,ליבה מורחבת,2-3,,CEFR-J v1.5
air force,noun,B1,2,ליבה מורחבת,2-3,,CEFR-J v1.5
aircraft,noun,B2,3,הרחבה אקדמית,3,,CEFR-J v1.5
aircrew,noun,B2,3,הרחבה אקדמית,3,,CEFR-J v1.5
airline,noun,B1,2,ליבה מורחבת,2-3,,CEFR-J v1.5
aisle,noun,A2,1,ליבה,1-2,,CEFR-J v1.5
alarm,noun,A2,1,ליבה,1-2,,CEFR-J v1.5
alarm clock,noun,A2,1,ליבה,1-2,,CEFR-J v1.5
alcohol,noun,B1,2,ליבה מורחבת,2-3,,CEFR-J v1.5
alcoholic,adjective,B1,2,ליבה מורחבת,2-3,,CEFR-J v1.5
alcoholism,noun,B2,3,הרחבה אקדמית,3,,CEFR-J v1.5
alert,verb,B2,3,הרחבה אקדמית,3,,CEFR-J v1.5
alike,adjective,B1,2,ליבה מורחבת,2-3,,CEFR-J v1.5
alive,adjective,A2,1,ליבה,1-2,,CEFR-J v1.5
allegation,noun,B2,3,הרחבה אקדמית,3,,CEFR-J v1.5
allergic,adjective,B1,2,ליבה מורחבת,2-3,,CEFR-J v1.5
alliance,noun,B2,3,הרחבה אקדמית,3,,CEFR-J v1.5
allow,verb,A2,1,ליבה,1-2,,CEFR-J v1.5
allowance,noun,B1,2,ליבה מורחבת,2-3,,CEFR-J v1.5
ally,noun,B2,3,הרחבה אקדמית,3,,CEFR-J v1.5
alongside,preposition,B2,3,הרחבה אקדמית,3,true,CEFR-J v1.5
aloud,adverb,B1,2,ליבה מורחבת,2-3,,CEFR-J v1.5
alphabet,noun,B1,2,ליבה מורחבת,2-3,,CEFR-J v1.5
alphabetical,adjective,B2,3,הרחבה אקדמית,3,,CEFR-J v1.5
alright,adjective,A2,1,ליבה,1-2,,CEFR-J v1.5
altar,noun,B2,3,הרחבה אקדמית,3,,CEFR-J v1.5
alter,verb,B2,3,הרחבה אקדמית,3,,CEFR-J v1.5
alternate,verb,B2,3,הרחבה אקדמית,3,,CEFR-J v1.5
alternative,adjective,B1,2,ליבה מורחבת,2-3,,CEFR-J v1.5
alternatively,adverb,B2,3,הרחבה אקדמית,3,,CEFR-J v1.5
although,conjunction,A2,1,ליבה,1-2,true,CEFR-J v1.5
altitude,noun,B2,3,הרחבה אקדמית,3,,CEFR-J v1.5
altogether,adverb,B1,2,ליבה מורחבת,2-3,,CEFR-J v1.5
aluminum/aluminium,noun,B2,3,הרחבה אקדמית,3,,CEFR-J v1.5
amaze,verb,B2,3,הרחבה אקדמית,3,,CEFR-J v1.5
amazed,adjective,B1,2,ליבה מורחבת,2-3,,CEFR-J v1.5
amazement,noun,B2,3,הרחבה אקדמית,3,,CEFR-J v1.5
amazing,adjective,B1,2,ליבה מורחבת,2-3,,CEFR-J v1.5
amazingly,adverb,B2,3,הרחבה אקדמית,3,,CEFR-J v1.5
ambassador,noun,B2,3,הרחבה אקדמית,3,,CEFR-J v1.5
ambiguity,noun,B2,3,הרחבה אקדמית,3,,CEFR-J v1.5
ambiguous,adjective,B2,3,הרחבה אקדמית,3,,CEFR-J v1.5
ambition,noun,A2,1,ליבה,1-2,,CEFR-J v1.5
ambitious,adjective,B1,2,ליבה מורחבת,2-3,,CEFR-J v1.5
ambulance,noun,B1,2,ליבה מורחבת,2-3,,CEFR-J v1.5
ammonia,noun,B2,3,הרחבה אקדמית,3,,CEFR-J v1.5
among,preposition,A2,1,ליבה,1-2,true,CEFR-J v1.5
amongst,preposition,B2,3,הרחבה אקדמית,3,true,CEFR-J v1.5
amount,noun,B1,2,ליבה מורחבת,2-3,,CEFR-J v1.5
ample,adjective,B2,3,הרחבה אקדמית,3,,CEFR-J v1.5
amplifier,noun,B2,3,הרחבה אקדמית,3,,CEFR-J v1.5
amplify,verb,B2,3,הרחבה אקדמית,3,,CEFR-J v1.5
amuse,verb,B2,3,הרחבה אקדמית,3,,CEFR-J v1.5
amused,adjective,A2,1,ליבה,1-2,,CEFR-J v1.5
amusement,noun,A2,1,ליבה,1-2,,CEFR-J v1.5
amusing,adjective,B1,2,ליבה מורחבת,2-3,,CEFR-J v1.5
analogy,noun,B2,3,הרחבה אקדמית,3,,CEFR-J v1.5
analysis,noun,B1,2,ליבה מורחבת,2-3,,CEFR-J v1.5
analyst,noun,B2,3,הרחבה אקדמית,3,,CEFR-J v1.5
analyze/analyse,verb,B1,2,ליבה מורחבת,2-3,,CEFR-J v1.5
ancestor,noun,A2,1,ליבה,1-2,,CEFR-J v1.5
anchor,noun,B2,3,הרחבה אקדמית,3,,CEFR-J v1.5
anchorage,noun,B2,3,הרחבה אקדמית,3,,CEFR-J v1.5
anchorman,noun,B2,3,הרחבה אקדמית,3,,CEFR-J v1.5
anchorperson,noun,B2,3,הרחבה אקדמית,3,,CEFR-J v1.5
ancient,adjective,A2,1,ליבה,1-2,,CEFR-J v1.5
angel,noun,A2,1,ליבה,1-2,,CEFR-J v1.5
anger,noun,B1,2,ליבה מורחבת,2-3,,CEFR-J v1.5
angle,noun,B1,2,ליבה מורחבת,2-3,,CEFR-J v1.5
angrily,adverb,A2,1,ליבה,1-2,,CEFR-J v1.5
anguish,noun,B2,3,הרחבה אקדמית,3,,CEFR-J v1.5
animate,verb,B2,3,הרחבה אקדמית,3,,CEFR-J v1.5
animated,adjective,B1,2,ליבה מורחבת,2-3,,CEFR-J v1.5
animation,noun,B1,2,ליבה מורחבת,2-3,,CEFR-J v1.5
ankle,noun,A2,1,ליבה,1-2,,CEFR-J v1.5
anniversary,noun,A2,1,ליבה,1-2,,CEFR-J v1.5
announce,verb,B1,2,ליבה מורחבת,2-3,,CEFR-J v1.5
announcement,noun,B1,2,ליבה מורחבת,2-3,,CEFR-J v1.5
annoy,verb,A2,1,ליבה,1-2,,CEFR-J v1.5
annoyance,noun,B1,2,ליבה מורחבת,2-3,,CEFR-J v1.5
annoyed,adjective,B1,2,ליבה מורחבת,2-3,,CEFR-J v1.5
annoying,adjective,A2,1,ליבה,1-2,,CEFR-J v1.5
annual,adjective,B1,2,ליבה מורחבת,2-3,,CEFR-J v1.5
annually,adverb,B1,2,ליבה מורחבת,2-3,,CEFR-J v1.5
anonymous,adjective,B2,3,הרחבה אקדמית,3,,CEFR-J v1.5
ant,noun,B1,2,ליבה מורחבת,2-3,,CEFR-J v1.5
anti,adjective,B1,2,ליבה מורחבת,2-3,,CEFR-J v1.5
antiaircraft,adjective,B2,3,הרחבה אקדמית,3,,CEFR-J v1.5
antibacterial,adjective,B2,3,הרחבה אקדמית,3,,CEFR-J v1.5
anticancer,noun,B2,3,הרחבה אקדמית,3,,CEFR-J v1.5
anticipate,verb,B2,3,הרחבה אקדמית,3,,CEFR-J v1.5
anticipation,noun,B2,3,הרחבה אקדמית,3,,CEFR-J v1.5
antipollution,noun,B2,3,הרחבה אקדמית,3,,CEFR-J v1.5
antique,noun,B1,2,ליבה מורחבת,2-3,,CEFR-J v1.5
antistatic,adjective,B2,3,הרחבה אקדמית,3,,CEFR-J v1.5
antivirus,noun,B2,3,הרחבה אקדמית,3,,CEFR-J v1.5
antonym,noun,B1,2,ליבה מורחבת,2-3,,CEFR-J v1.5
anxiety,noun,B1,2,ליבה מורחבת,2-3,,CEFR-J v1.5
anxious,adjective,A2,1,ליבה,1-2,,CEFR-J v1.5
anxiously,adverb,B1,2,ליבה מורחבת,2-3,,CEFR-J v1.5
anyhow,adverb,B1,2,ליבה מורחבת,2-3,,CEFR-J v1.5
anymore,adverb,A2,1,ליבה,1-2,,CEFR-J v1.5
anyway,adverb,A2,1,ליבה,1-2,,CEFR-J v1.5
anywhere,adverb,A2,1,ליבה,1-2,,CEFR-J v1.5
apart,adverb,A2,1,ליבה,1-2,,CEFR-J v1.5
apartment,noun,A2,1,ליבה,1-2,,CEFR-J v1.5
ape,noun,B1,2,ליבה מורחבת,2-3,,CEFR-J v1.5
apologize/apologise,verb,A2,1,ליבה,1-2,,CEFR-J v1.5
apology,noun,B1,2,ליבה מורחבת,2-3,,CEFR-J v1.5
apostrophe,noun,B2,3,הרחבה אקדמית,3,,CEFR-J v1.5
apparent,adjective,B1,2,ליבה מורחבת,2-3,,CEFR-J v1.5
apparently,adverb,A2,1,ליבה,1-2,,CEFR-J v1.5
appeal,noun,B1,2,ליבה מורחבת,2-3,,CEFR-J v1.5
appear,verb,A2,1,ליבה,1-2,,CEFR-J v1.5
appearance,noun,A2,1,ליבה,1-2,,CEFR-J v1.5
appetite,noun,B1,2,ליבה מורחבת,2-3,,CEFR-J v1.5
applaud,verb,B1,2,ליבה מורחבת,2-3,,CEFR-J v1.5
applause,noun,B1,2,ליבה מורחבת,2-3,,CEFR-J v1.5
applicant,noun,B2,3,הרחבה אקדמית,3,,CEFR-J v1.5
application,noun,B1,2,ליבה מורחבת,2-3,,CEFR-J v1.5
apply,verb,A2,1,ליבה,1-2,,CEFR-J v1.5
appoint,verb,B1,2,ליבה מורחבת,2-3,,CEFR-J v1.5
appointment,noun,A2,1,ליבה,1-2,,CEFR-J v1.5
appreciate,verb,A2,1,ליבה,1-2,,CEFR-J v1.5
appreciation,noun,B1,2,ליבה מורחבת,2-3,,CEFR-J v1.5
appreciative,adjective,B2,3,הרחבה אקדמית,3,,CEFR-J v1.5
approach,noun,B1,2,ליבה מורחבת,2-3,,CEFR-J v1.5
appropriate,adjective,A2,1,ליבה,1-2,,CEFR-J v1.5
appropriately,adverb,B2,3,הרחבה אקדמית,3,,CEFR-J v1.5
approval,noun,B1,2,ליבה מורחבת,2-3,,CEFR-J v1.5
approve,verb,B1,2,ליבה מורחבת,2-3,,CEFR-J v1.5
approximate,adjective,B2,3,הרחבה אקדמית,3,,CEFR-J v1.5
approximately,adverb,B1,2,ליבה מורחבת,2-3,,CEFR-J v1.5
arch,noun,B2,3,הרחבה אקדמית,3,,CEFR-J v1.5
archaeologist/archeologist,noun,B2,3,הרחבה אקדמית,3,,CEFR-J v1.5
architect,noun,B1,2,ליבה מורחבת,2-3,,CEFR-J v1.5
architecture,noun,A2,1,ליבה,1-2,,CEFR-J v1.5
arctic,adjective,B2,3,הרחבה אקדמית,3,,CEFR-J v1.5
area,noun,A2,1,ליבה,1-2,,CEFR-J v1.5
arena,noun,B2,3,הרחבה אקדמית,3,,CEFR-J v1.5
argue,verb,A2,1,ליבה,1-2,,CEFR-J v1.5
argument,noun,A2,1,ליבה,1-2,,CEFR-J v1.5
arise,verb,B1,2,ליבה מורחבת,2-3,,CEFR-J v1.5
aristocracy,noun,B2,3,הרחבה אקדמית,3,,CEFR-J v1.5
arithmetic,noun,B1,2,ליבה מורחבת,2-3,,CEFR-J v1.5
armchair,noun,A2,1,ליבה,1-2,,CEFR-J v1.5
armed,adjective,A2,1,ליבה,1-2,,CEFR-J v1.5
armful,noun,B2,3,הרחבה אקדמית,3,,CEFR-J v1.5
army,noun,B1,2,ליבה מורחבת,2-3,,CEFR-J v1.5
arouse,verb,B2,3,הרחבה אקדמית,3,,CEFR-J v1.5
arrange,verb,B1,2,ליבה מורחבת,2-3,,CEFR-J v1.5
arrangement,noun,B1,2,ליבה מורחבת,2-3,,CEFR-J v1.5
arrest,noun,B1,2,ליבה מורחבת,2-3,,CEFR-J v1.5
arrival,noun,B1,2,ליבה מורחבת,2-3,,CEFR-J v1.5
arrogant,adjective,B2,3,הרחבה אקדמית,3,,CEFR-J v1.5
arrow,noun,B1,2,ליבה מורחבת,2-3,,CEFR-J v1.5
artery,noun,B2,3,הרחבה אקדמית,3,,CEFR-J v1.5
articulate,verb,B2,3,הרחבה אקדמית,3,,CEFR-J v1.5
artificial,adjective,A2,1,ליבה,1-2,,CEFR-J v1.5
artificially,adverb,B2,3,הרחבה אקדמית,3,,CEFR-J v1.5
artist,noun,B1,2,ליבה מורחבת,2-3,,CEFR-J v1.5
artistic,adjective,B1,2,ליבה מורחבת,2-3,,CEFR-J v1.5
artistry,noun,B2,3,הרחבה אקדמית,3,,CEFR-J v1.5
ash,noun,B2,3,הרחבה אקדמית,3,,CEFR-J v1.5
ashamed,adjective,B1,2,ליבה מורחבת,2-3,,CEFR-J v1.5
aside,adverb,B1,2,ליבה מורחבת,2-3,,CEFR-J v1.5
asleep,adjective,A2,1,ליבה,1-2,,CEFR-J v1.5
aspect,noun,B1,2,ליבה מורחבת,2-3,,CEFR-J v1.5
aspiration,noun,B2,3,הרחבה אקדמית,3,,CEFR-J v1.5
aspire,verb,B2,3,הרחבה אקדמית,3,,CEFR-J v1.5
aspirin,noun,B1,2,ליבה מורחבת,2-3,,CEFR-J v1.5
assault,noun,B2,3,הרחבה אקדמית,3,,CEFR-J v1.5
assemble,verb,B2,3,הרחבה אקדמית,3,,CEFR-J v1.5
assembly,noun,B2,3,הרחבה אקדמית,3,,CEFR-J v1.5
assert,verb,B2,3,הרחבה אקדמית,3,,CEFR-J v1.5
assess,verb,B2,3,הרחבה אקדמית,3,,CEFR-J v1.5
assessment,noun,B2,3,הרחבה אקדמית,3,,CEFR-J v1.5
assign,verb,B1,2,ליבה מורחבת,2-3,,CEFR-J v1.5
assignment,noun,B1,2,ליבה מורחבת,2-3,,CEFR-J v1.5
assist,verb,B1,2,ליבה מורחבת,2-3,,CEFR-J v1.5
assistance,noun,B1,2,ליבה מורחבת,2-3,,CEFR-J v1.5
assistant,adjective,A2,1,ליבה,1-2,,CEFR-J v1.5
associate,verb,B1,2,ליבה מורחבת,2-3,,CEFR-J v1.5
association,noun,A2,1,ליבה,1-2,,CEFR-J v1.5
assume,verb,B1,2,ליבה מורחבת,2-3,,CEFR-J v1.5
assumption,noun,B2,3,הרחבה אקדמית,3,,CEFR-J v1.5
assurance,noun,B2,3,הרחבה אקדמית,3,,CEFR-J v1.5
assure,verb,B2,3,הרחבה אקדמית,3,,CEFR-J v1.5
astonish,verb,B2,3,הרחבה אקדמית,3,,CEFR-J v1.5
astonished,adjective,B2,3,הרחבה אקדמית,3,,CEFR-J v1.5
astonishing,adjective,B2,3,הרחבה אקדמית,3,,CEFR-J v1.5
astonishment,noun,B2,3,הרחבה אקדמית,3,,CEFR-J v1.5
astronaut,noun,A2,1,ליבה,1-2,,CEFR-J v1.5
astronomer,noun,B1,2,ליבה מורחבת,2-3,,CEFR-J v1.5
astronomy,noun,B2,3,הרחבה אקדמית,3,,CEFR-J v1.5
athlete,noun,A2,1,ליבה,1-2,,CEFR-J v1.5
athletic,adjective,B1,2,ליבה מורחבת,2-3,,CEFR-J v1.5
athletics,noun,B2,3,הרחבה אקדמית,3,,CEFR-J v1.5
Atlantic,adjective,B1,2,ליבה מורחבת,2-3,,CEFR-J v1.5
atmosphere,noun,B1,2,ליבה מורחבת,2-3,,CEFR-J v1.5
atom,noun,A2,1,ליבה,1-2,,CEFR-J v1.5
atomic,adjective,B1,2,ליבה מורחבת,2-3,,CEFR-J v1.5
attach,verb,B1,2,ליבה מורחבת,2-3,,CEFR-J v1.5
attached,adjective,B2,3,הרחבה אקדמית,3,,CEFR-J v1.5
attachment,noun,B1,2,ליבה מורחבת,2-3,,CEFR-J v1.5
attack,noun,A2,1,ליבה,1-2,,CEFR-J v1.5
attain,verb,B1,2,ליבה מורחבת,2-3,,CEFR-J v1.5
attainable,adjective,B2,3,הרחבה אקדמית,3,,CEFR-J v1.5
attainment,noun,B2,3,הרחבה אקדמית,3,,CEFR-J v1.5
attempt,noun,A2,1,ליבה,1-2,,CEFR-J v1.5
attend,verb,B1,2,ליבה מורחבת,2-3,,CEFR-J v1.5
attendance,noun,B2,3,הרחבה אקדמית,3,,CEFR-J v1.5
attention,noun,A2,1,ליבה,1-2,,CEFR-J v1.5
attentive,adjective,B2,3,הרחבה אקדמית,3,,CEFR-J v1.5
attentively,adverb,B2,3,הרחבה אקדמית,3,,CEFR-J v1.5
attitude,noun,A2,1,ליבה,1-2,,CEFR-J v1.5
attract,verb,B1,2,ליבה מורחבת,2-3,,CEFR-J v1.5
attraction,noun,B1,2,ליבה מורחבת,2-3,,CEFR-J v1.5
attractive,adjective,A2,1,ליבה,1-2,,CEFR-J v1.5
attractiveness,noun,B2,3,הרחבה אקדמית,3,,CEFR-J v1.5
attribute,noun,B2,3,הרחבה אקדמית,3,,CEFR-J v1.5
atypical,adjective,B2,3,הרחבה אקדמית,3,,CEFR-J v1.5
aubergine,noun,B2,3,הרחבה אקדמית,3,,CEFR-J v1.5
audience,noun,A2,1,ליבה,1-2,,CEFR-J v1.5
audio,adjective,A2,1,ליבה,1-2,,CEFR-J v1.5
audit,noun,B2,3,הרחבה אקדמית,3,,CEFR-J v1.5
audition,noun,B2,3,הרחבה אקדמית,3,,CEFR-J v1.5
author,noun,A2,1,ליבה,1-2,,CEFR-J v1.5
authoritative,adjective,B2,3,הרחבה אקדמית,3,,CEFR-J v1.5
authority,noun,B1,2,ליבה מורחבת,2-3,,CEFR-J v1.5
authorize/authorise,verb,B2,3,הרחבה אקדמית,3,,CEFR-J v1.5
automatic,adjective,A2,1,ליבה,1-2,,CEFR-J v1.5
automatically,adverb,A2,1,ליבה,1-2,,CEFR-J v1.5
auxiliary,adjective,B1,2,ליבה מורחבת,2-3,,CEFR-J v1.5
availability,noun,B2,3,הרחבה אקדמית,3,,CEFR-J v1.5
available,adjective,B1,2,ליבה מורחבת,2-3,,CEFR-J v1.5
avenue,noun,B1,2,ליבה מורחבת,2-3,,CEFR-J v1.5
average,adjective,A2,1,ליבה,1-2,,CEFR-J v1.5
avoid,verb,A2,1,ליבה,1-2,,CEFR-J v1.5
await,verb,B2,3,הרחבה אקדמית,3,,CEFR-J v1.5
award,noun,A2,1,ליבה,1-2,,CEFR-J v1.5
aware,adjective,B1,2,ליבה מורחבת,2-3,,CEFR-J v1.5
awareness,noun,B1,2,ליבה מורחבת,2-3,,CEFR-J v1.5
awe,noun,B2,3,הרחבה אקדמית,3,,CEFR-J v1.5
awesome,adjective,B1,2,ליבה מורחבת,2-3,,CEFR-J v1.5
awful,adjective,A2,1,ליבה,1-2,,CEFR-J v1.5
awkward,adjective,B1,2,ליבה מורחבת,2-3,,CEFR-J v1.5
ax/axe,noun,B2,3,הרחבה אקדמית,3,,CEFR-J v1.5
axis,noun,B2,3,הרחבה אקדמית,3,,CEFR-J v1.5
babysit,verb,B1,2,ליבה מורחבת,2-3,,CEFR-J v1.5
babysitter,noun,B1,2,ליבה מורחבת,2-3,,CEFR-J v1.5
backache,noun,B1,2,ליבה מורחבת,2-3,,CEFR-J v1.5
background,noun,A2,1,ליבה,1-2,,CEFR-J v1.5
backpack,noun,B1,2,ליבה מורחבת,2-3,,CEFR-J v1.5
backpacker,noun,B1,2,ליבה מורחבת,2-3,,CEFR-J v1.5
backpacking,noun,B1,2,ליבה מורחבת,2-3,,CEFR-J v1.5
backup,noun,B2,3,הרחבה אקדמית,3,,CEFR-J v1.5
backward/backwards,adverb,B2,3,הרחבה אקדמית,3,,CEFR-J v1.5
backyard,noun,B2,3,הרחבה אקדמית,3,,CEFR-J v1.5
bacon,noun,B1,2,ליבה מורחבת,2-3,,CEFR-J v1.5
badge,noun,B2,3,הרחבה אקדמית,3,,CEFR-J v1.5
badly,adverb,A2,1,ליבה,1-2,,CEFR-J v1.5
badminton,noun,A2,1,ליבה,1-2,,CEFR-J v1.5
bad-tempered,adjective,B2,3,הרחבה אקדמית,3,,CEFR-J v1.5
baggage,noun,B1,2,ליבה מורחבת,2-3,,CEFR-J v1.5
bake,verb,A2,1,ליבה,1-2,,CEFR-J v1.5
baker,noun,B1,2,ליבה מורחבת,2-3,,CEFR-J v1.5
bakery,noun,B1,2,ליבה מורחבת,2-3,,CEFR-J v1.5
balance,noun,B1,2,ליבה מורחבת,2-3,,CEFR-J v1.5
balanced,adjective,B2,3,הרחבה אקדמית,3,,CEFR-J v1.5
balcony,noun,A2,1,ליבה,1-2,,CEFR-J v1.5
bald,adjective,B1,2,ליבה מורחבת,2-3,,CEFR-J v1.5
balky,adjective,B2,3,הרחבה אקדמית,3,,CEFR-J v1.5
ballad,noun,B2,3,הרחבה אקדמית,3,,CEFR-J v1.5
ballet,noun,B2,3,הרחבה אקדמית,3,,CEFR-J v1.5
balloon,noun,A2,1,ליבה,1-2,,CEFR-J v1.5
ballot,noun,B2,3,הרחבה אקדמית,3,,CEFR-J v1.5
ban,noun,B2,3,הרחבה אקדמית,3,,CEFR-J v1.5
bandage,noun,B1,2,ליבה מורחבת,2-3,,CEFR-J v1.5
bang,noun,B1,2,ליבה מורחבת,2-3,,CEFR-J v1.5
bank account,noun,B1,2,ליבה מורחבת,2-3,,CEFR-J v1.5
banker,noun,B2,3,הרחבה אקדמית,3,,CEFR-J v1.5
banking,noun,A2,1,ליבה,1-2,,CEFR-J v1.5
bankrupt,verb,B2,3,הרחבה אקדמית,3,,CEFR-J v1.5
bankruptcy,noun,B2,3,הרחבה אקדמית,3,,CEFR-J v1.5
barbecue,noun,A2,1,ליבה,1-2,,CEFR-J v1.5
barber,noun,A2,1,ליבה,1-2,,CEFR-J v1.5
barbershop,noun,B2,3,הרחבה אקדמית,3,,CEFR-J v1.5
bare,adjective,B1,2,ליבה מורחבת,2-3,,CEFR-J v1.5
barely,adverb,B1,2,ליבה מורחבת,2-3,,CEFR-J v1.5
bargain,noun,A2,1,ליבה,1-2,,CEFR-J v1.5
bark,noun,B1,2,ליבה מורחבת,2-3,,CEFR-J v1.5
barley,noun,B2,3,הרחבה אקדמית,3,,CEFR-J v1.5
barman,noun,B1,2,ליבה מורחבת,2-3,,CEFR-J v1.5
barn,noun,B2,3,הרחבה אקדמית,3,,CEFR-J v1.5
barometer,noun,B2,3,הרחבה אקדמית,3,,CEFR-J v1.5
barrel,noun,B1,2,ליבה מורחבת,2-3,,CEFR-J v1.5
barren,adjective,B2,3,הרחבה אקדמית,3,,CEFR-J v1.5
barrier,noun,B2,3,הרחבה אקדמית,3,,CEFR-J v1.5
bartender,noun,B2,3,הרחבה אקדמית,3,,CEFR-J v1.5
base,noun,A2,1,ליבה,1-2,,CEFR-J v1.5
basement,noun,B1,2,ליבה מורחבת,2-3,,CEFR-J v1.5
basic,adjective,A2,1,ליבה,1-2,,CEFR-J v1.5
basically,adverb,A2,1,ליבה,1-2,,CEFR-J v1.5
basin,noun,B1,2,ליבה מורחבת,2-3,,CEFR-J v1.5
basis,noun,B1,2,ליבה מורחבת,2-3,,CEFR-J v1.5
basket,noun,A2,1,ליבה,1-2,,CEFR-J v1.5
batch,noun,A2,1,ליבה,1-2,,CEFR-J v1.5
bathe,verb,B1,2,ליבה מורחבת,2-3,,CEFR-J v1.5
bathhouse,noun,B2,3,הרחבה אקדמית,3,,CEFR-J v1.5
battery,noun,A2,1,ליבה,1-2,,CEFR-J v1.5
battle,noun,B1,2,ליבה מורחבת,2-3,,CEFR-J v1.5
battlefield,noun,B2,3,הרחבה אקדמית,3,,CEFR-J v1.5
bay,noun,A2,1,ליבה,1-2,,CEFR-J v1.5
beagle,noun,B2,3,הרחבה אקדמית,3,,CEFR-J v1.5
beak,noun,B2,3,הרחבה אקדמית,3,,CEFR-J v1.5
beam,noun,B2,3,הרחבה אקדמית,3,,CEFR-J v1.5
beard,noun,B1,2,ליבה מורחבת,2-3,,CEFR-J v1.5
bearing,noun,B2,3,הרחבה אקדמית,3,,CEFR-J v1.5
beast,noun,B1,2,ליבה מורחבת,2-3,,CEFR-J v1.5
beat,verb,B1,2,ליבה מורחבת,2-3,,CEFR-J v1.5
beautifully,adverb,B1,2,ליבה מורחבת,2-3,,CEFR-J v1.5
beautify,verb,B2,3,הרחבה אקדמית,3,,CEFR-J v1.5
beauty,noun,A2,1,ליבה,1-2,,CEFR-J v1.5
beaver,noun,B1,2,ליבה מורחבת,2-3,,CEFR-J v1.5
because of,preposition,B1,2,ליבה מורחבת,2-3,true,CEFR-J v1.5
bedside,noun,B1,2,ליבה מורחבת,2-3,,CEFR-J v1.5
been,be-verb,A2,1,ליבה,1-2,,CEFR-J v1.5
beer,noun,A2,1,ליבה,1-2,,CEFR-J v1.5
beg,verb,A2,1,ליבה,1-2,,CEFR-J v1.5
beginner,noun,A2,1,ליבה,1-2,,CEFR-J v1.5
beginning,noun,A2,1,ליבה,1-2,,CEFR-J v1.5
behalf,noun,B1,2,ליבה מורחבת,2-3,,CEFR-J v1.5
behave,verb,B1,2,ליבה מורחבת,2-3,,CEFR-J v1.5
behavior/behaviour,noun,A2,1,ליבה,1-2,,CEFR-J v1.5
being,noun,A2,1,ליבה,1-2,,CEFR-J v1.5
belief,noun,B1,2,ליבה מורחבת,2-3,,CEFR-J v1.5
bellow,verb,B2,3,הרחבה אקדמית,3,,CEFR-J v1.5
belly,noun,A2,1,ליבה,1-2,,CEFR-J v1.5
belong,verb,A2,1,ליבה,1-2,,CEFR-J v1.5
belongings,noun,B2,3,הרחבה אקדמית,3,,CEFR-J v1.5
beloved,adjective,B1,2,ליבה מורחבת,2-3,,CEFR-J v1.5
belt,noun,A2,1,ליבה,1-2,,CEFR-J v1.5
bench,noun,A2,1,ליבה,1-2,,CEFR-J v1.5
bend,verb,A2,1,ליבה,1-2,,CEFR-J v1.5
beneath,preposition,B1,2,ליבה מורחבת,2-3,true,CEFR-J v1.5
beneficial,adjective,B2,3,הרחבה אקדמית,3,,CEFR-J v1.5
benefit,noun,B1,2,ליבה מורחבת,2-3,,CEFR-J v1.5
benevolence,noun,B2,3,הרחבה אקדמית,3,,CEFR-J v1.5
benevolent,adjective,B2,3,הרחבה אקדמית,3,,CEFR-J v1.5
bent,adjective,B1,2,ליבה מורחבת,2-3,,CEFR-J v1.5
berry,noun,B2,3,הרחבה אקדמית,3,,CEFR-J v1.5
besides,adverb,A2,1,ליבה,1-2,true,CEFR-J v1.5
bestow,verb,B2,3,הרחבה אקדמית,3,,CEFR-J v1.5
bestseller,noun,B2,3,הרחבה אקדמית,3,,CEFR-J v1.5
bet,verb,B1,2,ליבה מורחבת,2-3,,CEFR-J v1.5
betray,verb,B2,3,הרחבה אקדמית,3,,CEFR-J v1.5
bewilder,verb,B2,3,הרחבה אקדמית,3,,CEFR-J v1.5
bewilderment,noun,B2,3,הרחבה אקדמית,3,,CEFR-J v1.5
beyond,preposition,A2,1,ליבה,1-2,true,CEFR-J v1.5
bid,verb,B2,3,הרחבה אקדמית,3,,CEFR-J v1.5
bidding,noun,B2,3,הרחבה אקדמית,3,,CEFR-J v1.5
bikini,noun,B2,3,הרחבה אקדמית,3,,CEFR-J v1.5
bilingual,adjective,B1,2,ליבה מורחבת,2-3,,CEFR-J v1.5
bill,noun,A2,1,ליבה,1-2,,CEFR-J v1.5
billion,noun,B2,3,הרחבה אקדמית,3,,CEFR-J v1.5
bin,noun,B1,2,ליבה מורחבת,2-3,,CEFR-J v1.5
bind,verb,B2,3,הרחבה אקדמית,3,,CEFR-J v1.5
bio,noun,B2,3,הרחבה אקדמית,3,,CEFR-J v1.5
biochemistry,noun,B1,2,ליבה מורחבת,2-3,,CEFR-J v1.5
biography,noun,B1,2,ליבה מורחבת,2-3,,CEFR-J v1.5
biological,adjective,B2,3,הרחבה אקדמית,3,,CEFR-J v1.5
biology,noun,B1,2,ליבה מורחבת,2-3,,CEFR-J v1.5
biotechnology,noun,B2,3,הרחבה אקדמית,3,,CEFR-J v1.5
birdcage,noun,B2,3,הרחבה אקדמית,3,,CEFR-J v1.5
birthplace,noun,B2,3,הרחבה אקדמית,3,,CEFR-J v1.5
bishop,noun,B1,2,ליבה מורחבת,2-3,,CEFR-J v1.5
bit,noun,A2,1,ליבה,1-2,,CEFR-J v1.5
bite,noun,A2,1,ליבה,1-2,,CEFR-J v1.5
bitter,adjective,B1,2,ליבה מורחבת,2-3,,CEFR-J v1.5
bitterly,adverb,B2,3,הרחבה אקדמית,3,,CEFR-J v1.5
bizarre,adjective,B2,3,הרחבה אקדמית,3,,CEFR-J v1.5
blackboard,noun,A2,1,ליבה,1-2,,CEFR-J v1.5
blade,noun,B2,3,הרחבה אקדמית,3,,CEFR-J v1.5
blame,verb,A2,1,ליבה,1-2,,CEFR-J v1.5
blanket,noun,A2,1,ליבה,1-2,,CEFR-J v1.5
blast,noun,B2,3,הרחבה אקדמית,3,,CEFR-J v1.5
blaze,noun,B2,3,הרחבה אקדמית,3,,CEFR-J v1.5
bleed,verb,B1,2,ליבה מורחבת,2-3,,CEFR-J v1.5
blend,verb,B1,2,ליבה מורחבת,2-3,,CEFR-J v1.5
bless,verb,B1,2,ליבה מורחבת,2-3,,CEFR-J v1.5
blessing,noun,B1,2,ליבה מורחבת,2-3,,CEFR-J v1.5
blind,adjective,B1,2,ליבה מורחבת,2-3,,CEFR-J v1.5
blindly,adverb,B2,3,הרחבה אקדמית,3,,CEFR-J v1.5
blindness,noun,B2,3,הרחבה אקדמית,3,,CEFR-J v1.5
blink,verb,B2,3,הרחבה אקדמית,3,,CEFR-J v1.5
blog,noun,B1,2,ליבה מורחבת,2-3,,CEFR-J v1.5
blogger,noun,B1,2,ליבה מורחבת,2-3,,CEFR-J v1.5
blonde,adjective,A2,1,ליבה,1-2,,CEFR-J v1.5
blood,noun,A2,1,ליבה,1-2,,CEFR-J v1.5
bloodstream,noun,B2,3,הרחבה אקדמית,3,,CEFR-J v1.5
bloody,adjective,B2,3,הרחבה אקדמית,3,,CEFR-J v1.5
bloom,noun,A2,1,ליבה,1-2,,CEFR-J v1.5
blooming,adjective,B2,3,הרחבה אקדמית,3,,CEFR-J v1.5
blossom,noun,B2,3,הרחבה אקדמית,3,,CEFR-J v1.5
blur,verb,B2,3,הרחבה אקדמית,3,,CEFR-J v1.5
blurt,noun,B2,3,הרחבה אקדמית,3,,CEFR-J v1.5
blush,noun,B1,2,ליבה מורחבת,2-3,,CEFR-J v1.5
board game,noun,A2,1,ליבה,1-2,,CEFR-J v1.5
boast,verb,B1,2,ליבה מורחבת,2-3,,CEFR-J v1.5
boil,verb,A2,1,ליבה,1-2,,CEFR-J v1.5
boiled,adjective,A2,1,ליבה,1-2,,CEFR-J v1.5
boiling,adjective,B2,3,הרחבה אקדמית,3,,CEFR-J v1.5
bold,adjective,B1,2,ליבה מורחבת,2-3,,CEFR-J v1.5
boldly,adverb,B1,2,ליבה מורחבת,2-3,,CEFR-J v1.5
bolt,noun,B2,3,הרחבה אקדמית,3,,CEFR-J v1.5
bomb,noun,B1,2,ליבה מורחבת,2-3,,CEFR-J v1.5
bombard,noun,B2,3,הרחבה אקדמית,3,,CEFR-J v1.5
bomber,noun,B2,3,הרחבה אקדמית,3,,CEFR-J v1.5
bombing,noun,B2,3,הרחבה אקדמית,3,,CEFR-J v1.5
bond,noun,B1,2,ליבה מורחבת,2-3,,CEFR-J v1.5
bonus,noun,A2,1,ליבה,1-2,,CEFR-J v1.5
bony,adjective,B2,3,הרחבה אקדמית,3,,CEFR-J v1.5
bookcase,noun,A2,1,ליבה,1-2,,CEFR-J v1.5
booking,noun,B1,2,ליבה מורחבת,2-3,,CEFR-J v1.5
bookish,adjective,B2,3,הרחבה אקדמית,3,,CEFR-J v1.5
booklet,noun,B2,3,הרחבה אקדמית,3,,CEFR-J v1.5
bookmark,noun,B2,3,הרחבה אקדמית,3,,CEFR-J v1.5
bookshelf,noun,A2,1,ליבה,1-2,,CEFR-J v1.5
bookshop,noun,A2,1,ליבה,1-2,,CEFR-J v1.5
boom,noun,B1,2,ליבה מורחבת,2-3,,CEFR-J v1.5
boost,noun,B2,3,הרחבה אקדמית,3,,CEFR-J v1.5
boot,noun,B1,2,ליבה מורחבת,2-3,,CEFR-J v1.5
booth,noun,B2,3,הרחבה אקדמית,3,,CEFR-J v1.5
border,noun,B1,2,ליבה מורחבת,2-3,,CEFR-J v1.5
bore,verb,B1,2,ליבה מורחבת,2-3,,CEFR-J v1.5
bored,adjective,A2,1,ליבה,1-2,,CEFR-J v1.5
boredom,noun,B1,2,ליבה מורחבת,2-3,,CEFR-J v1.5
boss,noun,A2,1,ליבה,1-2,,CEFR-J v1.5
bossy,adjective,B2,3,הרחבה אקדמית,3,,CEFR-J v1.5
botany,noun,B2,3,הרחבה אקדמית,3,,CEFR-J v1.5
bother,verb,A2,1,ליבה,1-2,,CEFR-J v1.5
bothered,adjective,B2,3,הרחבה אקדמית,3,,CEFR-J v1.5
bothersome,adjective,B2,3,הרחבה אקדמית,3,,CEFR-J v1.5
bounce,verb,B1,2,ליבה מורחבת,2-3,,CEFR-J v1.5
bound,adjective,B1,2,ליבה מורחבת,2-3,,CEFR-J v1.5
bourbon,noun,B2,3,הרחבה אקדמית,3,,CEFR-J v1.5
bow,noun,B1,2,ליבה מורחבת,2-3,,CEFR-J v1.5
boxer,noun,B2,3,הרחבה אקדמית,3,,CEFR-J v1.5
boxing,noun,B1,2,ליבה מורחבת,2-3,,CEFR-J v1.5
bra,noun,A2,1,ליבה,1-2,,CEFR-J v1.5
bracelet,noun,B1,2,ליבה מורחבת,2-3,,CEFR-J v1.5
bracket,noun,B2,3,הרחבה אקדמית,3,,CEFR-J v1.5
brag,noun,B2,3,הרחבה אקדמית,3,,CEFR-J v1.5
brainstorm,noun,A2,1,ליבה,1-2,,CEFR-J v1.5
brainstorming,noun,B1,2,ליבה מורחבת,2-3,,CEFR-J v1.5
brake,noun,A2,1,ליבה,1-2,,CEFR-J v1.5
branch,noun,A2,1,ליבה,1-2,,CEFR-J v1.5
brand,noun,A2,1,ליבה,1-2,,CEFR-J v1.5
brand-new,adjective,B1,2,ליבה מורחבת,2-3,,CEFR-J v1.5
brass,noun,B1,2,ליבה מורחבת,2-3,,CEFR-J v1.5
brave,adjective,A2,1,ליבה,1-2,,CEFR-J v1.5
bravely,adverb,B1,2,ליבה מורחבת,2-3,,CEFR-J v1.5
bravery,noun,B2,3,הרחבה אקדמית,3,,CEFR-J v1.5
breakable,adjective,B2,3,הרחבה אקדמית,3,,CEFR-J v1.5
breakdown,noun,B2,3,הרחבה אקדמית,3,,CEFR-J v1.5
breakthrough,noun,B1,2,ליבה מורחבת,2-3,,CEFR-J v1.5
breakup,noun,B2,3,הרחבה אקדמית,3,,CEFR-J v1.5
breast,noun,B1,2,ליבה מורחבת,2-3,,CEFR-J v1.5
breath,noun,B1,2,ליבה מורחבת,2-3,,CEFR-J v1.5
breathless,adjective,B1,2,ליבה מורחבת,2-3,,CEFR-J v1.5
breathtaking,adjective,B2,3,הרחבה אקדמית,3,,CEFR-J v1.5
breed,verb,B1,2,ליבה מורחבת,2-3,,CEFR-J v1.5
breeding,noun,B1,2,ליבה מורחבת,2-3,,CEFR-J v1.5
breeze,noun,A2,1,ליבה,1-2,,CEFR-J v1.5
breezy,adjective,B2,3,הרחבה אקדמית,3,,CEFR-J v1.5
brewery,noun,B2,3,הרחבה אקדמית,3,,CEFR-J v1.5
brick,noun,B1,2,ליבה מורחבת,2-3,,CEFR-J v1.5
bride,noun,A2,1,ליבה,1-2,,CEFR-J v1.5
brief,adjective,B1,2,ליבה מורחבת,2-3,,CEFR-J v1.5
briefly,adverb,B1,2,ליבה מורחבת,2-3,,CEFR-J v1.5
brightly,adverb,B1,2,ליבה מורחבת,2-3,,CEFR-J v1.5
brilliant,adjective,A2,1,ליבה,1-2,,CEFR-J v1.5
brilliantly,adverb,B2,3,הרחבה אקדמית,3,,CEFR-J v1.5
broad,adjective,B1,2,ליבה מורחבת,2-3,,CEFR-J v1.5
broadband,noun,B2,3,הרחבה אקדמית,3,,CEFR-J v1.5
broadcast,noun,B1,2,ליבה מורחבת,2-3,,CEFR-J v1.5
broadcaster,noun,B2,3,הרחבה אקדמית,3,,CEFR-J v1.5
broaden,verb,B2,3,הרחבה אקדמית,3,,CEFR-J v1.5
broadly,adverb,B2,3,הרחבה אקדמית,3,,CEFR-J v1.5
broccoli,noun,B1,2,ליבה מורחבת,2-3,,CEFR-J v1.5
brochure,noun,B2,3,הרחבה אקדמית,3,,CEFR-J v1.5
bronze,noun,B1,2,ליבה מורחבת,2-3,,CEFR-J v1.5
brotherhood,noun,B1,2,ליבה מורחבת,2-3,,CEFR-J v1.5
brother-in-law,noun,B2,3,הרחבה אקדמית,3,,CEFR-J v1.5
browse,verb,B2,3,הרחבה אקדמית,3,,CEFR-J v1.5
browser,noun,B2,3,הרחבה אקדמית,3,,CEFR-J v1.5
bruise,noun,B2,3,הרחבה אקדמית,3,,CEFR-J v1.5
bubble,noun,B1,2,ליבה מורחבת,2-3,,CEFR-J v1.5
bud,noun,B2,3,הרחבה אקדמית,3,,CEFR-J v1.5
buddy,noun,B1,2,ליבה מורחבת,2-3,,CEFR-J v1.5
budget,noun,A2,1,ליבה,1-2,,CEFR-J v1.5
bug,noun,A2,1,ליבה,1-2,,CEFR-J v1.5
builder,noun,B1,2,ליבה מורחבת,2-3,,CEFR-J v1.5
bulb,noun,A2,1,ליבה,1-2,,CEFR-J v1.5
bulimia,noun,B2,3,הרחבה אקדמית,3,,CEFR-J v1.5
bull,noun,B1,2,ליבה מורחבת,2-3,,CEFR-J v1.5
bullet,noun,B1,2,ליבה מורחבת,2-3,,CEFR-J v1.5
bulletin,noun,B1,2,ליבה מורחבת,2-3,,CEFR-J v1.5
bully,verb,B2,3,הרחבה אקדמית,3,,CEFR-J v1.5
bum,noun,B2,3,הרחבה אקדמית,3,,CEFR-J v1.5
bump,verb,B1,2,ליבה מורחבת,2-3,,CEFR-J v1.5
bumper,noun,B2,3,הרחבה אקדמית,3,,CEFR-J v1.5
bun,noun,B2,3,הרחבה אקדמית,3,,CEFR-J v1.5
bunch,noun,B1,2,ליבה מורחבת,2-3,,CEFR-J v1.5
burden,noun,B1,2,ליבה מורחבת,2-3,,CEFR-J v1.5
burdensome,adjective,B2,3,הרחבה אקדמית,3,,CEFR-J v1.5
bureau,noun,B1,2,ליבה מורחבת,2-3,,CEFR-J v1.5
bureaucracy,noun,B2,3,הרחבה אקדמית,3,,CEFR-J v1.5
burglar,noun,B1,2,ליבה מורחבת,2-3,,CEFR-J v1.5
burglary,noun,B2,3,הרחבה אקדמית,3,,CEFR-J v1.5
burgle,verb,B2,3,הרחבה אקדמית,3,,CEFR-J v1.5
burial,noun,B2,3,הרחבה אקדמית,3,,CEFR-J v1.5
burn,noun,A2,1,ליבה,1-2,,CEFR-J v1.5
burning,adjective,B1,2,ליבה מורחבת,2-3,,CEFR-J v1.5
burst,verb,B1,2,ליבה מורחבת,2-3,,CEFR-J v1.5
bury,verb,A2,1,ליבה,1-2,,CEFR-J v1.5
bus station,noun,A2,1,ליבה,1-2,,CEFR-J v1.5
bus stop,noun,A2,1,ליבה,1-2,,CEFR-J v1.5
bush,noun,A2,1,ליבה,1-2,,CEFR-J v1.5
businessman,noun,A2,1,ליבה,1-2,,CEFR-J v1.5
businesswoman,noun,A2,1,ליבה,1-2,,CEFR-J v1.5
bust,verb,B1,2,ליבה מורחבת,2-3,,CEFR-J v1.5
bustle,verb,B2,3,הרחבה אקדמית,3,,CEFR-J v1.5
bustling,adjective,B2,3,הרחבה אקדמית,3,,CEFR-J v1.5
butcher,noun,B1,2,ליבה מורחבת,2-3,,CEFR-J v1.5
buyer,noun,B1,2,ליבה מורחבת,2-3,,CEFR-J v1.5
buzz,noun,B2,3,הרחבה אקדמית,3,,CEFR-J v1.5
cab,noun,A2,1,ליבה,1-2,,CEFR-J v1.5
cabbage,noun,B1,2,ליבה מורחבת,2-3,,CEFR-J v1.5
cabin,noun,B1,2,ליבה מורחבת,2-3,,CEFR-J v1.5
cabinet,noun,B2,3,הרחבה אקדמית,3,,CEFR-J v1.5
cable,noun,B2,3,הרחבה אקדמית,3,,CEFR-J v1.5
cafeteria,noun,A2,1,ליבה,1-2,,CEFR-J v1.5
cage,noun,B1,2,ליבה מורחבת,2-3,,CEFR-J v1.5
calculate,verb,B1,2,ליבה מורחבת,2-3,,CEFR-J v1.5
calculation,noun,B1,2,ליבה מורחבת,2-3,,CEFR-J v1.5
calculator,noun,B1,2,ליבה מורחבת,2-3,,CEFR-J v1.5
calendar,noun,A2,1,ליבה,1-2,,CEFR-J v1.5
calf,noun,B1,2,ליבה מורחבת,2-3,,CEFR-J v1.5
caller,noun,B1,2,ליבה מורחבת,2-3,,CEFR-J v1.5
calm,adjective,B1,2,ליבה מורחבת,2-3,,CEFR-J v1.5
calmly,adverb,B2,3,הרחבה אקדמית,3,,CEFR-J v1.5
calmness,noun,B1,2,ליבה מורחבת,2-3,,CEFR-J v1.5
camel,noun,B1,2,ליבה מורחבת,2-3,,CEFR-J v1.5
campaign,noun,B2,3,הרחבה אקדמית,3,,CEFR-J v1.5
camping,noun,A2,1,ליבה,1-2,,CEFR-J v1.5
campsite,noun,B1,2,ליבה מורחבת,2-3,,CEFR-J v1.5
campus,noun,A2,1,ליבה,1-2,,CEFR-J v1.5
canal,noun,B1,2,ליבה מורחבת,2-3,,CEFR-J v1.5
cancel,verb,B1,2,ליבה מורחבת,2-3,,CEFR-J v1.5
cancer,noun,B1,2,ליבה מורחבת,2-3,,CEFR-J v1.5
candidate,noun,B2,3,הרחבה אקדמית,3,,CEFR-J v1.5
candle,noun,B1,2,ליבה מורחבת,2-3,,CEFR-J v1.5
cane,noun,B2,3,הרחבה אקדמית,3,,CEFR-J v1.5
canned,adjective,B1,2,ליבה מורחבת,2-3,,CEFR-J v1.5
cannonball,noun,B2,3,הרחבה אקדמית,3,,CEFR-J v1.5
canon,noun,B2,3,הרחבה אקדמית,3,,CEFR-J v1.5
canteen,noun,B1,2,ליבה מורחבת,2-3,,CEFR-J v1.5
capability,noun,B2,3,הרחבה אקדמית,3,,CEFR-J v1.5
capable,adjective,B1,2,ליבה מורחבת,2-3,,CEFR-J v1.5
capacity,noun,B1,2,ליבה מורחבת,2-3,,CEFR-J v1.5
capital,noun,A2,1,ליבה,1-2,,CEFR-J v1.5
capital letter,noun,A2,1,ליבה,1-2,,CEFR-J v1.5
capsule,noun,B1,2,ליבה מורחבת,2-3,,CEFR-J v1.5
captain,noun,A2,1,ליבה,1-2,,CEFR-J v1.5
caption,noun,B2,3,הרחבה אקדמית,3,,CEFR-J v1.5
captive,noun,B2,3,הרחבה אקדמית,3,,CEFR-J v1.5
capture,noun,B1,2,ליבה מורחבת,2-3,,CEFR-J v1.5
car park,noun,A2,1,ליבה,1-2,,CEFR-J v1.5
caravan,noun,B2,3,הרחבה אקדמית,3,,CEFR-J v1.5
carbon,noun,B2,3,הרחבה אקדמית,3,,CEFR-J v1.5
carbon dioxide,noun,B2,3,הרחבה אקדמית,3,,CEFR-J v1.5
carbon footprint,noun,B2,3,הרחבה אקדמית,3,,CEFR-J v1.5
carbon monoxide,noun,B2,3,הרחבה אקדמית,3,,CEFR-J v1.5
cardboard,noun,B2,3,הרחבה אקדמית,3,,CEFR-J v1.5
cardigan,noun,B2,3,הרחבה אקדמית,3,,CEFR-J v1.5
career,noun,B1,2,ליבה מורחבת,2-3,,CEFR-J v1.5
carefree,adjective,B2,3,הרחבה אקדמית,3,,CEFR-J v1.5
careless,adjective,B1,2,ליבה מורחבת,2-3,,CEFR-J v1.5
carelessly,adverb,B1,2,ליבה מורחבת,2-3,,CEFR-J v1.5
carelessness,noun,B1,2,ליבה מורחבת,2-3,,CEFR-J v1.5
caring,adjective,B2,3,הרחבה אקדמית,3,,CEFR-J v1.5
carnival,noun,B2,3,הרחבה אקדמית,3,,CEFR-J v1.5
carpet,noun,B1,2,ליבה מורחבת,2-3,,CEFR-J v1.5
carpool,noun,B2,3,הרחבה אקדמית,3,,CEFR-J v1.5
carriage,noun,B1,2,ליבה מורחבת,2-3,,CEFR-J v1.5
carrot,noun,A2,1,ליבה,1-2,,CEFR-J v1.5
carton,noun,B1,2,ליבה מורחבת,2-3,,CEFR-J v1.5
carve,verb,B2,3,הרחבה אקדמית,3,,CEFR-J v1.5
cascade,noun,B2,3,הרחבה אקדמית,3,,CEFR-J v1.5
cash,noun,A2,1,ליבה,1-2,,CEFR-J v1.5
cashpoint,noun,B1,2,ליבה מורחבת,2-3,,CEFR-J v1.5
cassette,noun,A2,1,ליבה,1-2,,CEFR-J v1.5
cast,noun,B2,3,הרחבה אקדמית,3,,CEFR-J v1.5
castle,noun,A2,1,ליבה,1-2,,CEFR-J v1.5
casual,adjective,B1,2,ליבה מורחבת,2-3,,CEFR-J v1.5
casually,adverb,B2,3,הרחבה אקדמית,3,,CEFR-J v1.5
catalog/catalogue,noun,B2,3,הרחבה אקדמית,3,,CEFR-J v1.5
catalyst,noun,B2,3,הרחבה אקדמית,3,,CEFR-J v1.5
catastrophe,noun,B2,3,הרחבה אקדמית,3,,CEFR-J v1.5
catastrophic,adjective,B2,3,הרחבה אקדמית,3,,CEFR-J v1.5
catchy,adjective,B2,3,הרחבה אקדמית,3,,CEFR-J v1.5
categorization/categorisation,noun,B2,3,הרחבה אקדמית,3,,CEFR-J v1.5
categorize/categorise,verb,B1,2,ליבה מורחבת,2-3,,CEFR-J v1.5
category,noun,B1,2,ליבה מורחבת,2-3,,CEFR-J v1.5
catering,noun,B2,3,הרחבה אקדמית,3,,CEFR-J v1.5
cathedral,noun,B2,3,הרחבה אקדמית,3,,CEFR-J v1.5
cattle,noun,B1,2,ליבה מורחבת,2-3,,CEFR-J v1.5
cause,verb,A2,1,ליבה,1-2,,CEFR-J v1.5
caution,noun,B1,2,ליבה מורחבת,2-3,,CEFR-J v1.5
cautious,adjective,B1,2,ליבה מורחבת,2-3,,CEFR-J v1.5
cave,noun,B1,2,ליבה מורחבת,2-3,,CEFR-J v1.5
CD-ROM,noun,B1,2,ליבה מורחבת,2-3,,CEFR-J v1.5
cease,verb,B2,3,הרחבה אקדמית,3,,CEFR-J v1.5
ceiling,noun,B2,3,הרחבה אקדמית,3,,CEFR-J v1.5
celebrity,noun,B1,2,ליבה מורחבת,2-3,,CEFR-J v1.5
cell,noun,B1,2,ליבה מורחבת,2-3,,CEFR-J v1.5
cellar,noun,B2,3,הרחבה אקדמית,3,,CEFR-J v1.5
cellist,noun,B2,3,הרחבה אקדמית,3,,CEFR-J v1.5
cello,noun,B2,3,הרחבה אקדמית,3,,CEFR-J v1.5
cemetery,noun,B2,3,הרחבה אקדמית,3,,CEFR-J v1.5
cent,noun,A2,1,ליבה,1-2,,CEFR-J v1.5
center/centre,noun,A2,1,ליבה,1-2,,CEFR-J v1.5
centigrade,noun,B2,3,הרחבה אקדמית,3,,CEFR-J v1.5
centimeter/centimetre,noun,A2,1,ליבה,1-2,,CEFR-J v1.5
central,adjective,B1,2,ליבה מורחבת,2-3,,CEFR-J v1.5
central heating,noun,B1,2,ליבה מורחבת,2-3,,CEFR-J v1.5
century,noun,A2,1,ליבה,1-2,,CEFR-J v1.5
cereal,noun,A2,1,ליבה,1-2,,CEFR-J v1.5
ceremony,noun,B1,2,ליבה מורחבת,2-3,,CEFR-J v1.5
certain,adjective,A2,1,ליבה,1-2,,CEFR-J v1.5
certainly,adverb,A2,1,ליבה,1-2,,CEFR-J v1.5
certainty,noun,B1,2,ליבה מורחבת,2-3,,CEFR-J v1.5
certificate,noun,B2,3,הרחבה אקדמית,3,,CEFR-J v1.5
certification,noun,B2,3,הרחבה אקדמית,3,,CEFR-J v1.5
certify,verb,B2,3,הרחבה אקדמית,3,,CEFR-J v1.5
chain,noun,A2,1,ליבה,1-2,,CEFR-J v1.5
chairman,noun,A2,1,ליבה,1-2,,CEFR-J v1.5
challenge,noun,A2,1,ליבה,1-2,,CEFR-J v1.5
challenging,adjective,B1,2,ליבה מורחבת,2-3,,CEFR-J v1.5
champagne,noun,A2,1,ליבה,1-2,,CEFR-J v1.5
champion,noun,B1,2,ליבה מורחבת,2-3,,CEFR-J v1.5
championship,noun,A2,1,ליבה,1-2,,CEFR-J v1.5
chance,noun,A2,1,ליבה,1-2,,CEFR-J v1.5
chancellor,noun,B2,3,הרחבה אקדמית,3,,CEFR-J v1.5
channel,noun,B1,2,ליבה מורחבת,2-3,,CEFR-J v1.5
chaos,noun,B1,2,ליבה מורחבת,2-3,,CEFR-J v1.5
chaotic,adjective,B2,3,הרחבה אקדמית,3,,CEFR-J v1.5
chapter,noun,A2,1,ליבה,1-2,,CEFR-J v1.5
characteristic,noun,B1,2,ליבה מורחבת,2-3,,CEFR-J v1.5
characterize/characterise,verb,B1,2,ליבה מורחבת,2-3,,CEFR-J v1.5
charge,noun,B1,2,ליבה מורחבת,2-3,,CEFR-J v1.5
chariot,noun,B1,2,ליבה מורחבת,2-3,,CEFR-J v1.5
charity,noun,B1,2,ליבה מורחבת,2-3,,CEFR-J v1.5
charm,noun,B1,2,ליבה מורחבת,2-3,,CEFR-J v1.5
charming,adjective,B2,3,הרחבה אקדמית,3,,CEFR-J v1.5
chart,noun,A2,1,ליבה,1-2,,CEFR-J v1.5
chase,noun,B1,2,ליבה מורחבת,2-3,,CEFR-J v1.5
chat,verb,A2,1,ליבה,1-2,,CEFR-J v1.5
chat show,noun,B1,2,ליבה מורחבת,2-3,,CEFR-J v1.5
cheap,adjective,A2,1,ליבה,1-2,,CEFR-J v1.5
cheat,verb,B2,3,הרחבה אקדמית,3,,CEFR-J v1.5
check-in counter/check-in,noun,B1,2,ליבה מורחבת,2-3,,CEFR-J v1.5
check-in desk/check-in,noun,B1,2,ליבה מורחבת,2-3,,CEFR-J v1.5
checkout,noun,B1,2,ליבה מורחבת,2-3,,CEFR-J v1.5
checkpoint,noun,B2,3,הרחבה אקדמית,3,,CEFR-J v1.5
cheek,noun,A2,1,ליבה,1-2,,CEFR-J v1.5
cheeky,adjective,B2,3,הרחבה אקדמית,3,,CEFR-J v1.5
cheer,verb,A2,1,ליבה,1-2,,CEFR-J v1.5
cheerful,adjective,B1,2,ליבה מורחבת,2-3,,CEFR-J v1.5
cheerfully,adverb,B2,3,הרחבה אקדמית,3,,CEFR-J v1.5
cheerfulness,noun,B2,3,הרחבה אקדמית,3,,CEFR-J v1.5
chef,noun,A2,1,ליבה,1-2,,CEFR-J v1.5
chemical,adjective,A2,1,ליבה,1-2,,CEFR-J v1.5
chemist,noun,B1,2,ליבה מורחבת,2-3,,CEFR-J v1.5
chemistry,noun,B1,2,ליבה מורחבת,2-3,,CEFR-J v1.5
chemotherapy,noun,B2,3,הרחבה אקדמית,3,,CEFR-J v1.5
cheque,noun,A2,1,ליבה,1-2,,CEFR-J v1.5
cherish,verb,B1,2,ליבה מורחבת,2-3,,CEFR-J v1.5
cherished,adjective,B2,3,הרחבה אקדמית,3,,CEFR-J v1.5
cherry,noun,B2,3,הרחבה אקדמית,3,,CEFR-J v1.5
chess,noun,A2,1,ליבה,1-2,,CEFR-J v1.5
chest,noun,A2,1,ליבה,1-2,,CEFR-J v1.5
chest of drawers,noun,B1,2,ליבה מורחבת,2-3,,CEFR-J v1.5
chew,verb,B2,3,הרחבה אקדמית,3,,CEFR-J v1.5
chewing gum,noun,B1,2,ליבה מורחבת,2-3,,CEFR-J v1.5
chief,adjective,B1,2,ליבה מורחבת,2-3,,CEFR-J v1.5
childhood,noun,A2,1,ליבה,1-2,,CEFR-J v1.5
childish,adjective,B2,3,הרחבה אקדמית,3,,CEFR-J v1.5
chili/chilli,noun,A2,1,ליבה,1-2,,CEFR-J v1.5
chimney,noun,B2,3,הרחבה אקדמית,3,,CEFR-J v1.5
chimpanzee,noun,A2,1,ליבה,1-2,,CEFR-J v1.5
chin,noun,A2,1,ליבה,1-2,,CEFR-J v1.5
chip,noun,B2,3,הרחבה אקדמית,3,,CEFR-J v1.5
chirp,noun,A2,1,ליבה,1-2,,CEFR-J v1.5
choice,noun,A2,1,ליבה,1-2,,CEFR-J v1.5
choir,noun,B1,2,ליבה מורחבת,2-3,,CEFR-J v1.5
choke,verb,B1,2,ליבה מורחבת,2-3,,CEFR-J v1.5
chop,verb,B2,3,הרחבה אקדמית,3,,CEFR-J v1.5
Christian,adjective,B1,2,ליבה מורחבת,2-3,,CEFR-J v1.5
chronological,adjective,B1,2,ליבה מורחבת,2-3,,CEFR-J v1.5
chuckle,noun,B1,2,ליבה מורחבת,2-3,,CEFR-J v1.5
chunk,noun,B2,3,הרחבה אקדמית,3,,CEFR-J v1.5
cigarette,noun,A2,1,ליבה,1-2,,CEFR-J v1.5
circuit,noun,B2,3,הרחבה אקדמית,3,,CEFR-J v1.5
circuitry,noun,B2,3,הרחבה אקדמית,3,,CEFR-J v1.5
circular,adjective,B1,2,ליבה מורחבת,2-3,,CEFR-J v1.5
circumstance,noun,B2,3,הרחבה אקדמית,3,,CEFR-J v1.5
circus,noun,B1,2,ליבה מורחבת,2-3,,CEFR-J v1.5
citizen,noun,A2,1,ליבה,1-2,,CEFR-J v1.5
citizenship,noun,B1,2,ליבה מורחבת,2-3,,CEFR-J v1.5
citywide,adjective,B2,3,הרחבה אקדמית,3,,CEFR-J v1.5
civil,adjective,B1,2,ליבה מורחבת,2-3,,CEFR-J v1.5
civilization/civilisation,noun,B1,2,ליבה מורחבת,2-3,,CEFR-J v1.5
claim,verb,A2,1,ליבה,1-2,,CEFR-J v1.5
clam,noun,B2,3,הרחבה אקדמית,3,,CEFR-J v1.5
clap,verb,B2,3,הרחבה אקדמית,3,,CEFR-J v1.5
clarify,verb,B2,3,הרחבה אקדמית,3,,CEFR-J v1.5
classic,adjective,A2,1,ליבה,1-2,,CEFR-J v1.5
classical,adjective,B1,2,ליבה מורחבת,2-3,,CEFR-J v1.5
classical music,noun,A2,1,ליבה,1-2,,CEFR-J v1.5
classification,noun,B2,3,הרחבה אקדמית,3,,CEFR-J v1.5
classify,verb,B1,2,ליבה מורחבת,2-3,,CEFR-J v1.5
clause,noun,B2,3,הרחבה אקדמית,3,,CEFR-J v1.5
cleaner,noun,A2,1,ליבה,1-2,,CEFR-J v1.5
clear,adjective,A2,1,ליבה,1-2,,CEFR-J v1.5
clearly,adverb,A2,1,ליבה,1-2,,CEFR-J v1.5
clearness,noun,B2,3,הרחבה אקדמית,3,,CEFR-J v1.5
clerical,adjective,B2,3,הרחבה אקדמית,3,,CEFR-J v1.5
clerk,noun,A2,1,ליבה,1-2,,CEFR-J v1.5
click,verb,A2,1,ליבה,1-2,,CEFR-J v1.5
client,noun,B2,3,הרחבה אקדמית,3,,CEFR-J v1.5
cliff,noun,B1,2,ליבה מורחבת,2-3,,CEFR-J v1.5
climate,noun,B1,2,ליבה מורחבת,2-3,,CEFR-J v1.5
climate change,noun,B2,3,הרחבה אקדמית,3,,CEFR-J v1.5
climber,noun,B1,2,ליבה מורחבת,2-3,,CEFR-J v1.5
climbing,noun,A2,1,ליבה,1-2,,CEFR-J v1.5
clinic,noun,B1,2,ליבה מורחבת,2-3,,CEFR-J v1.5
clip,noun,B1,2,ליבה מורחבת,2-3,,CEFR-J v1.5
clog,verb,B2,3,הרחבה אקדמית,3,,CEFR-J v1.5
clone,verb,A2,1,ליבה,1-2,,CEFR-J v1.5
closely,adverb,B1,2,ליבה מורחבת,2-3,,CEFR-J v1.5
closure,noun,B2,3,הרחבה אקדמית,3,,CEFR-J v1.5
clothing,noun,B2,3,הרחבה אקדמית,3,,CEFR-J v1.5
clown,noun,A2,1,ליבה,1-2,,CEFR-J v1.5
clue,noun,A2,1,ליבה,1-2,,CEFR-J v1.5
clumsy,adjective,B2,3,הרחבה אקדמית,3,,CEFR-J v1.5
coaching,noun,B2,3,הרחבה אקדמית,3,,CEFR-J v1.5
coal,noun,B1,2,ליבה מורחבת,2-3,,CEFR-J v1.5
coalition,noun,B2,3,הרחבה אקדמית,3,,CEFR-J v1.5
coarse,adjective,B2,3,הרחבה אקדמית,3,,CEFR-J v1.5
coast,noun,A2,1,ליבה,1-2,,CEFR-J v1.5
coastal,adjective,B1,2,ליבה מורחבת,2-3,,CEFR-J v1.5
coastline,noun,B2,3,הרחבה אקדמית,3,,CEFR-J v1.5
cocktail,noun,B2,3,הרחבה אקדמית,3,,CEFR-J v1.5
cocoa,noun,B2,3,הרחבה אקדמית,3,,CEFR-J v1.5
coconut,noun,B2,3,הרחבה אקדמית,3,,CEFR-J v1.5
cod,noun,B1,2,ליבה מורחבת,2-3,,CEFR-J v1.5
coffin,noun,B1,2,ליבה מורחבת,2-3,,CEFR-J v1.5
coherence,noun,B2,3,הרחבה אקדמית,3,,CEFR-J v1.5
coherent,adjective,B2,3,הרחבה אקדמית,3,,CEFR-J v1.5
coin,noun,A2,1,ליבה,1-2,,CEFR-J v1.5
coincide,verb,B2,3,הרחבה אקדמית,3,,CEFR-J v1.5
coincidence,noun,B2,3,הרחבה אקדמית,3,,CEFR-J v1.5
cola,noun,A2,1,ליבה,1-2,,CEFR-J v1.5
collapse,noun,B1,2,ליבה מורחבת,2-3,,CEFR-J v1.5
collar,noun,B1,2,ליבה מורחבת,2-3,,CEFR-J v1.5
colleague,noun,B2,3,הרחבה אקדמית,3,,CEFR-J v1.5
collector,noun,B2,3,הרחבה אקדמית,3,,CEFR-J v1.5
collocation,noun,B2,3,הרחבה אקדמית,3,,CEFR-J v1.5
colon,noun,B2,3,הרחבה אקדמית,3,,CEFR-J v1.5
colonial,adjective,B2,3,הרחבה אקדמית,3,,CEFR-J v1.5
colorful/colourful,adjective,A2,1,ליבה,1-2,,CEFR-J v1.5
column,noun,A2,1,ליבה,1-2,,CEFR-J v1.5
columnist,noun,B1,2,ליבה מורחבת,2-3,,CEFR-J v1.5
coma,noun,B2,3,הרחבה אקדמית,3,,CEFR-J v1.5
comb,noun,A2,1,ליבה,1-2,,CEFR-J v1.5
combination,noun,B1,2,ליבה מורחבת,2-3,,CEFR-J v1.5
combine,verb,B1,2,ליבה מורחבת,2-3,,CEFR-J v1.5
comedian,noun,B1,2,ליבה מורחבת,2-3,,CEFR-J v1.5
comedy,noun,B1,2,ליבה מורחבת,2-3,,CEFR-J v1.5
comet,noun,B1,2,ליבה מורחבת,2-3,,CEFR-J v1.5
comfort,noun,B1,2,ליבה מורחבת,2-3,,CEFR-J v1.5
comfortable,adjective,A2,1,ליבה,1-2,,CEFR-J v1.5
comfortably,adverb,B2,3,הרחבה אקדמית,3,,CEFR-J v1.5
comic,adjective,A2,1,ליבה,1-2,,CEFR-J v1.5
comma,noun,B1,2,ליבה מורחבת,2-3,,CEFR-J v1.5
command,noun,B1,2,ליבה מורחבת,2-3,,CEFR-J v1.5
commander,noun,B2,3,הרחבה אקדמית,3,,CEFR-J v1.5
commemorate,verb,B2,3,הרחבה אקדמית,3,,CEFR-J v1.5
comment,noun,B1,2,ליבה מורחבת,2-3,,CEFR-J v1.5
commerce,noun,B2,3,הרחבה אקדמית,3,,CEFR-J v1.5
commercial,adjective,B1,2,ליבה מורחבת,2-3,,CEFR-J v1.5
commission,noun,B2,3,הרחבה אקדמית,3,,CEFR-J v1.5
commit,verb,B1,2,ליבה מורחבת,2-3,,CEFR-J v1.5
commitment,noun,A2,1,ליבה,1-2,,CEFR-J v1.5
committee,noun,A2,1,ליבה,1-2,,CEFR-J v1.5
common,adjective,A2,1,ליבה,1-2,,CEFR-J v1.5
common sense,noun,B1,2,ליבה מורחבת,2-3,,CEFR-J v1.5
commonly,adverb,B1,2,ליבה מורחבת,2-3,,CEFR-J v1.5
commonwealth,noun,B2,3,הרחבה אקדמית,3,,CEFR-J v1.5
communicate,verb,A2,1,ליבה,1-2,,CEFR-J v1.5
communication,noun,A2,1,ליבה,1-2,,CEFR-J v1.5
communicative,adjective,B2,3,הרחבה אקדמית,3,,CEFR-J v1.5
community,noun,B2,3,הרחבה אקדמית,3,,CEFR-J v1.5
commute,verb,B2,3,הרחבה אקדמית,3,,CEFR-J v1.5
companion,noun,B1,2,ליבה מורחבת,2-3,,CEFR-J v1.5
company,noun,A2,1,ליבה,1-2,,CEFR-J v1.5
comparative,noun,A2,1,ליבה,1-2,,CEFR-J v1.5
compare,verb,A2,1,ליבה,1-2,,CEFR-J v1.5
comparison,noun,B1,2,ליבה מורחבת,2-3,,CEFR-J v1.5
compassion,noun,B2,3,הרחבה אקדמית,3,,CEFR-J v1.5
compassionate,adjective,B2,3,הרחבה אקדמית,3,,CEFR-J v1.5
compatible,adjective,B2,3,הרחבה אקדמית,3,,CEFR-J v1.5
compensate,verb,B2,3,הרחבה אקדמית,3,,CEFR-J v1.5
compensation,noun,B2,3,הרחבה אקדמית,3,,CEFR-J v1.5
compete,verb,B1,2,ליבה מורחבת,2-3,,CEFR-J v1.5
competence,noun,B2,3,הרחבה אקדמית,3,,CEFR-J v1.5
competent,adjective,B2,3,הרחבה אקדמית,3,,CEFR-J v1.5
competition,noun,A2,1,ליבה,1-2,,CEFR-J v1.5
competitive,adjective,B1,2,ליבה מורחבת,2-3,,CEFR-J v1.5
competitor,noun,B1,2,ליבה מורחבת,2-3,,CEFR-J v1.5
compile,verb,B2,3,הרחבה אקדמית,3,,CEFR-J v1.5
complain,verb,A2,1,ליבה,1-2,,CEFR-J v1.5
complaint,noun,A2,1,ליבה,1-2,,CEFR-J v1.5
complement,noun,B1,2,ליבה מורחבת,2-3,,CEFR-J v1.5
complete,adjective,A2,1,ליבה,1-2,,CEFR-J v1.5
completely,adverb,B1,2,ליבה מורחבת,2-3,,CEFR-J v1.5
completion,noun,B2,3,הרחבה אקדמית,3,,CEFR-J v1.5
complex,adjective,B1,2,ליבה מורחבת,2-3,,CEFR-J v1.5
complexion,noun,B2,3,הרחבה אקדמית,3,,CEFR-J v1.5
complexity,noun,B2,3,הרחבה אקדמית,3,,CEFR-J v1.5
complicate,verb,B1,2,ליבה מורחבת,2-3,,CEFR-J v1.5
complicated,adjective,B1,2,ליבה מורחבת,2-3,,CEFR-J v1.5
compliment,noun,B1,2,ליבה מורחבת,2-3,,CEFR-J v1.5
component,noun,B2,3,הרחבה אקדמית,3,,CEFR-J v1.5
compose,verb,B1,2,ליבה מורחבת,2-3,,CEFR-J v1.5
composer,noun,A2,1,ליבה,1-2,,CEFR-J v1.5
composition,noun,B1,2,ליבה מורחבת,2-3,,CEFR-J v1.5
compound,noun,B1,2,ליבה מורחבת,2-3,,CEFR-J v1.5
comprehension,noun,B2,3,הרחבה אקדמית,3,,CEFR-J v1.5
comprehensive,adjective,B2,3,הרחבה אקדמית,3,,CEFR-J v1.5
compress,noun,B2,3,הרחבה אקדמית,3,,CEFR-J v1.5
compression,noun,B2,3,הרחבה אקדמית,3,,CEFR-J v1.5
compromise,noun,B1,2,ליבה מורחבת,2-3,,CEFR-J v1.5
compulsory,adjective,B2,3,הרחבה אקדמית,3,,CEFR-J v1.5
compute,verb,B2,3,הרחבה אקדמית,3,,CEFR-J v1.5
conceal,verb,B2,3,הרחבה אקדמית,3,,CEFR-J v1.5
concede,verb,B2,3,הרחבה אקדמית,3,,CEFR-J v1.5
conceit,noun,B2,3,הרחבה אקדמית,3,,CEFR-J v1.5
conceivable,adjective,B2,3,הרחבה אקדמית,3,,CEFR-J v1.5
conceive,verb,B2,3,הרחבה אקדמית,3,,CEFR-J v1.5
concentrate,verb,A2,1,ליבה,1-2,,CEFR-J v1.5
concentration,noun,B1,2,ליבה מורחבת,2-3,,CEFR-J v1.5
concept,noun,B1,2,ליבה מורחבת,2-3,,CEFR-J v1.5
conception,noun,B2,3,הרחבה אקדמית,3,,CEFR-J v1.5
concern,noun,A2,1,ליבה,1-2,,CEFR-J v1.5
concerned,adjective,B1,2,ליבה מורחבת,2-3,,CEFR-J v1.5
concerning,preposition,B2,3,הרחבה אקדמית,3,true,CEFR-J v1.5
concession,noun,B2,3,הרחבה אקדמית,3,,CEFR-J v1.5
conclude,verb,B1,2,ליבה מורחבת,2-3,,CEFR-J v1.5
conclusion,noun,B1,2,ליבה מורחבת,2-3,,CEFR-J v1.5
concrete,adjective,B2,3,הרחבה אקדמית,3,,CEFR-J v1.5
condemn,verb,B2,3,הרחבה אקדמית,3,,CEFR-J v1.5
condition,noun,A2,1,ליבה,1-2,,CEFR-J v1.5
conduct,noun,B1,2,ליבה מורחבת,2-3,,CEFR-J v1.5
conductor,noun,B2,3,הרחבה אקדמית,3,,CEFR-J v1.5
cone,noun,B2,3,הרחבה אקדמית,3,,CEFR-J v1.5
conference,noun,B2,3,הרחבה אקדמית,3,,CEFR-J v1.5
conferencing,noun,B2,3,הרחבה אקדמית,3,,CEFR-J v1.5
confess,verb,B2,3,הרחבה אקדמית,3,,CEFR-J v1.5
confession,noun,B2,3,הרחבה אקדמית,3,,CEFR-J v1.5
confidence,noun,B1,2,ליבה מורחבת,2-3,,CEFR-J v1.5
confident,adjective,A2,1,ליבה,1-2,,CEFR-J v1.5
confidently,adverb,B2,3,הרחבה אקדמית,3,,CEFR-J v1.5
confine,verb,B2,3,הרחבה אקדמית,3,,CEFR-J v1.5
confirm,verb,B1,2,ליבה מורחבת,2-3,,CEFR-J v1.5
confirmation,noun,B1,2,ליבה מורחבת,2-3,,CEFR-J v1.5
conflict,noun,B1,2,ליבה מורחבת,2-3,,CEFR-J v1.5
confront,verb,B2,3,הרחבה אקדמית,3,,CEFR-J v1.5
confuse,verb,A2,1,ליבה,1-2,,CEFR-J v1.5
confused,adjective,A2,1,ליבה,1-2,,CEFR-J v1.5
confusing,adjective,B1,2,ליבה מורחבת,2-3,,CEFR-J v1.5
confusion,noun,B1,2,ליבה מורחבת,2-3,,CEFR-J v1.5
congratulate,verb,B1,2,ליבה מורחבת,2-3,,CEFR-J v1.5
conjunction,noun,B2,3,הרחבה אקדמית,3,,CEFR-J v1.5
connect,verb,B1,2,ליבה מורחבת,2-3,,CEFR-J v1.5
connection/connexion,noun,B1,2,ליבה מורחבת,2-3,,CEFR-J v1.5
conquer,verb,B1,2,ליבה מורחבת,2-3,,CEFR-J v1.5
conquest,noun,B2,3,הרחבה אקדמית,3,,CEFR-J v1.5
conscience,noun,B2,3,הרחבה אקדמית,3,,CEFR-J v1.5
conscious,adjective,B1,2,ליבה מורחבת,2-3,,CEFR-J v1.5
consciousness,noun,B2,3,הרחבה אקדמית,3,,CEFR-J v1.5
consensus,noun,B2,3,הרחבה אקדמית,3,,CEFR-J v1.5
consent,noun,B2,3,הרחבה אקדמית,3,,CEFR-J v1.5
consequence,noun,A2,1,ליבה,1-2,,CEFR-J v1.5
consequently,adverb,B1,2,ליבה מורחבת,2-3,,CEFR-J v1.5
conservation,noun,B1,2,ליבה מורחבת,2-3,,CEFR-J v1.5
conservative,adjective,B1,2,ליבה מורחבת,2-3,,CEFR-J v1.5
consider,verb,A2,1,ליבה,1-2,,CEFR-J v1.5
considerable,adjective,B1,2,ליבה מורחבת,2-3,,CEFR-J v1.5
considerably,adverb,B2,3,הרחבה אקדמית,3,,CEFR-J v1.5
consideration,noun,B1,2,ליבה מורחבת,2-3,,CEFR-J v1.5
considering,conjunction,B2,3,הרחבה אקדמית,3,true,CEFR-J v1.5
consist,verb,A2,1,ליבה,1-2,,CEFR-J v1.5
consistent,adjective,B2,3,הרחבה אקדמית,3,,CEFR-J v1.5
consolation,noun,B2,3,הרחבה אקדמית,3,,CEFR-J v1.5
console,verb,B2,3,הרחבה אקדמית,3,,CEFR-J v1.5
consonant,noun,B1,2,ליבה מורחבת,2-3,,CEFR-J v1.5
constant,adjective,B2,3,הרחבה אקדמית,3,,CEFR-J v1.5
constantly,adverb,B1,2,ליבה מורחבת,2-3,,CEFR-J v1.5
constitute,verb,B1,2,ליבה מורחבת,2-3,,CEFR-J v1.5
constitution,noun,B1,2,ליבה מורחבת,2-3,,CEFR-J v1.5
construct,verb,B1,2,ליבה מורחבת,2-3,,CEFR-J v1.5
construction,noun,B1,2,ליבה מורחבת,2-3,,CEFR-J v1.5
consult,verb,B2,3,הרחבה אקדמית,3,,CEFR-J v1.5
consultant,noun,B2,3,הרחבה אקדמית,3,,CEFR-J v1.5
consume,verb,B1,2,ליבה מורחבת,2-3,,CEFR-J v1.5
consumer,noun,B1,2,ליבה מורחבת,2-3,,CEFR-J v1.5
consumption,noun,B1,2,ליבה מורחבת,2-3,,CEFR-J v1.5
contact,noun,A2,1,ליבה,1-2,,CEFR-J v1.5
contain,verb,B1,2,ליבה מורחבת,2-3,,CEFR-J v1.5
container,noun,A2,1,ליבה,1-2,,CEFR-J v1.5
contaminate,verb,B2,3,הרחבה אקדמית,3,,CEFR-J v1.5
contemporary,adjective,B2,3,הרחבה אקדמית,3,,CEFR-J v1.5
contempt,noun,B2,3,הרחבה אקדמית,3,,CEFR-J v1.5
content,noun,B1,2,ליבה מורחבת,2-3,,CEFR-J v1.5
context,noun,A2,1,ליבה,1-2,,CEFR-J v1.5
continent,noun,A2,1,ליבה,1-2,,CEFR-J v1.5
continual,adjective,B1,2,ליבה מורחבת,2-3,,CEFR-J v1.5
continually,adverb,B1,2,ליבה מורחבת,2-3,,CEFR-J v1.5
continue,verb,A2,1,ליבה,1-2,,CEFR-J v1.5
continuous,adjective,B1,2,ליבה מורחבת,2-3,,CEFR-J v1.5
continuously,adverb,B1,2,ליבה מורחבת,2-3,,CEFR-J v1.5
contract,noun,B2,3,הרחבה אקדמית,3,,CEFR-J v1.5
contradict,verb,B2,3,הרחבה אקדמית,3,,CEFR-J v1.5
contradiction,noun,B2,3,הרחבה אקדמית,3,,CEFR-J v1.5
contradictory,adjective,B2,3,הרחבה אקדמית,3,,CEFR-J v1.5
contrary,adjective,B1,2,ליבה מורחבת,2-3,,CEFR-J v1.5
contrast,noun,A2,1,ליבה,1-2,,CEFR-J v1.5
contribute,verb,B1,2,ליבה מורחבת,2-3,,CEFR-J v1.5
contribution,noun,B1,2,ליבה מורחבת,2-3,,CEFR-J v1.5
control,noun,A2,1,ליבה,1-2,,CEFR-J v1.5
controversial,adjective,B1,2,ליבה מורחבת,2-3,,CEFR-J v1.5
controversy,noun,B2,3,הרחבה אקדמית,3,,CEFR-J v1.5
convenience,noun,A2,1,ליבה,1-2,,CEFR-J v1.5
convenient,adjective,A2,1,ליבה,1-2,,CEFR-J v1.5
conveniently,adverb,B2,3,הרחבה אקדמית,3,,CEFR-J v1.5
convention,noun,B2,3,הרחבה אקדמית,3,,CEFR-J v1.5
conventional,adjective,B2,3,הרחבה אקדמית,3,,CEFR-J v1.5
converse,noun,B2,3,הרחבה אקדמית,3,,CEFR-J v1.5
conversely,adverb,B2,3,הרחבה אקדמית,3,,CEFR-J v1.5
conversion,noun,B2,3,הרחבה אקדמית,3,,CEFR-J v1.5
convert,verb,B2,3,הרחבה אקדמית,3,,CEFR-J v1.5
convey,verb,B1,2,ליבה מורחבת,2-3,,CEFR-J v1.5
convince,verb,B1,2,ליבה מורחבת,2-3,,CEFR-J v1.5
convinced,adjective,B2,3,הרחבה אקדמית,3,,CEFR-J v1.5
cooker,noun,A2,1,ליבה,1-2,,CEFR-J v1.5
cooking,noun,A2,1,ליבה,1-2,,CEFR-J v1.5
cooler,noun,A2,1,ליבה,1-2,,CEFR-J v1.5
cooperate,verb,B2,3,הרחבה אקדמית,3,,CEFR-J v1.5
cooperation,noun,B2,3,הרחבה אקדמית,3,,CEFR-J v1.5
cooperative,adjective,B2,3,הרחבה אקדמית,3,,CEFR-J v1.5
cope,verb,B2,3,הרחבה אקדמית,3,,CEFR-J v1.5
copper,noun,B2,3,הרחבה אקדמית,3,,CEFR-J v1.5
copyright,noun,B1,2,ליבה מורחבת,2-3,,CEFR-J v1.5
coral,noun,B2,3,הרחבה אקדמית,3,,CEFR-J v1.5
core,noun,B2,3,הרחבה אקדמית,3,,CEFR-J v1.5
cornerstone,noun,B2,3,הרחבה אקדמית,3,,CEFR-J v1.5
cornet,noun,B2,3,הרחבה אקדמית,3,,CEFR-J v1.5
corona,noun,B2,3,הרחבה אקדמית,3,,CEFR-J v1.5
corporal,adjective,B2,3,הרחבה אקדמית,3,,CEFR-J v1.5
corporate,adjective,B2,3,הרחבה אקדמית,3,,CEFR-J v1.5
corporation,noun,B2,3,הרחבה אקדמית,3,,CEFR-J v1.5
correction,noun,B1,2,ליבה מורחבת,2-3,,CEFR-J v1.5
correctly,adverb,A2,1,ליבה,1-2,,CEFR-J v1.5
correctness,noun,B2,3,הרחבה אקדמית,3,,CEFR-J v1.5
correspond,verb,B2,3,הרחבה אקדמית,3,,CEFR-J v1.5
correspondence,noun,B2,3,הרחבה אקדמית,3,,CEFR-J v1.5
correspondent,noun,B2,3,הרחבה אקדמית,3,,CEFR-J v1.5
corresponding,adjective,B2,3,הרחבה אקדמית,3,,CEFR-J v1.5
corridor,noun,B2,3,הרחבה אקדמית,3,,CEFR-J v1.5
corrupt,adjective,B2,3,הרחבה אקדמית,3,,CEFR-J v1.5
corruption,noun,B2,3,הרחבה אקדמית,3,,CEFR-J v1.5
cost,noun,A2,1,ליבה,1-2,,CEFR-J v1.5
costly,adjective,B2,3,הרחבה אקדמית,3,,CEFR-J v1.5
costume,noun,B2,3,הרחבה אקדמית,3,,CEFR-J v1.5
cottage,noun,B2,3,הרחבה אקדמית,3,,CEFR-J v1.5
cotton,noun,B1,2,ליבה מורחבת,2-3,,CEFR-J v1.5
cough,verb,B1,2,ליבה מורחבת,2-3,,CEFR-J v1.5
council,noun,B1,2,ליבה מורחבת,2-3,,CEFR-J v1.5
counseling/counselling,noun,B1,2,ליבה מורחבת,2-3,,CEFR-J v1.5
count,verb,A2,1,ליבה,1-2,,CEFR-J v1.5
counter,verb,B1,2,ליבה מורחבת,2-3,,CEFR-J v1.5
countless,adjective,B1,2,ליבה מורחבת,2-3,,CEFR-J v1.5
country,noun,A2,1,ליבה,1-2,,CEFR-J v1.5
countryman,noun,B2,3,הרחבה אקדמית,3,,CEFR-J v1.5
countryside,noun,A2,1,ליבה,1-2,,CEFR-J v1.5
countrywide,adjective,B2,3,הרחבה אקדמית,3,,CEFR-J v1.5
county,noun,B1,2,ליבה מורחבת,2-3,,CEFR-J v1.5
couple,noun,A2,1,ליבה,1-2,,CEFR-J v1.5
courage,noun,B1,2,ליבה מורחבת,2-3,,CEFR-J v1.5
courageous,adjective,B1,2,ליבה מורחבת,2-3,,CEFR-J v1.5
courgette,noun,B1,2,ליבה מורחבת,2-3,,CEFR-J v1.5
court,noun,A2,1,ליבה,1-2,,CEFR-J v1.5
courtesy,noun,B2,3,הרחבה אקדמית,3,,CEFR-J v1.5
coward,noun,B2,3,הרחבה אקדמית,3,,CEFR-J v1.5
cowardly,adjective,B2,3,הרחבה אקדמית,3,,CEFR-J v1.5
coziness/cosiness,noun,B2,3,הרחבה אקדמית,3,,CEFR-J v1.5
cozy/cosy,adjective,B2,3,הרחבה אקדמית,3,,CEFR-J v1.5
crab,noun,B2,3,הרחבה אקדמית,3,,CEFR-J v1.5
crack,noun,B2,3,הרחבה אקדמית,3,,CEFR-J v1.5
craft,noun,B1,2,ליבה מורחבת,2-3,,CEFR-J v1.5
craftsman,noun,B2,3,הרחבה אקדמית,3,,CEFR-J v1.5
crash,noun,B1,2,ליבה מורחבת,2-3,,CEFR-J v1.5
crater,noun,B2,3,הרחבה אקדמית,3,,CEFR-J v1.5
crawl,verb,B2,3,הרחבה אקדמית,3,,CEFR-J v1.5
crazy,adjective,A2,1,ליבה,1-2,,CEFR-J v1.5
crease,noun,B2,3,הרחבה אקדמית,3,,CEFR-J v1.5
create,verb,A2,1,ליבה,1-2,,CEFR-J v1.5
creation,noun,B2,3,הרחבה אקדמית,3,,CEFR-J v1.5
creative,adjective,A2,1,ליבה,1-2,,CEFR-J v1.5
creatively,adverb,B2,3,הרחבה אקדמית,3,,CEFR-J v1.5
creativity,noun,A2,1,ליבה,1-2,,CEFR-J v1.5
creator,noun,B1,2,ליבה מורחבת,2-3,,CEFR-J v1.5
creature,noun,A2,1,ליבה,1-2,,CEFR-J v1.5
credit,noun,A2,1,ליבה,1-2,,CEFR-J v1.5
creek,noun,B2,3,הרחבה אקדמית,3,,CEFR-J v1.5
creepy,adjective,B2,3,הרחבה אקדמית,3,,CEFR-J v1.5
crew,noun,B2,3,הרחבה אקדמית,3,,CEFR-J v1.5
cricket,noun,A2,1,ליבה,1-2,,CEFR-J v1.5
crime,noun,A2,1,ליבה,1-2,,CEFR-J v1.5
criminal,noun,B1,2,ליבה מורחבת,2-3,,CEFR-J v1.5
cripple,noun,B2,3,הרחבה אקדמית,3,,CEFR-J v1.5
crisis,noun,B1,2,ליבה מורחבת,2-3,,CEFR-J v1.5
crisp,noun,A2,1,ליבה,1-2,,CEFR-J v1.5
critic,noun,B1,2,ליבה מורחבת,2-3,,CEFR-J v1.5
critical,adjective,B1,2,ליבה מורחבת,2-3,,CEFR-J v1.5
critically,adverb,B2,3,הרחבה אקדמית,3,,CEFR-J v1.5
criticism,noun,B2,3,הרחבה אקדמית,3,,CEFR-J v1.5
criticize/criticise,verb,A2,1,ליבה,1-2,,CEFR-J v1.5
crocodile,noun,B2,3,הרחבה אקדמית,3,,CEFR-J v1.5
crop,noun,B1,2,ליבה מורחבת,2-3,,CEFR-J v1.5
cross,noun,A2,1,ליבה,1-2,,CEFR-J v1.5
crossing,noun,B1,2,ליבה מורחבת,2-3,,CEFR-J v1.5
crossly,adverb,B2,3,הרחבה אקדמית,3,,CEFR-J v1.5
crossroads,noun,B1,2,ליבה מורחבת,2-3,,CEFR-J v1.5
crow,noun,B1,2,ליבה מורחבת,2-3,,CEFR-J v1.5
crowd,noun,A2,1,ליבה,1-2,,CEFR-J v1.5
crowded,adjective,A2,1,ליבה,1-2,,CEFR-J v1.5
crown,noun,A2,1,ליבה,1-2,,CEFR-J v1.5
crucial,adjective,B2,3,הרחבה אקדמית,3,,CEFR-J v1.5
cruel,adjective,B1,2,ליבה מורחבת,2-3,,CEFR-J v1.5
cruelly,adverb,B2,3,הרחבה אקדמית,3,,CEFR-J v1.5
cruelty,noun,B2,3,הרחבה אקדמית,3,,CEFR-J v1.5
cruise,noun,A2,1,ליבה,1-2,,CEFR-J v1.5
crush,noun,B1,2,ליבה מורחבת,2-3,,CEFR-J v1.5
crystallize/crystallise,verb,B2,3,הרחבה אקדמית,3,,CEFR-J v1.5
cube,noun,B2,3,הרחבה אקדמית,3,,CEFR-J v1.5
cubism,noun,B2,3,הרחבה אקדמית,3,,CEFR-J v1.5
cucumber,noun,B1,2,ליבה מורחבת,2-3,,CEFR-J v1.5
cuff,noun,B2,3,הרחבה אקדמית,3,,CEFR-J v1.5
culmination,noun,B2,3,הרחבה אקדמית,3,,CEFR-J v1.5
cultivate,verb,B1,2,ליבה מורחבת,2-3,,CEFR-J v1.5
cultural,adjective,B1,2,ליבה מורחבת,2-3,,CEFR-J v1.5
culturally,adverb,B2,3,הרחבה אקדמית,3,,CEFR-J v1.5
cupboard,noun,A2,1,ליבה,1-2,,CEFR-J v1.5
cure,noun,B1,2,ליבה מורחבת,2-3,,CEFR-J v1.5
curiosity,noun,B1,2,ליבה מורחבת,2-3,,CEFR-J v1.5
curious,adjective,B1,2,ליבה מורחבת,2-3,,CEFR-J v1.5
curiously,adverb,B1,2,ליבה מורחבת,2-3,,CEFR-J v1.5
curl,noun,B2,3,הרחבה אקדמית,3,,CEFR-J v1.5
curly,adjective,B1,2,ליבה מורחבת,2-3,,CEFR-J v1.5
currency,noun,B1,2,ליבה מורחבת,2-3,,CEFR-J v1.5
current,adjective,B1,2,ליבה מורחבת,2-3,,CEFR-J v1.5
currently,adverb,B1,2,ליבה מורחבת,2-3,,CEFR-J v1.5
curriculum,noun,B1,2,ליבה מורחבת,2-3,,CEFR-J v1.5
curry,noun,A2,1,ליבה,1-2,,CEFR-J v1.5
curse,noun,A2,1,ליבה,1-2,,CEFR-J v1.5
cursor,noun,B2,3,הרחבה אקדמית,3,,CEFR-J v1.5
curtain,noun,B1,2,ליבה מורחבת,2-3,,CEFR-J v1.5
curve,noun,B1,2,ליבה מורחבת,2-3,,CEFR-J v1.5
cushion,noun,B1,2,ליבה מורחבת,2-3,,CEFR-J v1.5
custom,noun,A2,1,ליבה,1-2,,CEFR-J v1.5
customer,noun,A2,1,ליבה,1-2,,CEFR-J v1.5
customs,noun,B1,2,ליבה מורחבת,2-3,,CEFR-J v1.5
CV,noun,B1,2,ליבה מורחבת,2-3,,CEFR-J v1.5
cyberaddict,noun,B2,3,הרחבה אקדמית,3,,CEFR-J v1.5
cybercafe/cybercafé,noun,B2,3,הרחבה אקדמית,3,,CEFR-J v1.5
cybercrime,noun,B2,3,הרחבה אקדמית,3,,CEFR-J v1.5
cyberpet,noun,B2,3,הרחבה אקדמית,3,,CEFR-J v1.5
cyberschool,noun,B2,3,הרחבה אקדמית,3,,CEFR-J v1.5
cyberspace,noun,B2,3,הרחבה אקדמית,3,,CEFR-J v1.5
cycle,noun,B1,2,ליבה מורחבת,2-3,,CEFR-J v1.5
cycling,noun,A2,1,ליבה,1-2,,CEFR-J v1.5
cyclist,noun,B2,3,הרחבה אקדמית,3,,CEFR-J v1.5
daft,adjective,B2,3,הרחבה אקדמית,3,,CEFR-J v1.5
daily,adjective,A2,1,ליבה,1-2,,CEFR-J v1.5
daisy,noun,B1,2,ליבה מורחבת,2-3,,CEFR-J v1.5
dam,noun,A2,1,ליבה,1-2,,CEFR-J v1.5
damage,noun,B1,2,ליבה מורחבת,2-3,,CEFR-J v1.5
damaged,adjective,B1,2,ליבה מורחבת,2-3,,CEFR-J v1.5
damn,adjective,B2,3,הרחבה אקדמית,3,,CEFR-J v1.5
damp,adjective,B1,2,ליבה מורחבת,2-3,,CEFR-J v1.5
dancer,noun,A2,1,ליבה,1-2,,CEFR-J v1.5
dandelion,noun,B2,3,הרחבה אקדמית,3,,CEFR-J v1.5
danger,noun,A2,1,ליבה,1-2,,CEFR-J v1.5
dangerous,adjective,A2,1,ליבה,1-2,,CEFR-J v1.5
dangerously,adverb,B1,2,ליבה מורחבת,2-3,,CEFR-J v1.5
dare,verb,B1,2,ליבה מורחבת,2-3,,CEFR-J v1.5
darkness,noun,B1,2,ליבה מורחבת,2-3,,CEFR-J v1.5
darling,adjective,B2,3,הרחבה אקדמית,3,,CEFR-J v1.5
dash,noun,B2,3,הרחבה אקדמית,3,,CEFR-J v1.5
data,noun,B2,3,הרחבה אקדמית,3,,CEFR-J v1.5
database,noun,B2,3,הרחבה אקדמית,3,,CEFR-J v1.5
dated,adjective,B2,3,הרחבה אקדמית,3,,CEFR-J v1.5
dating,noun,B1,2,ליבה מורחבת,2-3,,CEFR-J v1.5
daughter-in-law,noun,B2,3,הרחבה אקדמית,3,,CEFR-J v1.5
dawn,noun,B2,3,הרחבה אקדמית,3,,CEFR-J v1.5
daylight,noun,A2,1,ליבה,1-2,,CEFR-J v1.5
daytime,noun,B2,3,הרחבה אקדמית,3,,CEFR-J v1.5
daze,noun,B1,2,ליבה מורחבת,2-3,,CEFR-J v1.5
dazzle,noun,B1,2,ליבה מורחבת,2-3,,CEFR-J v1.5
de facto,adjective,B2,3,הרחבה אקדמית,3,,CEFR-J v1.5
dead,adjective,A2,1,ליבה,1-2,,CEFR-J v1.5
deadline,noun,B1,2,ליבה מורחבת,2-3,,CEFR-J v1.5
deadly,adjective,B1,2,ליבה מורחבת,2-3,,CEFR-J v1.5
deaf,adjective,B1,2,ליבה מורחבת,2-3,,CEFR-J v1.5
deal,noun,A2,1,ליבה,1-2,,CEFR-J v1.5
dealer,noun,B1,2,ליבה מורחבת,2-3,,CEFR-J v1.5
dearly,adverb,B2,3,הרחבה אקדמית,3,,CEFR-J v1.5
death,noun,A2,1,ליבה,1-2,,CEFR-J v1.5
debate,noun,A2,1,ליבה,1-2,,CEFR-J v1.5
debit,noun,B2,3,הרחבה אקדמית,3,,CEFR-J v1.5
debit card,noun,B2,3,הרחבה אקדמית,3,,CEFR-J v1.5
debris,noun,B1,2,ליבה מורחבת,2-3,,CEFR-J v1.5
debt,noun,B1,2,ליבה מורחבת,2-3,,CEFR-J v1.5
decade,noun,B2,3,הרחבה אקדמית,3,,CEFR-J v1.5
decay,verb,B2,3,הרחבה אקדמית,3,,CEFR-J v1.5
deceive,verb,B2,3,הרחבה אקדמית,3,,CEFR-J v1.5
decent,adjective,B2,3,הרחבה אקדמית,3,,CEFR-J v1.5
deceptive,adjective,B2,3,הרחבה אקדמית,3,,CEFR-J v1.5
decide,verb,A2,1,ליבה,1-2,,CEFR-J v1.5
decision,noun,B1,2,ליבה מורחבת,2-3,,CEFR-J v1.5
decisive,adjective,B2,3,הרחבה אקדמית,3,,CEFR-J v1.5
deck,noun,B2,3,הרחבה אקדמית,3,,CEFR-J v1.5
declaration,noun,B1,2,ליבה מורחבת,2-3,,CEFR-J v1.5
declare,verb,B1,2,ליבה מורחבת,2-3,,CEFR-J v1.5
decline,noun,B1,2,ליבה מורחבת,2-3,,CEFR-J v1.5
decomposition,noun,B2,3,הרחבה אקדמית,3,,CEFR-J v1.5
decorate,verb,B2,3,הרחבה אקדמית,3,,CEFR-J v1.5
decoration,noun,B2,3,הרחבה אקדמית,3,,CEFR-J v1.5
decorative,adjective,B2,3,הרחבה אקדמית,3,,CEFR-J v1.5
decrease,noun,B1,2,ליבה מורחבת,2-3,,CEFR-J v1.5
dedicate,verb,B1,2,ליבה מורחבת,2-3,,CEFR-J v1.5
dedication,noun,B2,3,הרחבה אקדמית,3,,CEFR-J v1.5
deduce,verb,B2,3,הרחבה אקדמית,3,,CEFR-J v1.5
deduction,noun,B2,3,הרחבה אקדמית,3,,CEFR-J v1.5
deed,noun,B1,2,ליבה מורחבת,2-3,,CEFR-J v1.5
deem,verb,B2,3,הרחבה אקדמית,3,,CEFR-J v1.5
deep,adverb,A2,1,ליבה,1-2,,CEFR-J v1.5
deeply,adverb,A2,1,ליבה,1-2,,CEFR-J v1.5
deer,noun,B2,3,הרחבה אקדמית,3,,CEFR-J v1.5
defeat,verb,B1,2,ליבה מורחבת,2-3,,CEFR-J v1.5
defend,verb,B1,2,ליבה מורחבת,2-3,,CEFR-J v1.5
defender,noun,B1,2,ליבה מורחבת,2-3,,CEFR-J v1.5
defense/defence,noun,B1,2,ליבה מורחבת,2-3,,CEFR-J v1.5
deficiency,noun,B1,2,ליבה מורחבת,2-3,,CEFR-J v1.5
deficit,noun,B2,3,הרחבה אקדמית,3,,CEFR-J v1.5
define,verb,B1,2,ליבה מורחבת,2-3,,CEFR-J v1.5
definite,adjective,B1,2,ליבה מורחבת,2-3,,CEFR-J v1.5
definite article,noun,B1,2,ליבה מורחבת,2-3,,CEFR-J v1.5
definitely,adverb,B1,2,ליבה מורחבת,2-3,,CEFR-J v1.5
definition,noun,B1,2,ליבה מורחבת,2-3,,CEFR-J v1.5
deforestation,noun,B2,3,הרחבה אקדמית,3,,CEFR-J v1.5
defy,verb,B2,3,הרחבה אקדמית,3,,CEFR-J v1.5
degree,noun,A2,1,ליבה,1-2,,CEFR-J v1.5
dehumanize/dehumanise,verb,B2,3,הרחבה אקדמית,3,,CEFR-J v1.5
delay,noun,A2,1,ליבה,1-2,,CEFR-J v1.5
delegate,noun,B2,3,הרחבה אקדמית,3,,CEFR-J v1.5
delete,verb,B1,2,ליבה מורחבת,2-3,,CEFR-J v1.5
deliberate,adjective,B2,3,הרחבה אקדמית,3,,CEFR-J v1.5
deliberately,adverb,B2,3,הרחבה אקדמית,3,,CEFR-J v1.5
delicacy,noun,B2,3,הרחבה אקדמית,3,,CEFR-J v1.5
delicate,adjective,B1,2,ליבה מורחבת,2-3,,CEFR-J v1.5
delicately,adverb,B2,3,הרחבה אקדמית,3,,CEFR-J v1.5
delight,noun,B1,2,ליבה מורחבת,2-3,,CEFR-J v1.5
delighted,adjective,B1,2,ליבה מורחבת,2-3,,CEFR-J v1.5
delightful,adjective,B1,2,ליבה מורחבת,2-3,,CEFR-J v1.5
deliver,verb,B1,2,ליבה מורחבת,2-3,,CEFR-J v1.5
delivery,noun,B1,2,ליבה מורחבת,2-3,,CEFR-J v1.5
demand,noun,B1,2,ליבה מורחבת,2-3,,CEFR-J v1.5
demanding,adjective,B2,3,הרחבה אקדמית,3,,CEFR-J v1.5
democracy,noun,B1,2,ליבה מורחבת,2-3,,CEFR-J v1.5
democratic,adjective,B1,2,ליבה מורחבת,2-3,,CEFR-J v1.5
demolish,verb,B2,3,הרחבה אקדמית,3,,CEFR-J v1.5
demonstrate,verb,B1,2,ליבה מורחבת,2-3,,CEFR-J v1.5
demonstration,noun,B1,2,ליבה מורחבת,2-3,,CEFR-J v1.5
denim,noun,B2,3,הרחבה אקדמית,3,,CEFR-J v1.5
dense,adjective,B2,3,הרחבה אקדמית,3,,CEFR-J v1.5
densely,adverb,B2,3,הרחבה אקדמית,3,,CEFR-J v1.5
dental,adjective,B2,3,הרחבה אקדמית,3,,CEFR-J v1.5
dentist,noun,A2,1,ליבה,1-2,,CEFR-J v1.5
deny,verb,B1,2,ליבה מורחבת,2-3,,CEFR-J v1.5
depart,verb,B1,2,ליבה מורחבת,2-3,,CEFR-J v1.5
department,noun,B1,2,ליבה מורחבת,2-3,,CEFR-J v1.5
department store,noun,A2,1,ליבה,1-2,,CEFR-J v1.5
departure,noun,B1,2,ליבה מורחבת,2-3,,CEFR-J v1.5
depend,verb,A2,1,ליבה,1-2,,CEFR-J v1.5
dependable,adjective,B2,3,הרחבה אקדמית,3,,CEFR-J v1.5
dependent,adjective,B1,2,ליבה מורחבת,2-3,,CEFR-J v1.5
deposit,noun,B1,2,ליבה מורחבת,2-3,,CEFR-J v1.5
depressed,adjective,B1,2,ליבה מורחבת,2-3,,CEFR-J v1.5
depressing,adjective,B1,2,ליבה מורחבת,2-3,,CEFR-J v1.5
depression,noun,B1,2,ליבה מורחבת,2-3,,CEFR-J v1.5
deprive,verb,B1,2,ליבה מורחבת,2-3,,CEFR-J v1.5
depth,noun,B1,2,ליבה מורחבת,2-3,,CEFR-J v1.5
deputy,noun,B2,3,הרחבה אקדמית,3,,CEFR-J v1.5
derive,verb,B1,2,ליבה מורחבת,2-3,,CEFR-J v1.5
descend,verb,B2,3,הרחבה אקדמית,3,,CEFR-J v1.5
description,noun,A2,1,ליבה,1-2,,CEFR-J v1.5
descriptive,adjective,B2,3,הרחבה אקדמית,3,,CEFR-J v1.5
desert,noun,A2,1,ליבה,1-2,,CEFR-J v1.5
deserve,verb,B1,2,ליבה מורחבת,2-3,,CEFR-J v1.5
designer,noun,B1,2,ליבה מורחבת,2-3,,CEFR-J v1.5
desirable,adjective,B2,3,הרחבה אקדמית,3,,CEFR-J v1.5
desire,noun,B1,2,ליבה מורחבת,2-3,,CEFR-J v1.5
desktop,noun,B2,3,הרחבה אקדמית,3,,CEFR-J v1.5
desolation,noun,B2,3,הרחבה אקדמית,3,,CEFR-J v1.5
despair,noun,B1,2,ליבה מורחבת,2-3,,CEFR-J v1.5
desperate,adjective,B1,2,ליבה מורחבת,2-3,,CEFR-J v1.5
desperately,adverb,B2,3,הרחבה אקדמית,3,,CEFR-J v1.5
desperation,noun,B2,3,הרחבה אקדמית,3,,CEFR-J v1.5
despise,verb,B2,3,הרחבה אקדמית,3,,CEFR-J v1.5
despite,preposition,B1,2,ליבה מורחבת,2-3,true,CEFR-J v1.5
dessert,noun,A2,1,ליבה,1-2,,CEFR-J v1.5
destination,noun,B1,2,ליבה מורחבת,2-3,,CEFR-J v1.5
destiny,noun,B2,3,הרחבה אקדמית,3,,CEFR-J v1.5
destroy,verb,A2,1,ליבה,1-2,,CEFR-J v1.5
destruction,noun,B1,2,ליבה מורחבת,2-3,,CEFR-J v1.5
destructive,adjective,B1,2,ליבה מורחבת,2-3,,CEFR-J v1.5
detach,verb,B2,3,הרחבה אקדמית,3,,CEFR-J v1.5
detachment,noun,B2,3,הרחבה אקדמית,3,,CEFR-J v1.5
detail,noun,A2,1,ליבה,1-2,,CEFR-J v1.5
detailed,adjective,B2,3,הרחבה אקדמית,3,,CEFR-J v1.5
detect,verb,B2,3,הרחבה אקדמית,3,,CEFR-J v1.5
detective,noun,B1,2,ליבה מורחבת,2-3,,CEFR-J v1.5
determination,noun,B1,2,ליבה מורחבת,2-3,,CEFR-J v1.5
determine,verb,B1,2,ליבה מורחבת,2-3,,CEFR-J v1.5
determined,adjective,B2,3,הרחבה אקדמית,3,,CEFR-J v1.5
determiner,noun,B2,3,הרחבה אקדמית,3,,CEFR-J v1.5
devastate,verb,B1,2,ליבה מורחבת,2-3,,CEFR-J v1.5
devastating,adjective,B1,2,ליבה מורחבת,2-3,,CEFR-J v1.5
develop,verb,A2,1,ליבה,1-2,,CEFR-J v1.5
developed,adjective,A2,1,ליבה,1-2,,CEFR-J v1.5
developing,adjective,B2,3,הרחבה אקדמית,3,,CEFR-J v1.5
development,noun,B1,2,ליבה מורחבת,2-3,,CEFR-J v1.5
device,noun,B1,2,ליבה מורחבת,2-3,,CEFR-J v1.5
devil,noun,B2,3,הרחבה אקדמית,3,,CEFR-J v1.5
devote,verb,B2,3,הרחבה אקדמית,3,,CEFR-J v1.5
devoted,adjective,B2,3,הרחבה אקדמית,3,,CEFR-J v1.5
devotion,noun,B1,2,ליבה מורחבת,2-3,,CEFR-J v1.5
diagram,noun,B1,2,ליבה מורחבת,2-3,,CEFR-J v1.5
dial,noun,B1,2,ליבה מורחבת,2-3,,CEFR-J v1.5
dialog/dialogue,noun,B1,2,ליבה מורחבת,2-3,,CEFR-J v1.5
diameter,noun,B1,2,ליבה מורחבת,2-3,,CEFR-J v1.5
diamond,noun,A2,1,ליבה,1-2,,CEFR-J v1.5
diaper,noun,B1,2,ליבה מורחבת,2-3,,CEFR-J v1.5
diarrhea/diarrhoea,noun,B2,3,הרחבה אקדמית,3,,CEFR-J v1.5
diary,noun,A2,1,ליבה,1-2,,CEFR-J v1.5
dictator,noun,B2,3,הרחבה אקדמית,3,,CEFR-J v1.5
die,verb,A2,1,ליבה,1-2,,CEFR-J v1.5
diet,noun,A2,1,ליבה,1-2,,CEFR-J v1.5
differ,verb,B1,2,ליבה מורחבת,2-3,,CEFR-J v1.5
differently,adverb,A2,1,ליבה,1-2,,CEFR-J v1.5
difficulty,noun,A2,1,ליבה,1-2,,CEFR-J v1.5
digest,noun,B2,3,הרחבה אקדמית,3,,CEFR-J v1.5
digital,adjective,B1,2,ליבה מורחבת,2-3,,CEFR-J v1.5
digital camera,noun,A2,1,ליבה,1-2,,CEFR-J v1.5
dignify,verb,B2,3,הרחבה אקדמית,3,,CEFR-J v1.5
dignity,noun,B2,3,הרחבה אקדמית,3,,CEFR-J v1.5
dilemma,noun,B2,3,הרחבה אקדמית,3,,CEFR-J v1.5
diligence,noun,B1,2,ליבה מורחבת,2-3,,CEFR-J v1.5
diligent,adjective,B1,2,ליבה מורחבת,2-3,,CEFR-J v1.5
dim,adjective,B2,3,הרחבה אקדמית,3,,CEFR-J v1.5
dime,noun,B2,3,הרחבה אקדמית,3,,CEFR-J v1.5
dimension,noun,B2,3,הרחבה אקדמית,3,,CEFR-J v1.5
dinosaur,noun,A2,1,ליבה,1-2,,CEFR-J v1.5
dioxide,noun,B1,2,ליבה מורחבת,2-3,,CEFR-J v1.5
dip,verb,B2,3,הרחבה אקדמית,3,,CEFR-J v1.5
diphtheria,noun,B2,3,הרחבה אקדמית,3,,CEFR-J v1.5
diploma,noun,B2,3,הרחבה אקדמית,3,,CEFR-J v1.5
diplomat,noun,B2,3,הרחבה אקדמית,3,,CEFR-J v1.5
direct,adjective,A2,1,ליבה,1-2,,CEFR-J v1.5
direction,noun,A2,1,ליבה,1-2,,CEFR-J v1.5
directly,adverb,B1,2,ליבה מורחבת,2-3,,CEFR-J v1.5
director,noun,A2,1,ליבה,1-2,,CEFR-J v1.5
dirt,noun,B1,2,ליבה מורחבת,2-3,,CEFR-J v1.5
disability,noun,B1,2,ליבה מורחבת,2-3,,CEFR-J v1.5
disable,verb,B1,2,ליבה מורחבת,2-3,,CEFR-J v1.5
disabled,adjective,B1,2,ליבה מורחבת,2-3,,CEFR-J v1.5
disadvantage,noun,A2,1,ליבה,1-2,,CEFR-J v1.5
disagree,verb,A2,1,ליבה,1-2,,CEFR-J v1.5
disagreement,noun,B1,2,ליבה מורחבת,2-3,,CEFR-J v1.5
disappear,verb,A2,1,ליבה,1-2,,CEFR-J v1.5
disappearance,noun,B2,3,הרחבה אקדמית,3,,CEFR-J v1.5
disappoint,verb,B1,2,ליבה מורחבת,2-3,,CEFR-J v1.5
disappointed,adjective,A2,1,ליבה,1-2,,CEFR-J v1.5
disappointing,adjective,A2,1,ליבה,1-2,,CEFR-J v1.5
disappointment,noun,B1,2,ליבה מורחבת,2-3,,CEFR-J v1.5
disapproval,noun,B2,3,הרחבה אקדמית,3,,CEFR-J v1.5
disapprove,verb,B2,3,הרחבה אקדמית,3,,CEFR-J v1.5
disaster,noun,B1,2,ליבה מורחבת,2-3,,CEFR-J v1.5
disastrous,adjective,B1,2,ליבה מורחבת,2-3,,CEFR-J v1.5
disc jockey/disk jockey,noun,B1,2,ליבה מורחבת,2-3,,CEFR-J v1.5
discharge,noun,B2,3,הרחבה אקדמית,3,,CEFR-J v1.5
disciple,noun,B2,3,הרחבה אקדמית,3,,CEFR-J v1.5
discipline,noun,B2,3,הרחבה אקדמית,3,,CEFR-J v1.5
disco,noun,A2,1,ליבה,1-2,,CEFR-J v1.5
discomfort,noun,B1,2,ליבה מורחבת,2-3,,CEFR-J v1.5
disconnect,verb,B2,3,הרחבה אקדמית,3,,CEFR-J v1.5
discount,noun,B1,2,ליבה מורחבת,2-3,,CEFR-J v1.5
discourage,verb,B1,2,ליבה מורחבת,2-3,,CEFR-J v1.5
discover,verb,A2,1,ליבה,1-2,,CEFR-J v1.5
discovery,noun,B1,2,ליבה מורחבת,2-3,,CEFR-J v1.5
discredit,verb,B2,3,הרחבה אקדמית,3,,CEFR-J v1.5
discriminate,verb,B2,3,הרחבה אקדמית,3,,CEFR-J v1.5
discrimination,noun,B1,2,ליבה מורחבת,2-3,,CEFR-J v1.5
discussion,noun,A2,1,ליבה,1-2,,CEFR-J v1.5
disease,noun,B1,2,ליבה מורחבת,2-3,,CEFR-J v1.5
disgrace,noun,B2,3,הרחבה אקדמית,3,,CEFR-J v1.5
disguise,noun,B2,3,הרחבה אקדמית,3,,CEFR-J v1.5
disgusting,adjective,B1,2,ליבה מורחבת,2-3,,CEFR-J v1.5
dishonest,adjective,A2,1,ליבה,1-2,,CEFR-J v1.5
dishonesty,noun,B2,3,הרחבה אקדמית,3,,CEFR-J v1.5
dishwasher,noun,B1,2,ליבה מורחבת,2-3,,CEFR-J v1.5
disillusion,verb,B2,3,הרחבה אקדמית,3,,CEFR-J v1.5
disk/disc,noun,B1,2,ליבה מורחבת,2-3,,CEFR-J v1.5
dislike,noun,A2,1,ליבה,1-2,,CEFR-J v1.5
dismiss,verb,B2,3,הרחבה אקדמית,3,,CEFR-J v1.5
disorder,noun,B2,3,הרחבה אקדמית,3,,CEFR-J v1.5
disorderly,adjective,B2,3,הרחבה אקדמית,3,,CEFR-J v1.5
disorganized/disorganised,adjective,B2,3,הרחבה אקדמית,3,,CEFR-J v1.5
dispensable,adjective,B2,3,הרחבה אקדמית,3,,CEFR-J v1.5
displace,verb,B2,3,הרחבה אקדמית,3,,CEFR-J v1.5
display,noun,A2,1,ליבה,1-2,,CEFR-J v1.5
displeasure,noun,B2,3,הרחבה אקדמית,3,,CEFR-J v1.5
disposal,noun,B2,3,הרחבה אקדמית,3,,CEFR-J v1.5
disposition,noun,B2,3,הרחבה אקדמית,3,,CEFR-J v1.5
dispute,noun,B2,3,הרחבה אקדמית,3,,CEFR-J v1.5
disqualify,verb,B2,3,הרחבה אקדמית,3,,CEFR-J v1.5
disregard,noun,B2,3,הרחבה אקדמית,3,,CEFR-J v1.5
disrupt,verb,B2,3,הרחבה אקדמית,3,,CEFR-J v1.5
dissatisfaction,noun,B2,3,הרחבה אקדמית,3,,CEFR-J v1.5
dissatisfied,adjective,B2,3,הרחבה אקדמית,3,,CEFR-J v1.5
dissident,noun,B2,3,הרחבה אקדמית,3,,CEFR-J v1.5
dissolve,verb,B1,2,ליבה מורחבת,2-3,,CEFR-J v1.5
distance,noun,B1,2,ליבה מורחבת,2-3,,CEFR-J v1.5
distant,adjective,B1,2,ליבה מורחבת,2-3,,CEFR-J v1.5
distinction,noun,B1,2,ליבה מורחבת,2-3,,CEFR-J v1.5
distinctly,adverb,B1,2,ליבה מורחבת,2-3,,CEFR-J v1.5
distinguish,verb,B1,2,ליבה מורחבת,2-3,,CEFR-J v1.5
distinguished,adjective,B2,3,הרחבה אקדמית,3,,CEFR-J v1.5
distortion,noun,B2,3,הרחבה אקדמית,3,,CEFR-J v1.5
distract,verb,B2,3,הרחבה אקדמית,3,,CEFR-J v1.5
distraction,noun,B2,3,הרחבה אקדמית,3,,CEFR-J v1.5
distressing,adjective,B2,3,הרחבה אקדמית,3,,CEFR-J v1.5
distribute,verb,B1,2,ליבה מורחבת,2-3,,CEFR-J v1.5
distribution,noun,B1,2,ליבה מורחבת,2-3,,CEFR-J v1.5
distributor,noun,B2,3,הרחבה אקדמית,3,,CEFR-J v1.5
district,noun,B1,2,ליבה מורחבת,2-3,,CEFR-J v1.5
disturb,verb,A2,1,ליבה,1-2,,CEFR-J v1.5
disturbance,noun,B1,2,ליבה מורחבת,2-3,,CEFR-J v1.5
dive,noun,B1,2,ליבה מורחבת,2-3,,CEFR-J v1.5
diver,noun,B1,2,ליבה מורחבת,2-3,,CEFR-J v1.5
diverse,adjective,B1,2,ליבה מורחבת,2-3,,CEFR-J v1.5
diversion,noun,B2,3,הרחבה אקדמית,3,,CEFR-J v1.5
divert,verb,B2,3,הרחבה אקדמית,3,,CEFR-J v1.5
divide,verb,A2,1,ליבה,1-2,,CEFR-J v1.5
divided,adjective,B2,3,הרחבה אקדמית,3,,CEFR-J v1.5
divine,adjective,B1,2,ליבה מורחבת,2-3,,CEFR-J v1.5
diving,noun,B1,2,ליבה מורחבת,2-3,,CEFR-J v1.5
division,noun,B2,3,הרחבה אקדמית,3,,CEFR-J v1.5
divorce,noun,B2,3,הרחבה אקדמית,3,,CEFR-J v1.5
divorced,adjective,B1,2,ליבה מורחבת,2-3,,CEFR-J v1.5
dizzy,adjective,A2,1,ליבה,1-2,,CEFR-J v1.5
DJ,noun,B1,2,ליבה מורחבת,2-3,,CEFR-J v1.5
DNA,noun,B2,3,הרחבה אקדמית,3,,CEFR-J v1.5
doc,noun,B1,2,ליבה מורחבת,2-3,,CEFR-J v1.5
dock,noun,B2,3,הרחבה אקדמית,3,,CEFR-J v1.5
document,noun,B1,2,ליבה מורחבת,2-3,,CEFR-J v1.5
documentary,noun,B1,2,ליבה מורחבת,2-3,,CEFR-J v1.5
dolphin,noun,B1,2,ליבה מורחבת,2-3,,CEFR-J v1.5
domestic,adjective,B2,3,הרחבה אקדמית,3,,CEFR-J v1.5
dominate,verb,B2,3,הרחבה אקדמית,3,,CEFR-J v1.5
donate,verb,B2,3,הרחבה אקדמית,3,,CEFR-J v1.5
donation,noun,B2,3,הרחבה אקדמית,3,,CEFR-J v1.5
done,do-verb,A2,1,ליבה,1-2,,CEFR-J v1.5
donkey,noun,B2,3,הרחבה אקדמית,3,,CEFR-J v1.5
doom,noun,B2,3,הרחבה אקדמית,3,,CEFR-J v1.5
doorkeeper,noun,B2,3,הרחבה אקדמית,3,,CEFR-J v1.5
doorway,noun,B2,3,הרחבה אקדמית,3,,CEFR-J v1.5
dorm,noun,B2,3,הרחבה אקדמית,3,,CEFR-J v1.5
dormitory,noun,B2,3,הרחבה אקדמית,3,,CEFR-J v1.5
dose,noun,B2,3,הרחבה אקדמית,3,,CEFR-J v1.5
dot,noun,B1,2,ליבה מורחבת,2-3,,CEFR-J v1.5
double,adjective,A2,1,ליבה,1-2,,CEFR-J v1.5
doubly,adverb,B2,3,הרחבה אקדמית,3,,CEFR-J v1.5
doubt,noun,A2,1,ליבה,1-2,,CEFR-J v1.5
doubtful,adjective,B2,3,הרחבה אקדמית,3,,CEFR-J v1.5
dove,noun,B2,3,הרחבה אקדמית,3,,CEFR-J v1.5
downfall,noun,B2,3,הרחבה אקדמית,3,,CEFR-J v1.5
download,verb,A2,1,ליבה,1-2,,CEFR-J v1.5
downsize,verb,B2,3,הרחבה אקדמית,3,,CEFR-J v1.5
downstairs,adverb,A2,1,ליבה,1-2,,CEFR-J v1.5
downtown,adverb,A2,1,ליבה,1-2,,CEFR-J v1.5
downward,adjective,B1,2,ליבה מורחבת,2-3,,CEFR-J v1.5
dowry,noun,B2,3,הרחבה אקדמית,3,,CEFR-J v1.5
doze,noun,B1,2,ליבה מורחבת,2-3,,CEFR-J v1.5
dozen,determiner,B1,2,ליבה מורחבת,2-3,,CEFR-J v1.5
draft/draught,noun,B2,3,הרחבה אקדמית,3,,CEFR-J v1.5
drag,verb,B1,2,ליבה מורחבת,2-3,,CEFR-J v1.5
drain,noun,B2,3,הרחבה אקדמית,3,,CEFR-J v1.5
dramatic,adjective,B1,2,ליבה מורחבת,2-3,,CEFR-J v1.5
dramatically,adverb,B2,3,הרחבה אקדמית,3,,CEFR-J v1.5
drapery,noun,B2,3,הרחבה אקדמית,3,,CEFR-J v1.5
drawer,noun,A2,1,ליבה,1-2,,CEFR-J v1.5
drawing,noun,A2,1,ליבה,1-2,,CEFR-J v1.5
dread,verb,B2,3,הרחבה אקדמית,3,,CEFR-J v1.5
dreadful,adjective,B2,3,הרחבה אקדמית,3,,CEFR-J v1.5
dreamy,adjective,B2,3,הרחבה אקדמית,3,,CEFR-J v1.5
dressed,adjective,A2,1,ליבה,1-2,,CEFR-J v1.5
drill,noun,A2,1,ליבה,1-2,,CEFR-J v1.5
drinkable,adjective,B2,3,הרחבה אקדמית,3,,CEFR-J v1.5
driver's license/driving licence,noun,A2,1,ליבה,1-2,,CEFR-J v1.5
droop,noun,B2,3,הרחבה אקדמית,3,,CEFR-J v1.5
dropout,noun,B2,3,הרחבה אקדמית,3,,CEFR-J v1.5
drought,noun,B2,3,הרחבה אקדמית,3,,CEFR-J v1.5
drown,verb,B1,2,ליבה מורחבת,2-3,,CEFR-J v1.5
drug,noun,A2,1,ליבה,1-2,,CEFR-J v1.5
drugstore,noun,A2,1,ליבה,1-2,,CEFR-J v1.5
drunk,adjective,B1,2,ליבה מורחבת,2-3,,CEFR-J v1.5
duck,noun,A2,1,ליבה,1-2,,CEFR-J v1.5
dude,noun,B1,2,ליבה מורחבת,2-3,,CEFR-J v1.5
duel,noun,B2,3,הרחבה אקדמית,3,,CEFR-J v1.5
dull,adjective,B1,2,ליבה מורחבת,2-3,,CEFR-J v1.5
dumb,adjective,B2,3,הרחבה אקדמית,3,,CEFR-J v1.5
dump,noun,B1,2,ליבה מורחבת,2-3,,CEFR-J v1.5
duplicate,noun,B2,3,הרחבה אקדמית,3,,CEFR-J v1.5
duplication,noun,B2,3,הרחבה אקדמית,3,,CEFR-J v1.5
during,preposition,A2,1,ליבה,1-2,true,CEFR-J v1.5
dust,noun,A2,1,ליבה,1-2,,CEFR-J v1.5
dustbin,noun,B1,2,ליבה מורחבת,2-3,,CEFR-J v1.5
dusty,adjective,B1,2,ליבה מורחבת,2-3,,CEFR-J v1.5
duty,noun,B1,2,ליבה מורחבת,2-3,,CEFR-J v1.5
duty-free,adjective,B1,2,ליבה מורחבת,2-3,,CEFR-J v1.5
duvet,noun,B1,2,ליבה מורחבת,2-3,,CEFR-J v1.5
dwarf,noun,B2,3,הרחבה אקדמית,3,,CEFR-J v1.5
dye,noun,B2,3,הרחבה אקדמית,3,,CEFR-J v1.5
dynamic,adjective,B2,3,הרחבה אקדמית,3,,CEFR-J v1.5
dynasty,noun,B1,2,ליבה מורחבת,2-3,,CEFR-J v1.5
eager,adjective,B1,2,ליבה מורחבת,2-3,,CEFR-J v1.5
eagerly,adverb,B2,3,הרחבה אקדמית,3,,CEFR-J v1.5
eagerness,noun,B1,2,ליבה מורחבת,2-3,,CEFR-J v1.5
eagle,noun,B2,3,הרחבה אקדמית,3,,CEFR-J v1.5
earache,noun,B1,2,ליבה מורחבת,2-3,,CEFR-J v1.5
earn,verb,A2,1,ליבה,1-2,,CEFR-J v1.5
earnest,adjective,B1,2,ליבה מורחבת,2-3,,CEFR-J v1.5
earnings,noun,B2,3,הרחבה אקדמית,3,,CEFR-J v1.5
earring,noun,A2,1,ליבה,1-2,,CEFR-J v1.5
earth,noun,A2,1,ליבה,1-2,,CEFR-J v1.5
earthquake,noun,A2,1,ליבה,1-2,,CEFR-J v1.5
ease,noun,B2,3,הרחבה אקדמית,3,,CEFR-J v1.5
easily,adverb,A2,1,ליבה,1-2,,CEFR-J v1.5
east,adjective,A2,1,ליבה,1-2,,CEFR-J v1.5
eastern,adjective,B1,2,ליבה מורחבת,2-3,,CEFR-J v1.5
eastward,adverb,B2,3,הרחבה אקדמית,3,,CEFR-J v1.5
easygoing/easy-going,adjective,B1,2,ליבה מורחבת,2-3,,CEFR-J v1.5
eco,noun,B1,2,ליבה מורחבת,2-3,,CEFR-J v1.5
ecological,adjective,B1,2,ליבה מורחבת,2-3,,CEFR-J v1.5
ecologically,adverb,B2,3,הרחבה אקדמית,3,,CEFR-J v1.5
ecologist,noun,B2,3,הרחבה אקדמית,3,,CEFR-J v1.5
ecology,noun,B1,2,ליבה מורחבת,2-3,,CEFR-J v1.5
economic,adjective,B1,2,ליבה מורחבת,2-3,,CEFR-J v1.5
economical,adjective,B2,3,הרחבה אקדמית,3,,CEFR-J v1.5
economics,noun,B1,2,ליבה מורחבת,2-3,,CEFR-J v1.5
economist,noun,B2,3,הרחבה אקדמית,3,,CEFR-J v1.5
economy,noun,B1,2,ליבה מורחבת,2-3,,CEFR-J v1.5
ecosystem,noun,B1,2,ליבה מורחבת,2-3,,CEFR-J v1.5
ecstasy,noun,B1,2,ליבה מורחבת,2-3,,CEFR-J v1.5
ecstatic,adjective,B2,3,הרחבה אקדמית,3,,CEFR-J v1.5
edge,noun,B1,2,ליבה מורחבת,2-3,,CEFR-J v1.5
edit,noun,B2,3,הרחבה אקדמית,3,,CEFR-J v1.5
edition,noun,B1,2,ליבה מורחבת,2-3,,CEFR-J v1.5
editor,noun,A2,1,ליבה,1-2,,CEFR-J v1.5
editorial,noun,B2,3,הרחבה אקדמית,3,,CEFR-J v1.5
educate,verb,B1,2,ליבה מורחבת,2-3,,CEFR-J v1.5
educated,adjective,B2,3,הרחבה אקדמית,3,,CEFR-J v1.5
education,noun,A2,1,ליבה,1-2,,CEFR-J v1.5
educational,adjective,A2,1,ליבה,1-2,,CEFR-J v1.5
educator,noun,B2,3,הרחבה אקדמית,3,,CEFR-J v1.5
effect,noun,A2,1,ליבה,1-2,,CEFR-J v1.5
effective,adjective,B1,2,ליבה מורחבת,2-3,,CEFR-J v1.5
effectively,adverb,B2,3,הרחבה אקדמית,3,,CEFR-J v1.5
effectiveness,noun,B2,3,הרחבה אקדמית,3,,CEFR-J v1.5
efficiency,noun,B1,2,ליבה מורחבת,2-3,,CEFR-J v1.5
efficient,adjective,B1,2,ליבה מורחבת,2-3,,CEFR-J v1.5
effort,noun,A2,1,ליבה,1-2,,CEFR-J v1.5
elbow,noun,B1,2,ליבה מורחבת,2-3,,CEFR-J v1.5
elderly,adjective,A2,1,ליבה,1-2,,CEFR-J v1.5
elect,verb,B2,3,הרחבה אקדמית,3,,CEFR-J v1.5
election,noun,B1,2,ליבה מורחבת,2-3,,CEFR-J v1.5
elective,adjective,B2,3,הרחבה אקדמית,3,,CEFR-J v1.5
electric,adjective,A2,1,ליבה,1-2,,CEFR-J v1.5
electrical,adjective,B1,2,ליבה מורחבת,2-3,,CEFR-J v1.5
electrician,noun,B2,3,הרחבה אקדמית,3,,CEFR-J v1.5
electricity,noun,B1,2,ליבה מורחבת,2-3,,CEFR-J v1.5
electron,noun,B1,2,ליבה מורחבת,2-3,,CEFR-J v1.5
electronic,adjective,B1,2,ליבה מורחבת,2-3,,CEFR-J v1.5
electronically,adverb,B2,3,הרחבה אקדמית,3,,CEFR-J v1.5
electronics,noun,B2,3,הרחבה אקדמית,3,,CEFR-J v1.5
elegance,noun,B2,3,הרחבה אקדמית,3,,CEFR-J v1.5
elegant,adjective,B2,3,הרחבה אקדמית,3,,CEFR-J v1.5
elegantly,adverb,B2,3,הרחבה אקדמית,3,,CEFR-J v1.5
element,noun,B1,2,ליבה מורחבת,2-3,,CEFR-J v1.5
elemental,adjective,B2,3,הרחבה אקדמית,3,,CEFR-J v1.5
elephant,noun,A2,1,ליבה,1-2,,CEFR-J v1.5
elevator,noun,A2,1,ליבה,1-2,,CEFR-J v1.5
eligible,adjective,B2,3,הרחבה אקדמית,3,,CEFR-J v1.5
eliminate,verb,B1,2,ליבה מורחבת,2-3,,CEFR-J v1.5
elite,noun,B2,3,הרחבה אקדמית,3,,CEFR-J v1.5
eloquence,noun,B2,3,הרחבה אקדמית,3,,CEFR-J v1.5
eloquent,adjective,B2,3,הרחבה אקדמית,3,,CEFR-J v1.5
elsewhere,adverb,A2,1,ליבה,1-2,,CEFR-J v1.5
email,verb,A2,1,ליבה,1-2,,CEFR-J v1.5
embarrass,verb,B1,2,ליבה מורחבת,2-3,,CEFR-J v1.5
embarrassed,adjective,B1,2,ליבה מורחבת,2-3,,CEFR-J v1.5
embarrassing,adjective,A2,1,ליבה,1-2,,CEFR-J v1.5
embarrassment,noun,B1,2,ליבה מורחבת,2-3,,CEFR-J v1.5
embassy,noun,B2,3,הרחבה אקדמית,3,,CEFR-J v1.5
embrace,noun,B2,3,הרחבה אקדמית,3,,CEFR-J v1.5
emerge,verb,B1,2,ליבה מורחבת,2-3,,CEFR-J v1.5
emergence,noun,B2,3,הרחבה אקדמית,3,,CEFR-J v1.5
emergency,noun,A2,1,ליבה,1-2,,CEFR-J v1.5
emotion,noun,B1,2,ליבה מורחבת,2-3,,CEFR-J v1.5
emotional,adjective,B1,2,ליבה מורחבת,2-3,,CEFR-J v1.5
emotionally,adverb,B1,2,ליבה מורחבת,2-3,,CEFR-J v1.5
emperor,noun,B1,2,ליבה מורחבת,2-3,,CEFR-J v1.5
emphasis,noun,B1,2,ליבה מורחבת,2-3,,CEFR-J v1.5
emphasize/emphasize,verb,B1,2,ליבה מורחבת,2-3,,CEFR-J v1.5
emphatically,adverb,B2,3,הרחבה אקדמית,3,,CEFR-J v1.5
empire,noun,B1,2,ליבה מורחבת,2-3,,CEFR-J v1.5
employ,verb,B2,3,הרחבה אקדמית,3,,CEFR-J v1.5
employee,noun,B2,3,הרחבה אקדמית,3,,CEFR-J v1.5
employer,noun,B2,3,הרחבה אקדמית,3,,CEFR-J v1.5
employment,noun,B1,2,ליבה מורחבת,2-3,,CEFR-J v1.5
empty,adjective,A2,1,ליבה,1-2,,CEFR-J v1.5
enable,verb,B1,2,ליבה מורחבת,2-3,,CEFR-J v1.5
enclose,verb,B1,2,ליבה מורחבת,2-3,,CEFR-J v1.5
encounter,noun,B1,2,ליבה מורחבת,2-3,,CEFR-J v1.5
encourage,verb,A2,1,ליבה,1-2,,CEFR-J v1.5
encouragement,noun,B1,2,ליבה מורחבת,2-3,,CEFR-J v1.5
encouraging,adjective,B1,2,ליבה מורחבת,2-3,,CEFR-J v1.5
encyclopedia/encyclopaedia,noun,B1,2,ליבה מורחבת,2-3,,CEFR-J v1.5
endanger,verb,B1,2,ליבה מורחבת,2-3,,CEFR-J v1.5
endangered,adjective,A2,1,ליבה,1-2,,CEFR-J v1.5
endeavor/endeavour,noun,B2,3,הרחבה אקדמית,3,,CEFR-J v1.5
ending,noun,A2,1,ליבה,1-2,,CEFR-J v1.5
endless,adjective,B1,2,ליבה מורחבת,2-3,,CEFR-J v1.5
endlessly,adverb,B2,3,הרחבה אקדמית,3,,CEFR-J v1.5
endorse,verb,B2,3,הרחבה אקדמית,3,,CEFR-J v1.5
endurance,noun,B2,3,הרחבה אקדמית,3,,CEFR-J v1.5
endure,verb,B1,2,ליבה מורחבת,2-3,,CEFR-J v1.5
enduring,adjective,B2,3,הרחבה אקדמית,3,,CEFR-J v1.5
enemy,noun,B1,2,ליבה מורחבת,2-3,,CEFR-J v1.5
energetic,adjective,A2,1,ליבה,1-2,,CEFR-J v1.5
energy,noun,B2,3,הרחבה אקדמית,3,,CEFR-J v1.5
enforce,verb,B2,3,הרחבה אקדמית,3,,CEFR-J v1.5
engage,verb,B1,2,ליבה מורחבת,2-3,,CEFR-J v1.5
engaged,adjective,B1,2,ליבה מורחבת,2-3,,CEFR-J v1.5
engagement,noun,B2,3,הרחבה אקדמית,3,,CEFR-J v1.5
engine,noun,B1,2,ליבה מורחבת,2-3,,CEFR-J v1.5
engineering,noun,B1,2,ליבה מורחבת,2-3,,CEFR-J v1.5
Englishman,noun,B1,2,ליבה מורחבת,2-3,,CEFR-J v1.5
engulf,verb,B2,3,הרחבה אקדמית,3,,CEFR-J v1.5
enhance,verb,B2,3,הרחבה אקדמית,3,,CEFR-J v1.5
enjoyable,adjective,B1,2,ליבה מורחבת,2-3,,CEFR-J v1.5
enjoyment,noun,B1,2,ליבה מורחבת,2-3,,CEFR-J v1.5
enormous,adjective,A2,1,ליבה,1-2,,CEFR-J v1.5
enough,adverb,A2,1,ליבה,1-2,,CEFR-J v1.5
enrich,verb,B1,2,ליבה מורחבת,2-3,,CEFR-J v1.5
enroll/enrol,verb,B2,3,הרחבה אקדמית,3,,CEFR-J v1.5
ensure,verb,B1,2,ליבה מורחבת,2-3,,CEFR-J v1.5
enter,verb,A2,1,ליבה,1-2,,CEFR-J v1.5
enterprise,noun,B2,3,הרחבה אקדמית,3,,CEFR-J v1.5
entertain,verb,B1,2,ליבה מורחבת,2-3,,CEFR-J v1.5
entertainer,noun,B1,2,ליבה מורחבת,2-3,,CEFR-J v1.5
entertaining,adjective,B2,3,הרחבה אקדמית,3,,CEFR-J v1.5
entertainment,noun,A2,1,ליבה,1-2,,CEFR-J v1.5
enthusiasm,noun,B1,2,ליבה מורחבת,2-3,,CEFR-J v1.5
enthusiast,noun,B1,2,ליבה מורחבת,2-3,,CEFR-J v1.5
enthusiastic,adjective,B1,2,ליבה מורחבת,2-3,,CEFR-J v1.5
enthusiastically,adverb,B2,3,הרחבה אקדמית,3,,CEFR-J v1.5
entire,adjective,B1,2,ליבה מורחבת,2-3,,CEFR-J v1.5
entirely,adverb,B1,2,ליבה מורחבת,2-3,,CEFR-J v1.5
entitle,verb,B2,3,הרחבה אקדמית,3,,CEFR-J v1.5
entrance,noun,A2,1,ליבה,1-2,,CEFR-J v1.5
entrepreneur,noun,B2,3,הרחבה אקדמית,3,,CEFR-J v1.5
entry,noun,B1,2,ליבה מורחבת,2-3,,CEFR-J v1.5
envelope,noun,A2,1,ליבה,1-2,,CEFR-J v1.5
environment,noun,B2,3,הרחבה אקדמית,3,,CEFR-J v1.5
environmental,adjective,B1,2,ליבה מורחבת,2-3,,CEFR-J v1.5
environmentalist,noun,B1,2,ליבה מורחבת,2-3,,CEFR-J v1.5
environmentally,adverb,B2,3,הרחבה אקדמית,3,,CEFR-J v1.5
environmentally friendly,adjective,B2,3,הרחבה אקדמית,3,,CEFR-J v1.5
envy,noun,A2,1,ליבה,1-2,,CEFR-J v1.5
episode,noun,A2,1,ליבה,1-2,,CEFR-J v1.5
equal,adjective,B1,2,ליבה מורחבת,2-3,,CEFR-J v1.5
equality,noun,B1,2,ליבה מורחבת,2-3,,CEFR-J v1.5
equally,adverb,B1,2,ליבה מורחבת,2-3,,CEFR-J v1.5
equation,noun,B2,3,הרחבה אקדמית,3,,CEFR-J v1.5
equip,verb,B2,3,הרחבה אקדמית,3,,CEFR-J v1.5
equipment,noun,B1,2,ליבה מורחבת,2-3,,CEFR-J v1.5
equity,noun,B2,3,הרחבה אקדמית,3,,CEFR-J v1.5
era,noun,B1,2,ליבה מורחבת,2-3,,CEFR-J v1.5
erect,adjective,B2,3,הרחבה אקדמית,3,,CEFR-J v1.5
error,noun,A2,1,ליבה,1-2,,CEFR-J v1.5
erupt,verb,B2,3,הרחבה אקדמית,3,,CEFR-J v1.5
eruption,noun,B2,3,הרחבה אקדמית,3,,CEFR-J v1.5
escalator,noun,A2,1,ליבה,1-2,,CEFR-J v1.5
escape,noun,A2,1,ליבה,1-2,,CEFR-J v1.5
especially,adverb,A2,1,ליבה,1-2,,CEFR-J v1.5
essay,noun,A2,1,ליבה,1-2,,CEFR-J v1.5
essayist,noun,B2,3,הרחבה אקדמית,3,,CEFR-J v1.5
essence,noun,B1,2,ליבה מורחבת,2-3,,CEFR-J v1.5
essential,adjective,B1,2,ליבה מורחבת,2-3,,CEFR-J v1.5
essentially,adverb,B2,3,הרחבה אקדמית,3,,CEFR-J v1.5
establish,verb,A2,1,ליבה,1-2,,CEFR-J v1.5
establishment,noun,B1,2,ליבה מורחבת,2-3,,CEFR-J v1.5
estate,noun,B2,3,הרחבה אקדמית,3,,CEFR-J v1.5
estimate,verb,B1,2,ליבה מורחבת,2-3,,CEFR-J v1.5
estimated,adjective,B2,3,הרחבה אקדמית,3,,CEFR-J v1.5
eternal,adjective,B1,2,ליבה מורחבת,2-3,,CEFR-J v1.5
eternally,adverb,B2,3,הרחבה אקדמית,3,,CEFR-J v1.5
eternity,noun,B1,2,ליבה מורחבת,2-3,,CEFR-J v1.5
ethic,noun,B2,3,הרחבה אקדמית,3,,CEFR-J v1.5
ethnic,adjective,B2,3,הרחבה אקדמית,3,,CEFR-J v1.5
euro,noun,A2,1,ליבה,1-2,,CEFR-J v1.5
evacuate,verb,B2,3,הרחבה אקדמית,3,,CEFR-J v1.5
evacuation,noun,B2,3,הרחבה אקדמית,3,,CEFR-J v1.5
evaluate,verb,B2,3,הרחבה אקדמית,3,,CEFR-J v1.5
evaluation,noun,B2,3,הרחבה אקדמית,3,,CEFR-J v1.5
even,adverb,A2,1,ליבה,1-2,,CEFR-J v1.5
evenly,adverb,B1,2,ליבה מורחבת,2-3,,CEFR-J v1.5
eventually,adverb,B1,2,ליבה מורחבת,2-3,,CEFR-J v1.5
ever,adverb,A2,1,ליבה,1-2,,CEFR-J v1.5
everlasting,adjective,B2,3,הרחבה אקדמית,3,,CEFR-J v1.5
evidence,noun,A2,1,ליבה,1-2,,CEFR-J v1.5
evident,adjective,B1,2,ליבה מורחבת,2-3,,CEFR-J v1.5
evidently,adverb,B2,3,הרחבה אקדמית,3,,CEFR-J v1.5
evil,adjective,B2,3,הרחבה אקדמית,3,,CEFR-J v1.5
evolution,noun,B2,3,הרחבה אקדמית,3,,CEFR-J v1.5
evolve,verb,B2,3,הרחבה אקדמית,3,,CEFR-J v1.5
exact,adjective,B1,2,ליבה מורחבת,2-3,,CEFR-J v1.5
exactly,adverb,A2,1,ליבה,1-2,,CEFR-J v1.5
exactness,noun,B2,3,הרחבה אקדמית,3,,CEFR-J v1.5
exaggerate,noun,B2,3,הרחבה אקדמית,3,,CEFR-J v1.5
exaggeration,noun,B2,3,הרחבה אקדמית,3,,CEFR-J v1.5
exalt,verb,B2,3,הרחבה אקדמית,3,,CEFR-J v1.5
exam,noun,A2,1,ליבה,1-2,,CEFR-J v1.5
examination,noun,B1,2,ליבה מורחבת,2-3,,CEFR-J v1.5
examine,verb,B1,2,ליבה מורחבת,2-3,,CEFR-J v1.5
examinee,noun,B2,3,הרחבה אקדמית,3,,CEFR-J v1.5
examiner,noun,B1,2,ליבה מורחבת,2-3,,CEFR-J v1.5
exceed,verb,B2,3,הרחבה אקדמית,3,,CEFR-J v1.5
excel,verb,B2,3,הרחבה אקדמית,3,,CEFR-J v1.5
excellence,noun,B1,2,ליבה מורחבת,2-3,,CEFR-J v1.5
except,conjunction,A2,1,ליבה,1-2,true,CEFR-J v1.5
exception,noun,B2,3,הרחבה אקדמית,3,,CEFR-J v1.5
exceptional,adjective,B2,3,הרחבה אקדמית,3,,CEFR-J v1.5
exceptionally,adverb,B2,3,הרחבה אקדמית,3,,CEFR-J v1.5
excess,noun,B1,2,ליבה מורחבת,2-3,,CEFR-J v1.5
excessive,adjective,B2,3,הרחבה אקדמית,3,,CEFR-J v1.5
exchange,noun,A2,1,ליבה,1-2,,CEFR-J v1.5
exchange rate,noun,B1,2,ליבה מורחבת,2-3,,CEFR-J v1.5
excitedly,adverb,B1,2,ליבה מורחבת,2-3,,CEFR-J v1.5
excitement,noun,B1,2,ליבה מורחבת,2-3,,CEFR-J v1.5
exclaim,verb,B2,3,הרחבה אקדמית,3,,CEFR-J v1.5
exclamation mark,noun,B2,3,הרחבה אקדמית,3,,CEFR-J v1.5
exclude,verb,B2,3,הרחבה אקדמית,3,,CEFR-J v1.5
exclusion,noun,B2,3,הרחבה אקדמית,3,,CEFR-J v1.5
exclusive,adjective,B1,2,ליבה מורחבת,2-3,,CEFR-J v1.5
exclusively,adverb,B2,3,הרחבה אקדמית,3,,CEFR-J v1.5
excursion,noun,B2,3,הרחבה אקדמית,3,,CEFR-J v1.5
execute,verb,B2,3,הרחבה אקדמית,3,,CEFR-J v1.5
execution,noun,B2,3,הרחבה אקדמית,3,,CEFR-J v1.5
executive,adjective,B2,3,הרחבה אקדמית,3,,CEFR-J v1.5
exhaust,noun,B2,3,הרחבה אקדמית,3,,CEFR-J v1.5
exhausted,adjective,B1,2,ליבה מורחבת,2-3,,CEFR-J v1.5
exhausting,adjective,B2,3,הרחבה אקדמית,3,,CEFR-J v1.5
exhaustion,noun,B2,3,הרחבה אקדמית,3,,CEFR-J v1.5
exhibit,verb,B2,3,הרחבה אקדמית,3,,CEFR-J v1.5
exhibition,noun,A2,1,ליבה,1-2,,CEFR-J v1.5
exile,noun,B2,3,הרחבה אקדמית,3,,CEFR-J v1.5
exist,verb,A2,1,ליבה,1-2,,CEFR-J v1.5
existence,noun,B1,2,ליבה מורחבת,2-3,,CEFR-J v1.5
existing,adjective,B2,3,הרחבה אקדמית,3,,CEFR-J v1.5
exit,noun,B1,2,ליבה מורחבת,2-3,,CEFR-J v1.5
exotic,adjective,B2,3,הרחבה אקדמית,3,,CEFR-J v1.5
expand,verb,B1,2,ליבה מורחבת,2-3,,CEFR-J v1.5
expansion,noun,B2,3,הרחבה אקדמית,3,,CEFR-J v1.5
expect,verb,A2,1,ליבה,1-2,,CEFR-J v1.5
expectation,noun,B2,3,הרחבה אקדמית,3,,CEFR-J v1.5
expected,adjective,B2,3,הרחבה אקדמית,3,,CEFR-J v1.5
expedition,noun,B2,3,הרחבה אקדמית,3,,CEFR-J v1.5
expense,noun,B1,2,ליבה מורחבת,2-3,,CEFR-J v1.5
experience,noun,A2,1,ליבה,1-2,,CEFR-J v1.5
experienced,adjective,B1,2,ליבה מורחבת,2-3,,CEFR-J v1.5
experiment,noun,B1,2,ליבה מורחבת,2-3,,CEFR-J v1.5
expert,noun,A2,1,ליבה,1-2,,CEFR-J v1.5
explain,verb,A2,1,ליבה,1-2,,CEFR-J v1.5
explanation,noun,A2,1,ליבה,1-2,,CEFR-J v1.5
explode,verb,B2,3,הרחבה אקדמית,3,,CEFR-J v1.5
exploit,verb,B2,3,הרחבה אקדמית,3,,CEFR-J v1.5
exploration,noun,B1,2,ליבה מורחבת,2-3,,CEFR-J v1.5
explore,verb,A2,1,ליבה,1-2,,CEFR-J v1.5
explorer,noun,B2,3,הרחבה אקדמית,3,,CEFR-J v1.5
explosion,noun,B1,2,ליבה מורחבת,2-3,,CEFR-J v1.5
explosive,adjective,B2,3,הרחבה אקדמית,3,,CEFR-J v1.5
export,noun,B2,3,הרחבה אקדמית,3,,CEFR-J v1.5
expose,verb,B1,2,ליבה מורחבת,2-3,,CEFR-J v1.5
express,noun,A2,1,ליבה,1-2,,CEFR-J v1.5
expression,noun,A2,1,ליבה,1-2,,CEFR-J v1.5
expressive,adjective,B2,3,הרחבה אקדמית,3,,CEFR-J v1.5
exquisite,adjective,B2,3,הרחבה אקדמית,3,,CEFR-J v1.5
extend,verb,B1,2,ליבה מורחבת,2-3,,CEFR-J v1.5
extension,noun,B2,3,הרחבה אקדמית,3,,CEFR-J v1.5
extensive,adjective,B2,3,הרחבה אקדמית,3,,CEFR-J v1.5
extensively,adverb,B1,2,ליבה מורחבת,2-3,,CEFR-J v1.5
extent,noun,B1,2,ליבה מורחבת,2-3,,CEFR-J v1.5
external,adjective,B2,3,הרחבה אקדמית,3,,CEFR-J v1.5
extinct,adjective,B1,2,ליבה מורחבת,2-3,,CEFR-J v1.5
extinction,noun,B1,2,ליבה מורחבת,2-3,,CEFR-J v1.5
extra,adjective,A2,1,ליבה,1-2,,CEFR-J v1.5
extract,noun,B2,3,הרחבה אקדמית,3,,CEFR-J v1.5
extraordinarily,adverb,B2,3,הרחבה אקדמית,3,,CEFR-J v1.5
extraordinary,adjective,B1,2,ליבה מורחבת,2-3,,CEFR-J v1.5
extreme,adjective,B1,2,ליבה מורחבת,2-3,,CEFR-J v1.5
extreme sports,noun,B1,2,ליבה מורחבת,2-3,,CEFR-J v1.5
extremely,adverb,A2,1,ליבה,1-2,,CEFR-J v1.5
exultant,adjective,B2,3,הרחבה אקדמית,3,,CEFR-J v1.5
eyebrow,noun,B2,3,הרחבה אקדמית,3,,CEFR-J v1.5
eyelash,noun,B2,3,הרחבה אקדמית,3,,CEFR-J v1.5
eyelid,noun,B2,3,הרחבה אקדמית,3,,CEFR-J v1.5
eyesight,noun,B1,2,ליבה מורחבת,2-3,,CEFR-J v1.5
fabric,noun,B2,3,הרחבה אקדמית,3,,CEFR-J v1.5
fabulous,adjective,B2,3,הרחבה אקדמית,3,,CEFR-J v1.5
face to face,adverb,B1,2,ליבה מורחבת,2-3,,CEFR-J v1.5
face-to-face,adjective,B1,2,ליבה מורחבת,2-3,,CEFR-J v1.5
facilitate,verb,B2,3,הרחבה אקדמית,3,,CEFR-J v1.5
facilities,noun,B2,3,הרחבה אקדמית,3,,CEFR-J v1.5
facility,noun,B1,2,ליבה מורחבת,2-3,,CEFR-J v1.5
fact,noun,A2,1,ליבה,1-2,,CEFR-J v1.5
factor,noun,B2,3,הרחבה אקדמית,3,,CEFR-J v1.5
faculty,noun,B2,3,הרחבה אקדמית,3,,CEFR-J v1.5
fade,verb,B1,2,ליבה מורחבת,2-3,,CEFR-J v1.5
fail,verb,A2,1,ליבה,1-2,,CEFR-J v1.5
failure,noun,B1,2,ליבה מורחבת,2-3,,CEFR-J v1.5
faint,adjective,B1,2,ליבה מורחבת,2-3,,CEFR-J v1.5
fairly,adverb,A2,1,ליבה,1-2,,CEFR-J v1.5
faith,noun,B2,3,הרחבה אקדמית,3,,CEFR-J v1.5
faithful,adjective,B1,2,ליבה מורחבת,2-3,,CEFR-J v1.5
fake,adjective,B1,2,ליבה מורחבת,2-3,,CEFR-J v1.5
fall,verb,A2,1,ליבה,1-2,,CEFR-J v1.5
fallen,adjective,B1,2,ליבה מורחבת,2-3,,CEFR-J v1.5
falter,verb,B2,3,הרחבה אקדמית,3,,CEFR-J v1.5
fame,noun,B2,3,הרחבה אקדמית,3,,CEFR-J v1.5
familiar,adjective,A2,1,ליבה,1-2,,CEFR-J v1.5
familiarize/familiarise,verb,B2,3,הרחבה אקדמית,3,,CEFR-J v1.5
fancy,adjective,A2,1,ליבה,1-2,,CEFR-J v1.5
fantastic,adjective,A2,1,ליבה,1-2,,CEFR-J v1.5
fantastically,adverb,B2,3,הרחבה אקדמית,3,,CEFR-J v1.5
fantasy,noun,B1,2,ליבה מורחבת,2-3,,CEFR-J v1.5
far,adverb,A2,1,ליבה,1-2,,CEFR-J v1.5
faraway,adjective,B1,2,ליבה מורחבת,2-3,,CEFR-J v1.5
fare,noun,A2,1,ליבה,1-2,,CEFR-J v1.5
farewell,noun,B1,2,ליבה מורחבת,2-3,,CEFR-J v1.5
farming,noun,B1,2,ליבה מורחבת,2-3,,CEFR-J v1.5
farmland,noun,B1,2,ליבה מורחבת,2-3,,CEFR-J v1.5
farther,adverb,B1,2,ליבה מורחבת,2-3,,CEFR-J v1.5
farthest,adverb,B1,2,ליבה מורחבת,2-3,,CEFR-J v1.5
fascinate,verb,B1,2,ליבה מורחבת,2-3,,CEFR-J v1.5
fascinated,adjective,B2,3,הרחבה אקדמית,3,,CEFR-J v1.5
fascinating,adjective,A2,1,ליבה,1-2,,CEFR-J v1.5
fascination,noun,B2,3,הרחבה אקדמית,3,,CEFR-J v1.5
fashion,noun,A2,1,ליבה,1-2,,CEFR-J v1.5
fashionable,adjective,B1,2,ליבה מורחבת,2-3,,CEFR-J v1.5
fast food,noun,A2,1,ליבה,1-2,,CEFR-J v1.5
fasten,verb,B1,2,ליבה מורחבת,2-3,,CEFR-J v1.5
fatal,adjective,B2,3,הרחבה אקדמית,3,,CEFR-J v1.5
fate,noun,B2,3,הרחבה אקדמית,3,,CEFR-J v1.5
father-in-law,noun,B2,3,הרחבה אקדמית,3,,CEFR-J v1.5
fault,noun,A2,1,ליבה,1-2,,CEFR-J v1.5
faulty,adjective,B2,3,הרחבה אקדמית,3,,CEFR-J v1.5
favor/favour,noun,A2,1,ליבה,1-2,,CEFR-J v1.5
favorable/favourable,adjective,B1,2,ליבה מורחבת,2-3,,CEFR-J v1.5
fax,noun,B1,2,ליבה מורחבת,2-3,,CEFR-J v1.5
fear,noun,A2,1,ליבה,1-2,,CEFR-J v1.5
fearsome,adjective,B2,3,הרחבה אקדמית,3,,CEFR-J v1.5
feast,noun,B1,2,ליבה מורחבת,2-3,,CEFR-J v1.5
feat,noun,B2,3,הרחבה אקדמית,3,,CEFR-J v1.5
feather,noun,A2,1,ליבה,1-2,,CEFR-J v1.5
feature,noun,A2,1,ליבה,1-2,,CEFR-J v1.5
fed up,adjective,B2,3,הרחבה אקדמית,3,,CEFR-J v1.5
federal,adjective,B2,3,הרחבה אקדמית,3,,CEFR-J v1.5
fee,noun,A2,1,ליבה,1-2,,CEFR-J v1.5
feedback,noun,B2,3,הרחבה אקדמית,3,,CEFR-J v1.5
fellow,noun,B1,2,ליבה מורחבת,2-3,,CEFR-J v1.5
female,adjective,A2,1,ליבה,1-2,,CEFR-J v1.5
fence,noun,A2,1,ליבה,1-2,,CEFR-J v1.5
ferry,noun,B1,2,ליבה מורחבת,2-3,,CEFR-J v1.5
ferryboat,noun,B2,3,הרחבה אקדמית,3,,CEFR-J v1.5
festive,adjective,B1,2,ליבה מורחבת,2-3,,CEFR-J v1.5
fetch,verb,B1,2,ליבה מורחבת,2-3,,CEFR-J v1.5
feverishly,adverb,B1,2,ליבה מורחבת,2-3,,CEFR-J v1.5
few,determiner,A2,1,ליבה,1-2,,CEFR-J v1.5
fiber/fibre,noun,B2,3,הרחבה אקדמית,3,,CEFR-J v1.5
fiction,noun,A2,1,ליבה,1-2,,CEFR-J v1.5
fictional,adjective,B2,3,הרחבה אקדמית,3,,CEFR-J v1.5
fierce,adjective,B2,3,הרחבה אקדמית,3,,CEFR-J v1.5
fifth,noun,B1,2,ליבה מורחבת,2-3,,CEFR-J v1.5
fighter,noun,A2,1,ליבה,1-2,,CEFR-J v1.5
fighting,noun,B2,3,הרחבה אקדמית,3,,CEFR-J v1.5
figurative,adjective,B2,3,הרחבה אקדמית,3,,CEFR-J v1.5
figure,noun,A2,1,ליבה,1-2,,CEFR-J v1.5
filial,adjective,B2,3,הרחבה אקדמית,3,,CEFR-J v1.5
filling,noun,B1,2,ליבה מורחבת,2-3,,CEFR-J v1.5
film,noun,A2,1,ליבה,1-2,,CEFR-J v1.5
film-maker,noun,B1,2,ליבה מורחבת,2-3,,CEFR-J v1.5
filter,noun,B1,2,ליבה מורחבת,2-3,,CEFR-J v1.5
final,adjective,A2,1,ליבה,1-2,,CEFR-J v1.5
finally,adverb,A2,1,ליבה,1-2,,CEFR-J v1.5
finance,verb,B1,2,ליבה מורחבת,2-3,,CEFR-J v1.5
financial,adjective,B1,2,ליבה מורחבת,2-3,,CEFR-J v1.5
financially,adverb,B2,3,הרחבה אקדמית,3,,CEFR-J v1.5
finding,noun,B1,2,ליבה מורחבת,2-3,,CEFR-J v1.5
finely,adverb,B2,3,הרחבה אקדמית,3,,CEFR-J v1.5
finger,noun,B1,2,ליבה מורחבת,2-3,,CEFR-J v1.5
fingernail,noun,B2,3,הרחבה אקדמית,3,,CEFR-J v1.5
fire brigade,noun,B2,3,הרחבה אקדמית,3,,CEFR-J v1.5
fire station,noun,B1,2,ליבה מורחבת,2-3,,CEFR-J v1.5
firearm,noun,B2,3,הרחבה אקדמית,3,,CEFR-J v1.5
firefighter,noun,B1,2,ליבה מורחבת,2-3,,CEFR-J v1.5
fireplace,noun,B2,3,הרחבה אקדמית,3,,CEFR-J v1.5
firework,noun,B1,2,ליבה מורחבת,2-3,,CEFR-J v1.5
firm,adjective,B1,2,ליבה מורחבת,2-3,,CEFR-J v1.5
firmly,adverb,B1,2,ליבה מורחבת,2-3,,CEFR-J v1.5
firmness,noun,B2,3,הרחבה אקדמית,3,,CEFR-J v1.5
first floor,noun,B1,2,ליבה מורחבת,2-3,,CEFR-J v1.5
first lady,noun,B1,2,ליבה מורחבת,2-3,,CEFR-J v1.5
first language,noun,B2,3,הרחבה אקדמית,3,,CEFR-J v1.5
first name,noun,A2,1,ליבה,1-2,,CEFR-J v1.5
first person,noun,B2,3,הרחבה אקדמית,3,,CEFR-J v1.5
first-floor,adjective,B1,2,ליבה מורחבת,2-3,,CEFR-J v1.5
firstly,adverb,B2,3,הרחבה אקדמית,3,,CEFR-J v1.5
fiscal,adjective,B2,3,הרחבה אקדמית,3,,CEFR-J v1.5
fisherman,noun,A2,1,ליבה,1-2,,CEFR-J v1.5
fit,adjective,A2,1,ליבה,1-2,,CEFR-J v1.5
fitness,noun,B1,2,ליבה מורחבת,2-3,,CEFR-J v1.5
fix,noun,A2,1,ליבה,1-2,,CEFR-J v1.5
fixed,adjective,B2,3,הרחבה אקדמית,3,,CEFR-J v1.5
flame,noun,B2,3,הרחבה אקדמית,3,,CEFR-J v1.5
flap,verb,B2,3,הרחבה אקדמית,3,,CEFR-J v1.5
flash,adjective,B1,2,ליבה מורחבת,2-3,,CEFR-J v1.5
flavor/flavour,noun,B1,2,ליבה מורחבת,2-3,,CEFR-J v1.5
flaw,noun,B2,3,הרחבה אקדמית,3,,CEFR-J v1.5
flawless,adjective,B2,3,הרחבה אקדמית,3,,CEFR-J v1.5
flax,noun,B2,3,הרחבה אקדמית,3,,CEFR-J v1.5
flea,noun,A2,1,ליבה,1-2,,CEFR-J v1.5
flee,verb,B2,3,הרחבה אקדמית,3,,CEFR-J v1.5
fleet,noun,B2,3,הרחבה אקדמית,3,,CEFR-J v1.5
flesh,noun,B2,3,הרחבה אקדמית,3,,CEFR-J v1.5
flexibility,noun,B2,3,הרחבה אקדמית,3,,CEFR-J v1.5
flexible,adjective,B2,3,הרחבה אקדמית,3,,CEFR-J v1.5
flexibly,adverb,B2,3,הרחבה אקדמית,3,,CEFR-J v1.5
flight,noun,A2,1,ליבה,1-2,,CEFR-J v1.5
flip,verb,B2,3,הרחבה אקדמית,3,,CEFR-J v1.5
float,noun,A2,1,ליבה,1-2,,CEFR-J v1.5
flock,noun,B1,2,ליבה מורחבת,2-3,,CEFR-J v1.5
flood,noun,A2,1,ליבה,1-2,,CEFR-J v1.5
flour,noun,A2,1,ליבה,1-2,,CEFR-J v1.5
flow,noun,B1,2,ליבה מורחבת,2-3,,CEFR-J v1.5
flu,noun,B1,2,ליבה מורחבת,2-3,,CEFR-J v1.5
fluency,noun,B2,3,הרחבה אקדמית,3,,CEFR-J v1.5
fluent,adjective,B1,2,ליבה מורחבת,2-3,,CEFR-J v1.5
fluently,adverb,B1,2,ליבה מורחבת,2-3,,CEFR-J v1.5
fluid,adjective,B2,3,הרחבה אקדמית,3,,CEFR-J v1.5
flunk,verb,B1,2,ליבה מורחבת,2-3,,CEFR-J v1.5
flute,noun,B1,2,ליבה מורחבת,2-3,,CEFR-J v1.5
flutter,noun,B2,3,הרחבה אקדמית,3,,CEFR-J v1.5
fog,noun,A2,1,ליבה,1-2,,CEFR-J v1.5
fold,noun,B1,2,ליבה מורחבת,2-3,,CEFR-J v1.5
folder,noun,A2,1,ליבה,1-2,,CEFR-J v1.5
folk,noun,B1,2,ליבה מורחבת,2-3,,CEFR-J v1.5
follow,verb,A2,1,ליבה,1-2,,CEFR-J v1.5
follower,noun,B2,3,הרחבה אקדמית,3,,CEFR-J v1.5
folly,noun,B2,3,הרחבה אקדמית,3,,CEFR-J v1.5
fond,adjective,B1,2,ליבה מורחבת,2-3,,CEFR-J v1.5
fondly,adverb,B2,3,הרחבה אקדמית,3,,CEFR-J v1.5
fondness,noun,B1,2,ליבה מורחבת,2-3,,CEFR-J v1.5
fool,noun,A2,1,ליבה,1-2,,CEFR-J v1.5
foolish,adjective,B1,2,ליבה מורחבת,2-3,,CEFR-J v1.5
foolishly,adverb,B2,3,הרחבה אקדמית,3,,CEFR-J v1.5
foot,noun,B1,2,ליבה מורחבת,2-3,,CEFR-J v1.5
footballer,noun,A2,1,ליבה,1-2,,CEFR-J v1.5
footnote,noun,B2,3,הרחבה אקדמית,3,,CEFR-J v1.5
forbid,verb,A2,1,ליבה,1-2,,CEFR-J v1.5
forbidden,adjective,B1,2,ליבה מורחבת,2-3,,CEFR-J v1.5
force,noun,A2,1,ליבה,1-2,,CEFR-J v1.5
forcefully,adverb,B2,3,הרחבה אקדמית,3,,CEFR-J v1.5
forecast,noun,B1,2,ליבה מורחבת,2-3,,CEFR-J v1.5
forehead,noun,B1,2,ליבה מורחבת,2-3,,CEFR-J v1.5
foreman,noun,B2,3,הרחבה אקדמית,3,,CEFR-J v1.5
foresee,verb,B2,3,הרחבה אקדמית,3,,CEFR-J v1.5
forest,noun,A2,1,ליבה,1-2,,CEFR-J v1.5
forestry,noun,B2,3,הרחבה אקדמית,3,,CEFR-J v1.5
forever,adverb,A2,1,ליבה,1-2,,CEFR-J v1.5
forgive,verb,B1,2,ליבה מורחבת,2-3,,CEFR-J v1.5
fork,noun,A2,1,ליבה,1-2,,CEFR-J v1.5
formal,adjective,B1,2,ליבה מורחבת,2-3,,CEFR-J v1.5
formally,adverb,B1,2,ליבה מורחבת,2-3,,CEFR-J v1.5
format,noun,B1,2,ליבה מורחבת,2-3,,CEFR-J v1.5
formation,noun,B2,3,הרחבה אקדמית,3,,CEFR-J v1.5
former,adjective,B1,2,ליבה מורחבת,2-3,,CEFR-J v1.5
formerly,adverb,B2,3,הרחבה אקדמית,3,,CEFR-J v1.5
formidable,adjective,B2,3,הרחבה אקדמית,3,,CEFR-J v1.5
formula,noun,B1,2,ליבה מורחבת,2-3,,CEFR-J v1.5
forth,adverb,B1,2,ליבה מורחבת,2-3,,CEFR-J v1.5
forthcoming,adjective,B2,3,הרחבה אקדמית,3,,CEFR-J v1.5
fortnight,noun,B1,2,ליבה מורחבת,2-3,,CEFR-J v1.5
fortunate,adjective,B1,2,ליבה מורחבת,2-3,,CEFR-J v1.5
fortunately,adverb,A2,1,ליבה,1-2,,CEFR-J v1.5
fortune,noun,A2,1,ליבה,1-2,,CEFR-J v1.5
forward,adverb,A2,1,ליבה,1-2,,CEFR-J v1.5
foul,adjective,B2,3,הרחבה אקדמית,3,,CEFR-J v1.5
found,verb,B2,3,הרחבה אקדמית,3,,CEFR-J v1.5
foundation,noun,B1,2,ליבה מורחבת,2-3,,CEFR-J v1.5
fountain,noun,B1,2,ליבה מורחבת,2-3,,CEFR-J v1.5
fox,noun,B2,3,הרחבה אקדמית,3,,CEFR-J v1.5
fragment,noun,B1,2,ליבה מורחבת,2-3,,CEFR-J v1.5
fragrance,noun,B2,3,הרחבה אקדמית,3,,CEFR-J v1.5
frame,noun,A2,1,ליבה,1-2,,CEFR-J v1.5
frank,adjective,A2,1,ליבה,1-2,,CEFR-J v1.5
frankly,adverb,B2,3,הרחבה אקדמית,3,,CEFR-J v1.5
frantically,adverb,B2,3,הרחבה אקדמית,3,,CEFR-J v1.5
fraud,noun,B2,3,הרחבה אקדמית,3,,CEFR-J v1.5
freak,verb,B2,3,הרחבה אקדמית,3,,CEFR-J v1.5
freedom,noun,A2,1,ליבה,1-2,,CEFR-J v1.5
freely,adverb,B1,2,ליבה מורחבת,2-3,,CEFR-J v1.5
freeze,verb,A2,1,ליבה,1-2,,CEFR-J v1.5
freezer,noun,B1,2,ליבה מורחבת,2-3,,CEFR-J v1.5
freezing,adjective,B1,2,ליבה מורחבת,2-3,,CEFR-J v1.5
frequency,noun,B1,2,ליבה מורחבת,2-3,,CEFR-J v1.5
frequent,adjective,B1,2,ליבה מורחבת,2-3,,CEFR-J v1.5
frequently,adverb,B1,2,ליבה מורחבת,2-3,,CEFR-J v1.5
fresh,adjective,A2,1,ליבה,1-2,,CEFR-J v1.5
freshman,noun,B1,2,ליבה מורחבת,2-3,,CEFR-J v1.5
fridge,noun,A2,1,ליבה,1-2,,CEFR-J v1.5
fried,adjective,A2,1,ליבה,1-2,,CEFR-J v1.5
friendliness,noun,B1,2,ליבה מורחבת,2-3,,CEFR-J v1.5
friendly,adjective,B2,3,הרחבה אקדמית,3,,CEFR-J v1.5
friendship,noun,A2,1,ליבה,1-2,,CEFR-J v1.5
frigate,noun,B2,3,הרחבה אקדמית,3,,CEFR-J v1.5
fright,noun,B1,2,ליבה מורחבת,2-3,,CEFR-J v1.5
frighten,verb,A2,1,ליבה,1-2,,CEFR-J v1.5
frightened,adjective,A2,1,ליבה,1-2,,CEFR-J v1.5
frightening,adjective,A2,1,ליבה,1-2,,CEFR-J v1.5
frontier,noun,B2,3,הרחבה אקדמית,3,,CEFR-J v1.5
frost,noun,B1,2,ליבה מורחבת,2-3,,CEFR-J v1.5
frozen,adjective,B1,2,ליבה מורחבת,2-3,,CEFR-J v1.5
frugal,adjective,B2,3,הרחבה אקדמית,3,,CEFR-J v1.5
frustrated,adjective,B1,2,ליבה מורחבת,2-3,,CEFR-J v1.5
frustration,noun,B1,2,ליבה מורחבת,2-3,,CEFR-J v1.5
fry,noun,A2,1,ליבה,1-2,,CEFR-J v1.5
frying pan,noun,B1,2,ליבה מורחבת,2-3,,CEFR-J v1.5
fuel,noun,B1,2,ליבה מורחבת,2-3,,CEFR-J v1.5
fulfill/fulfil,verb,B2,3,הרחבה אקדמית,3,,CEFR-J v1.5
full stop,noun,B1,2,ליבה מורחבת,2-3,,CEFR-J v1.5
full-time,adjective,B1,2,ליבה מורחבת,2-3,,CEFR-J v1.5
fully,adverb,A2,1,ליבה,1-2,,CEFR-J v1.5
fume,noun,B2,3,הרחבה אקדמית,3,,CEFR-J v1.5
function,verb,A2,1,ליבה,1-2,,CEFR-J v1.5
functional,adjective,B2,3,הרחבה אקדמית,3,,CEFR-J v1.5
functionality,noun,B2,3,הרחבה אקדמית,3,,CEFR-J v1.5
fund,noun,B1,2,ליבה מורחבת,2-3,,CEFR-J v1.5
fundamental,adjective,B2,3,הרחבה אקדמית,3,,CEFR-J v1.5
funeral,noun,B1,2,ליבה מורחבת,2-3,,CEFR-J v1.5
funk,noun,B2,3,הרחבה אקדמית,3,,CEFR-J v1.5
funky,adjective,B2,3,הרחבה אקדמית,3,,CEFR-J v1.5
fur,noun,B1,2,ליבה מורחבת,2-3,,CEFR-J v1.5
furious,adjective,B2,3,הרחבה אקדמית,3,,CEFR-J v1.5
furiously,adverb,B2,3,הרחבה אקדמית,3,,CEFR-J v1.5
furnish,verb,B1,2,ליבה מורחבת,2-3,,CEFR-J v1.5
furniture,noun,A2,1,ליבה,1-2,,CEFR-J v1.5
furor/furore,noun,B2,3,הרחבה אקדמית,3,,CEFR-J v1.5
further,adjective,A2,1,ליבה,1-2,,CEFR-J v1.5
furthermore,adverb,B1,2,ליבה מורחבת,2-3,,CEFR-J v1.5
furthest,adverb,B1,2,ליבה מורחבת,2-3,,CEFR-J v1.5
fuss,noun,B1,2,ליבה מורחבת,2-3,,CEFR-J v1.5
gaiety,noun,B2,3,הרחבה אקדמית,3,,CEFR-J v1.5
gain,noun,B1,2,ליבה מורחבת,2-3,,CEFR-J v1.5
gall,noun,B1,2,ליבה מורחבת,2-3,,CEFR-J v1.5
gallery,noun,A2,1,ליבה,1-2,,CEFR-J v1.5
gallon,noun,B1,2,ליבה מורחבת,2-3,,CEFR-J v1.5
gambling,noun,B2,3,הרחבה אקדמית,3,,CEFR-J v1.5
gang,noun,B2,3,הרחבה אקדמית,3,,CEFR-J v1.5
gangster,noun,B2,3,הרחבה אקדמית,3,,CEFR-J v1.5
gap,noun,B1,2,ליבה מורחבת,2-3,,CEFR-J v1.5
garage,noun,A2,1,ליבה,1-2,,CEFR-J v1.5
gardener,noun,B2,3,הרחבה אקדמית,3,,CEFR-J v1.5
gardening,noun,B1,2,ליבה מורחבת,2-3,,CEFR-J v1.5
garlic,noun,A2,1,ליבה,1-2,,CEFR-J v1.5
garment,noun,B1,2,ליבה מורחבת,2-3,,CEFR-J v1.5
gas,noun,A2,1,ליבה,1-2,,CEFR-J v1.5
gasp,noun,B2,3,הרחבה אקדמית,3,,CEFR-J v1.5
gate,noun,A2,1,ליבה,1-2,,CEFR-J v1.5
gateway,noun,B2,3,הרחבה אקדמית,3,,CEFR-J v1.5
gather,verb,A2,1,ליבה,1-2,,CEFR-J v1.5
gaudy,adjective,B2,3,הרחבה אקדמית,3,,CEFR-J v1.5
gay,adjective,B1,2,ליבה מורחבת,2-3,,CEFR-J v1.5
gaze,noun,B2,3,הרחבה אקדמית,3,,CEFR-J v1.5
gear,noun,B2,3,הרחבה אקדמית,3,,CEFR-J v1.5
gee,interjection,B1,2,ליבה מורחבת,2-3,,CEFR-J v1.5
gender,noun,A2,1,ליבה,1-2,,CEFR-J v1.5
gene,noun,B1,2,ליבה מורחבת,2-3,,CEFR-J v1.5
general,adjective,B1,2,ליבה מורחבת,2-3,,CEFR-J v1.5
generalization/generalisation,noun,B2,3,הרחבה אקדמית,3,,CEFR-J v1.5
generalize/generalise,verb,B2,3,הרחבה אקדמית,3,,CEFR-J v1.5
generally,adverb,B1,2,ליבה מורחבת,2-3,,CEFR-J v1.5
generate,verb,B1,2,ליבה מורחבת,2-3,,CEFR-J v1.5
generation,noun,A2,1,ליבה,1-2,,CEFR-J v1.5
generosity,noun,B2,3,הרחבה אקדמית,3,,CEFR-J v1.5
generous,adjective,B1,2,ליבה מורחבת,2-3,,CEFR-J v1.5
generously,adverb,B2,3,הרחבה אקדמית,3,,CEFR-J v1.5
genetic,adjective,B1,2,ליבה מורחבת,2-3,,CEFR-J v1.5
genetically,adverb,B1,2,ליבה מורחבת,2-3,,CEFR-J v1.5
genetics,noun,B1,2,ליבה מורחבת,2-3,,CEFR-J v1.5
genius,noun,B2,3,הרחבה אקדמית,3,,CEFR-J v1.5
genre,noun,B2,3,הרחבה אקדמית,3,,CEFR-J v1.5
gentle,adjective,A2,1,ליבה,1-2,,CEFR-J v1.5
gentleman,noun,B1,2,ליבה מורחבת,2-3,,CEFR-J v1.5
gently,adverb,B2,3,הרחבה אקדמית,3,,CEFR-J v1.5
genuine,adjective,B2,3,הרחבה אקדמית,3,,CEFR-J v1.5
genuinely,adverb,B2,3,הרחבה אקדמית,3,,CEFR-J v1.5
geographic,adjective,B2,3,הרחבה אקדמית,3,,CEFR-J v1.5
geographical,adjective,B1,2,ליבה מורחבת,2-3,,CEFR-J v1.5
geography,noun,B1,2,ליבה מורחבת,2-3,,CEFR-J v1.5
geology,noun,B1,2,ליבה מורחבת,2-3,,CEFR-J v1.5
germ,noun,B2,3,הרחבה אקדמית,3,,CEFR-J v1.5
gesture,noun,B1,2,ליבה מורחבת,2-3,,CEFR-J v1.5
getaway,noun,B2,3,הרחבה אקדמית,3,,CEFR-J v1.5
ghetto,noun,B2,3,הרחבה אקדמית,3,,CEFR-J v1.5
giant,adjective,B1,2,ליבה מורחבת,2-3,,CEFR-J v1.5
gifted,adjective,B1,2,ליבה מורחבת,2-3,,CEFR-J v1.5
giggle,noun,B1,2,ליבה מורחבת,2-3,,CEFR-J v1.5
ginger,noun,B1,2,ליבה מורחבת,2-3,,CEFR-J v1.5
giraffe,noun,B1,2,ליבה מורחבת,2-3,,CEFR-J v1.5
giveaway,noun,B2,3,הרחבה אקדמית,3,,CEFR-J v1.5
given,adjective,A2,1,ליבה,1-2,,CEFR-J v1.5
glacis,noun,B2,3,הרחבה אקדמית,3,,CEFR-J v1.5
glamorous/glamourous,adjective,B2,3,הרחבה אקדמית,3,,CEFR-J v1.5
glance,noun,B1,2,ליבה מורחבת,2-3,,CEFR-J v1.5
glare,noun,B2,3,הרחבה אקדמית,3,,CEFR-J v1.5
gleam,noun,B2,3,הרחבה אקדמית,3,,CEFR-J v1.5
glee,noun,B2,3,הרחבה אקדמית,3,,CEFR-J v1.5
glide,noun,B1,2,ליבה מורחבת,2-3,,CEFR-J v1.5
glimpse,noun,B1,2,ליבה מורחבת,2-3,,CEFR-J v1.5
glint,noun,B1,2,ליבה מורחבת,2-3,,CEFR-J v1.5
global,adjective,B1,2,ליבה מורחבת,2-3,,CEFR-J v1.5
global warming,noun,B2,3,הרחבה אקדמית,3,,CEFR-J v1.5
globally,adverb,B2,3,הרחבה אקדמית,3,,CEFR-J v1.5
globe,noun,A2,1,ליבה,1-2,,CEFR-J v1.5
glocal,adjective,B2,3,הרחבה אקדמית,3,,CEFR-J v1.5
gloomy,adjective,B2,3,הרחבה אקדמית,3,,CEFR-J v1.5
glorify,verb,B2,3,הרחבה אקדמית,3,,CEFR-J v1.5
glorious,adjective,B1,2,ליבה מורחבת,2-3,,CEFR-J v1.5
glory,noun,B1,2,ליבה מורחבת,2-3,,CEFR-J v1.5
glove,noun,A2,1,ליבה,1-2,,CEFR-J v1.5
glow,noun,B2,3,הרחבה אקדמית,3,,CEFR-J v1.5
goalkeeper,noun,B1,2,ליבה מורחבת,2-3,,CEFR-J v1.5
goat,noun,B2,3,הרחבה אקדמית,3,,CEFR-J v1.5
god,noun,B2,3,הרחבה אקדמית,3,,CEFR-J v1.5
goddess,noun,B1,2,ליבה מורחבת,2-3,,CEFR-J v1.5
godly,adjective,B2,3,הרחבה אקדמית,3,,CEFR-J v1.5
golden,adjective,A2,1,ליבה,1-2,,CEFR-J v1.5
golf,noun,A2,1,ליבה,1-2,,CEFR-J v1.5
golfer,noun,B1,2,ליבה מורחבת,2-3,,CEFR-J v1.5
good-looking,adjective,A2,1,ליבה,1-2,,CEFR-J v1.5
goodness,interjection,B1,2,ליבה מורחבת,2-3,,CEFR-J v1.5
goods,noun,B1,2,ליבה מורחבת,2-3,,CEFR-J v1.5
goodwill,noun,B2,3,הרחבה אקדמית,3,,CEFR-J v1.5
gook,noun,B2,3,הרחבה אקדמית,3,,CEFR-J v1.5
gorge,noun,B2,3,הרחבה אקדמית,3,,CEFR-J v1.5
gorgeous,adjective,B1,2,ליבה מורחבת,2-3,,CEFR-J v1.5
gorilla,noun,B1,2,ליבה מורחבת,2-3,,CEFR-J v1.5
gossip,noun,B1,2,ליבה מורחבת,2-3,,CEFR-J v1.5
govern,verb,B1,2,ליבה מורחבת,2-3,,CEFR-J v1.5
government,noun,A2,1,ליבה,1-2,,CEFR-J v1.5
governmental,adjective,B2,3,הרחבה אקדמית,3,,CEFR-J v1.5
governor,noun,B1,2,ליבה מורחבת,2-3,,CEFR-J v1.5
gown,noun,B1,2,ליבה מורחבת,2-3,,CEFR-J v1.5
grab,verb,B1,2,ליבה מורחבת,2-3,,CEFR-J v1.5
grace,noun,A2,1,ליבה,1-2,,CEFR-J v1.5
graceful,adjective,B1,2,ליבה מורחבת,2-3,,CEFR-J v1.5
gracefulness,noun,B2,3,הרחבה אקדמית,3,,CEFR-J v1.5
gradual,adjective,B2,3,הרחבה אקדמית,3,,CEFR-J v1.5
gradually,adverb,A2,1,ליבה,1-2,,CEFR-J v1.5
graduate,verb,A2,1,ליבה,1-2,,CEFR-J v1.5
graduation,noun,B1,2,ליבה מורחבת,2-3,,CEFR-J v1.5
grain,noun,B2,3,הרחבה אקדמית,3,,CEFR-J v1.5
gram/gramme,noun,A2,1,ליבה,1-2,,CEFR-J v1.5
grand,adjective,B2,3,הרחבה אקדמית,3,,CEFR-J v1.5
grandchild,noun,A2,1,ליבה,1-2,,CEFR-J v1.5
granddad,noun,A2,1,ליבה,1-2,,CEFR-J v1.5
granddaughter,noun,A2,1,ליבה,1-2,,CEFR-J v1.5
grandson,noun,A2,1,ליבה,1-2,,CEFR-J v1.5
granny,noun,A2,1,ליבה,1-2,,CEFR-J v1.5
grant,noun,B1,2,ליבה מורחבת,2-3,,CEFR-J v1.5
graph,noun,B1,2,ליבה מורחבת,2-3,,CEFR-J v1.5
graphic,adjective,B1,2,ליבה מורחבת,2-3,,CEFR-J v1.5
graphically,adverb,B2,3,הרחבה אקדמית,3,,CEFR-J v1.5
graphics,noun,B1,2,ליבה מורחבת,2-3,,CEFR-J v1.5
grasp,noun,B2,3,הרחבה אקדמית,3,,CEFR-J v1.5
grateful,adjective,A2,1,ליבה,1-2,,CEFR-J v1.5
gratitude,noun,B1,2,ליבה מורחבת,2-3,,CEFR-J v1.5
grave,noun,B1,2,ליבה מורחבת,2-3,,CEFR-J v1.5
gravestone,noun,B2,3,הרחבה אקדמית,3,,CEFR-J v1.5
gravitation,noun,B2,3,הרחבה אקדמית,3,,CEFR-J v1.5
gravy,noun,B1,2,ליבה מורחבת,2-3,,CEFR-J v1.5
greatly,adverb,A2,1,ליבה,1-2,,CEFR-J v1.5
greatness,noun,B2,3,הרחבה אקדמית,3,,CEFR-J v1.5
greedy,adjective,A2,1,ליבה,1-2,,CEFR-J v1.5
greenhouse,noun,B1,2,ליבה מורחבת,2-3,,CEFR-J v1.5
greeting,noun,B1,2,ליבה מורחבת,2-3,,CEFR-J v1.5
grief,noun,B2,3,הרחבה אקדמית,3,,CEFR-J v1.5
grieve,verb,B2,3,הרחבה אקדמית,3,,CEFR-J v1.5
grill,noun,B1,2,ליבה מורחבת,2-3,,CEFR-J v1.5
grilled,adjective,A2,1,ליבה,1-2,,CEFR-J v1.5
grim,adjective,B2,3,הרחבה אקדמית,3,,CEFR-J v1.5
grin,noun,B2,3,הרחבה אקדמית,3,,CEFR-J v1.5
grip,noun,B2,3,הרחבה אקדמית,3,,CEFR-J v1.5
grocery store,noun,A2,1,ליבה,1-2,,CEFR-J v1.5
groom,noun,B1,2,ליבה מורחבת,2-3,,CEFR-J v1.5
gross,adjective,B2,3,הרחבה אקדמית,3,,CEFR-J v1.5
ground floor,noun,B1,2,ליבה מורחבת,2-3,,CEFR-J v1.5
grouping,noun,B1,2,ליבה מורחבת,2-3,,CEFR-J v1.5
growing,adjective,B2,3,הרחבה אקדמית,3,,CEFR-J v1.5
grown-up,adjective,B2,3,הרחבה אקדמית,3,,CEFR-J v1.5
growth,noun,B1,2,ליבה מורחבת,2-3,,CEFR-J v1.5
guarantee,noun,B1,2,ליבה מורחבת,2-3,,CEFR-J v1.5
guard,noun,A2,1,ליבה,1-2,,CEFR-J v1.5
guerrilla,noun,B2,3,הרחבה אקדמית,3,,CEFR-J v1.5
guidance,noun,B1,2,ליבה מורחבת,2-3,,CEFR-J v1.5
guide,noun,B1,2,ליבה מורחבת,2-3,,CEFR-J v1.5
guidebook,noun,A2,1,ליבה,1-2,,CEFR-J v1.5
guideline,noun,B2,3,הרחבה אקדמית,3,,CEFR-J v1.5
guilt,noun,B1,2,ליבה מורחבת,2-3,,CEFR-J v1.5
guilty,adjective,B1,2,ליבה מורחבת,2-3,,CEFR-J v1.5
guitarist,noun,B1,2,ליבה מורחבת,2-3,,CEFR-J v1.5
gulp,noun,B2,3,הרחבה אקדמית,3,,CEFR-J v1.5
gum,noun,B2,3,הרחבה אקדמית,3,,CEFR-J v1.5
gun,noun,A2,1,ליבה,1-2,,CEFR-J v1.5
gunshot,noun,B2,3,הרחבה אקדמית,3,,CEFR-J v1.5
guts,noun,B2,3,הרחבה אקדמית,3,,CEFR-J v1.5
gym,noun,B1,2,ליבה מורחבת,2-3,,CEFR-J v1.5
gymnastic,adjective,B2,3,הרחבה אקדמית,3,,CEFR-J v1.5
gymnastics,noun,B1,2,ליבה מורחבת,2-3,,CEFR-J v1.5
habitant,noun,B2,3,הרחבה אקדמית,3,,CEFR-J v1.5
habitat,noun,B1,2,ליבה מורחבת,2-3,,CEFR-J v1.5
hail,verb,B2,3,הרחבה אקדמית,3,,CEFR-J v1.5
hairdresser,noun,B1,2,ליבה מורחבת,2-3,,CEFR-J v1.5
hairdryer,noun,B1,2,ליבה מורחבת,2-3,,CEFR-J v1.5
hairy,adjective,B2,3,הרחבה אקדמית,3,,CEFR-J v1.5
half-price,adjective,A2,1,ליבה,1-2,,CEFR-J v1.5
ham,noun,A2,1,ליבה,1-2,,CEFR-J v1.5
hammer,noun,B1,2,ליבה מורחבת,2-3,,CEFR-J v1.5
handbag,noun,A2,1,ליבה,1-2,,CEFR-J v1.5
handball,noun,B1,2,ליבה מורחבת,2-3,,CEFR-J v1.5
hand-held,adjective,B1,2,ליבה מורחבת,2-3,,CEFR-J v1.5
handicap,noun,B2,3,הרחבה אקדמית,3,,CEFR-J v1.5
handicapped,adjective,A2,1,ליבה,1-2,,CEFR-J v1.5
handicraft,noun,B2,3,הרחבה אקדמית,3,,CEFR-J v1.5
handkerchief,noun,B1,2,ליבה מורחבת,2-3,,CEFR-J v1.5
handle,noun,A2,1,ליבה,1-2,,CEFR-J v1.5
handout,noun,B2,3,הרחבה אקדמית,3,,CEFR-J v1.5
handrail,noun,B2,3,הרחבה אקדמית,3,,CEFR-J v1.5
handshake,noun,B1,2,ליבה מורחבת,2-3,,CEFR-J v1.5
handwriting,noun,B1,2,ליבה מורחבת,2-3,,CEFR-J v1.5
handy,adjective,B1,2,ליבה מורחבת,2-3,,CEFR-J v1.5
hang,verb,B1,2,ליבה מורחבת,2-3,,CEFR-J v1.5
hanging,adjective,B1,2,ליבה מורחבת,2-3,,CEFR-J v1.5
happily,adverb,A2,1,ליבה,1-2,,CEFR-J v1.5
happiness,noun,A2,1,ליבה,1-2,,CEFR-J v1.5
harbor/harbour,noun,B1,2,ליבה מורחבת,2-3,,CEFR-J v1.5
hard drive,noun,B2,3,הרחבה אקדמית,3,,CEFR-J v1.5
hardly,adverb,A2,1,ליבה,1-2,,CEFR-J v1.5
hardship,noun,B1,2,ליבה מורחבת,2-3,,CEFR-J v1.5
hardware,noun,B2,3,הרחבה אקדמית,3,,CEFR-J v1.5
hard-working,adjective,B1,2,ליבה מורחבת,2-3,,CEFR-J v1.5
harm,verb,A2,1,ליבה,1-2,,CEFR-J v1.5
harmful,adjective,A2,1,ליבה,1-2,,CEFR-J v1.5
harmless,adjective,B2,3,הרחבה אקדמית,3,,CEFR-J v1.5
harmony,noun,A2,1,ליבה,1-2,,CEFR-J v1.5
harness,noun,B1,2,ליבה מורחבת,2-3,,CEFR-J v1.5
harrow,noun,B2,3,הרחבה אקדמית,3,,CEFR-J v1.5
harvest,noun,A2,1,ליבה,1-2,,CEFR-J v1.5
haste,noun,B2,3,הרחבה אקדמית,3,,CEFR-J v1.5
hastily,adverb,B2,3,הרחבה אקדמית,3,,CEFR-J v1.5
hasty,adjective,B1,2,ליבה מורחבת,2-3,,CEFR-J v1.5
hatch,noun,B1,2,ליבה מורחבת,2-3,,CEFR-J v1.5
hatching,noun,B2,3,הרחבה אקדמית,3,,CEFR-J v1.5
hate,verb,A2,1,ליבה,1-2,,CEFR-J v1.5
hatred,noun,B1,2,ליבה מורחבת,2-3,,CEFR-J v1.5
haunt,noun,B1,2,ליבה מורחבת,2-3,,CEFR-J v1.5
haunting,adjective,B2,3,הרחבה אקדמית,3,,CEFR-J v1.5
haven,noun,B1,2,ליבה מורחבת,2-3,,CEFR-J v1.5
hay,noun,B2,3,הרחבה אקדמית,3,,CEFR-J v1.5
hazard,noun,B1,2,ליבה מורחבת,2-3,,CEFR-J v1.5
hazardous,adjective,B2,3,הרחבה אקדמית,3,,CEFR-J v1.5
headline,noun,B1,2,ליבה מורחבת,2-3,,CEFR-J v1.5
headphone,noun,A2,1,ליבה,1-2,,CEFR-J v1.5
headquarters,noun,B2,3,הרחבה אקדמית,3,,CEFR-J v1.5
headteacher,noun,A2,1,ליבה,1-2,,CEFR-J v1.5
heal,verb,B1,2,ליבה מורחבת,2-3,,CEFR-J v1.5
healing,adjective,B1,2,ליבה מורחבת,2-3,,CEFR-J v1.5
health care,noun,B2,3,הרחבה אקדמית,3,,CEFR-J v1.5
heap,noun,B2,3,הרחבה אקדמית,3,,CEFR-J v1.5
hearing,noun,B1,2,ליבה מורחבת,2-3,,CEFR-J v1.5
heart attack,noun,B1,2,ליבה מורחבת,2-3,,CEFR-J v1.5
heartbreaking,adjective,B2,3,הרחבה אקדמית,3,,CEFR-J v1.5
hearted,adjective,B1,2,ליבה מורחבת,2-3,,CEFR-J v1.5
heartwarming/heart-warming,adjective,B2,3,הרחבה אקדמית,3,,CEFR-J v1.5
hearty,adjective,B1,2,ליבה מורחבת,2-3,,CEFR-J v1.5
heat,noun,A2,1,ליבה,1-2,,CEFR-J v1.5
heater,noun,B1,2,ליבה מורחבת,2-3,,CEFR-J v1.5
heating,noun,A2,1,ליבה,1-2,,CEFR-J v1.5
heaven,noun,B1,2,ליבה מורחבת,2-3,,CEFR-J v1.5
heavenly,adjective,B1,2,ליבה מורחבת,2-3,,CEFR-J v1.5
heavily,adverb,A2,1,ליבה,1-2,,CEFR-J v1.5
hedge,noun,B2,3,הרחבה אקדמית,3,,CEFR-J v1.5
heel,noun,B1,2,ליבה מורחבת,2-3,,CEFR-J v1.5
height,noun,B1,2,ליבה מורחבת,2-3,,CEFR-J v1.5
helicopter,noun,B2,3,הרחבה אקדמית,3,,CEFR-J v1.5
hell,noun,B2,3,הרחבה אקדמית,3,,CEFR-J v1.5
helmet,noun,B1,2,ליבה מורחבת,2-3,,CEFR-J v1.5
helper,noun,B2,3,הרחבה אקדמית,3,,CEFR-J v1.5
helpful,adjective,A2,1,ליבה,1-2,,CEFR-J v1.5
helpless,adjective,B1,2,ליבה מורחבת,2-3,,CEFR-J v1.5
hemp,noun,B2,3,הרחבה אקדמית,3,,CEFR-J v1.5
herb,noun,B2,3,הרחבה אקדמית,3,,CEFR-J v1.5
herd,noun,B1,2,ליבה מורחבת,2-3,,CEFR-J v1.5
heritage,noun,B2,3,הרחבה אקדמית,3,,CEFR-J v1.5
hero,noun,A2,1,ליבה,1-2,,CEFR-J v1.5
herself,pronoun,A2,1,ליבה,1-2,,CEFR-J v1.5
hesitate,verb,B1,2,ליבה מורחבת,2-3,,CEFR-J v1.5
hesitation,noun,B2,3,הרחבה אקדמית,3,,CEFR-J v1.5
hey,interjection,A2,1,ליבה,1-2,,CEFR-J v1.5
hidden,adjective,B1,2,ליבה מורחבת,2-3,,CEFR-J v1.5
high school,noun,A2,1,ליבה,1-2,,CEFR-J v1.5
highlight,verb,B1,2,ליבה מורחבת,2-3,,CEFR-J v1.5
highly,adverb,B1,2,ליבה מורחבת,2-3,,CEFR-J v1.5
high-tech/hi-tech,adjective,B2,3,הרחבה אקדמית,3,,CEFR-J v1.5
highway,noun,A2,1,ליבה,1-2,,CEFR-J v1.5
hijack,noun,B2,3,הרחבה אקדמית,3,,CEFR-J v1.5
hike,noun,A2,1,ליבה,1-2,,CEFR-J v1.5
hiking,noun,A2,1,ליבה,1-2,,CEFR-J v1.5
hilarious,adjective,B2,3,הרחבה אקדמית,3,,CEFR-J v1.5
himself,pronoun,A2,1,ליבה,1-2,,CEFR-J v1.5
hint,noun,B2,3,הרחבה אקדמית,3,,CEFR-J v1.5
hip,noun,B1,2,ליבה מורחבת,2-3,,CEFR-J v1.5
hip hop/hip-hop/hiphop,noun,A2,1,ליבה,1-2,,CEFR-J v1.5
hire,verb,B1,2,ליבה מורחבת,2-3,,CEFR-J v1.5
historian,noun,B1,2,ליבה מורחבת,2-3,,CEFR-J v1.5
historic,adjective,B1,2,ליבה מורחבת,2-3,,CEFR-J v1.5
historical,adjective,B1,2,ליבה מורחבת,2-3,,CEFR-J v1.5
hit,verb,A2,1,ליבה,1-2,,CEFR-J v1.5
HIV,noun,B1,2,ליבה מורחבת,2-3,,CEFR-J v1.5
hockey,noun,A2,1,ליבה,1-2,,CEFR-J v1.5
holder,noun,B2,3,הרחבה אקדמית,3,,CEFR-J v1.5
hollow,adjective,B2,3,הרחבה אקדמית,3,,CEFR-J v1.5
holocaust,noun,B2,3,הרחבה אקדמית,3,,CEFR-J v1.5
holy,adjective,B1,2,ליבה מורחבת,2-3,,CEFR-J v1.5
homeless,adjective,B1,2,ליבה מורחבת,2-3,,CEFR-J v1.5
homeward,adjective,B2,3,הרחבה אקדמית,3,,CEFR-J v1.5
hone,noun,B2,3,הרחבה אקדמית,3,,CEFR-J v1.5
honest,adjective,B1,2,ליבה מורחבת,2-3,,CEFR-J v1.5
honestly,adverb,B1,2,ליבה מורחבת,2-3,,CEFR-J v1.5
honesty,noun,B1,2,ליבה מורחבת,2-3,,CEFR-J v1.5
honey,noun,A2,1,ליבה,1-2,,CEFR-J v1.5
honeymoon,noun,B1,2,ליבה מורחבת,2-3,,CEFR-J v1.5
honor/honour,noun,A2,1,ליבה,1-2,,CEFR-J v1.5
honorable/honourable,adjective,B2,3,הרחבה אקדמית,3,,CEFR-J v1.5
hood,noun,B2,3,הרחבה אקדמית,3,,CEFR-J v1.5
hook,noun,B2,3,הרחבה אקדמית,3,,CEFR-J v1.5
hop,noun,B1,2,ליבה מורחבת,2-3,,CEFR-J v1.5
hopeful,adjective,B1,2,ליבה מורחבת,2-3,,CEFR-J v1.5
hopefully,adverb,B1,2,ליבה מורחבת,2-3,,CEFR-J v1.5
hopeless,adjective,B1,2,ליבה מורחבת,2-3,,CEFR-J v1.5
horizon,noun,B1,2,ליבה מורחבת,2-3,,CEFR-J v1.5
horn,noun,B1,2,ליבה מורחבת,2-3,,CEFR-J v1.5
horrible,adjective,B1,2,ליבה מורחבת,2-3,,CEFR-J v1.5
horrify,verb,B1,2,ליבה מורחבת,2-3,,CEFR-J v1.5
horror,noun,A2,1,ליבה,1-2,,CEFR-J v1.5
hospice,noun,B2,3,הרחבה אקדמית,3,,CEFR-J v1.5
hospitable,adjective,B2,3,הרחבה אקדמית,3,,CEFR-J v1.5
hospitality,noun,B2,3,הרחבה אקדמית,3,,CEFR-J v1.5
hospitalize/hospitalise,verb,B2,3,הרחבה אקדמית,3,,CEFR-J v1.5
host,noun,A2,1,ליבה,1-2,,CEFR-J v1.5
hostel,noun,B1,2,ליבה מורחבת,2-3,,CEFR-J v1.5
hourly,adjective,B2,3,הרחבה אקדמית,3,,CEFR-J v1.5
household,noun,B1,2,ליבה מורחבת,2-3,,CEFR-J v1.5
housekeeper,noun,B2,3,הרחבה אקדמית,3,,CEFR-J v1.5
housemaster,noun,B2,3,הרחבה אקדמית,3,,CEFR-J v1.5
housewife,noun,B2,3,הרחבה אקדמית,3,,CEFR-J v1.5
housework,noun,B1,2,ליבה מורחבת,2-3,,CEFR-J v1.5
hover,verb,B2,3,הרחבה אקדמית,3,,CEFR-J v1.5
however,adverb,A2,1,ליבה,1-2,,CEFR-J v1.5
hug,verb,A2,1,ליבה,1-2,,CEFR-J v1.5
huge,adjective,B1,2,ליבה מורחבת,2-3,,CEFR-J v1.5
hugely,adverb,B2,3,הרחבה אקדמית,3,,CEFR-J v1.5
human,adjective,A2,1,ליבה,1-2,,CEFR-J v1.5
human rights,noun,B2,3,הרחבה אקדמית,3,,CEFR-J v1.5
humane,adjective,B2,3,הרחבה אקדמית,3,,CEFR-J v1.5
humanist,noun,B2,3,הרחבה אקדמית,3,,CEFR-J v1.5
humanity,noun,B1,2,ליבה מורחבת,2-3,,CEFR-J v1.5
humanize/humanise,verb,B2,3,הרחבה אקדמית,3,,CEFR-J v1.5
humble,adjective,B2,3,הרחבה אקדמית,3,,CEFR-J v1.5
humbug,noun,B2,3,הרחבה אקדמית,3,,CEFR-J v1.5
humid,adjective,B1,2,ליבה מורחבת,2-3,,CEFR-J v1.5
humiliate,verb,B2,3,הרחבה אקדמית,3,,CEFR-J v1.5
humiliating,adjective,B2,3,הרחבה אקדמית,3,,CEFR-J v1.5
humiliation,noun,B2,3,הרחבה אקדמית,3,,CEFR-J v1.5
humor/humour,noun,B1,2,ליבה מורחבת,2-3,,CEFR-J v1.5
humorous,adjective,B1,2,ליבה מורחבת,2-3,,CEFR-J v1.5
hundred,number,A2,1,ליבה,1-2,,CEFR-J v1.5
hunger,noun,B1,2,ליבה מורחבת,2-3,,CEFR-J v1.5
hunt,noun,B1,2,ליבה מורחבת,2-3,,CEFR-J v1.5
hunter,noun,A2,1,ליבה,1-2,,CEFR-J v1.5
hunting,noun,B2,3,הרחבה אקדמית,3,,CEFR-J v1.5
hurriedly,adverb,B1,2,ליבה מורחבת,2-3,,CEFR-J v1.5
hush,verb,B2,3,הרחבה אקדמית,3,,CEFR-J v1.5
hut,noun,B1,2,ליבה מורחבת,2-3,,CEFR-J v1.5
hybrid,adjective,B2,3,הרחבה אקדמית,3,,CEFR-J v1.5
hygiene,noun,B2,3,הרחבה אקדמית,3,,CEFR-J v1.5
hyperbole,noun,B2,3,הרחבה אקדמית,3,,CEFR-J v1.5
hyphen,noun,B2,3,הרחבה אקדמית,3,,CEFR-J v1.5
ice hockey,noun,B1,2,ליבה מורחבת,2-3,,CEFR-J v1.5
ice skating,noun,B1,2,ליבה מורחבת,2-3,,CEFR-J v1.5
iceman,noun,B2,3,הרחבה אקדמית,3,,CEFR-J v1.5
icon,noun,B2,3,הרחבה אקדמית,3,,CEFR-J v1.5
icy,adjective,B2,3,הרחבה אקדמית,3,,CEFR-J v1.5
ID,noun,A2,1,ליבה,1-2,,CEFR-J v1.5
ID card,noun,A2,1,ליבה,1-2,,CEFR-J v1.5
ideally,adverb,B2,3,הרחבה אקדמית,3,,CEFR-J v1.5
identical,adjective,B2,3,הרחבה אקדמית,3,,CEFR-J v1.5
identification,noun,B2,3,הרחבה אקדמית,3,,CEFR-J v1.5
identify,verb,B2,3,הרחבה אקדמית,3,,CEFR-J v1.5
identity,noun,B1,2,ליבה מורחבת,2-3,,CEFR-J v1.5
identity card,noun,B1,2,ליבה מורחבת,2-3,,CEFR-J v1.5
ideology,noun,B2,3,הרחבה אקדמית,3,,CEFR-J v1.5
idiom,noun,B1,2,ליבה מורחבת,2-3,,CEFR-J v1.5
idiot,noun,B2,3,הרחבה אקדמית,3,,CEFR-J v1.5
idle,adjective,B2,3,הרחבה אקדמית,3,,CEFR-J v1.5
idol,noun,B1,2,ליבה מורחבת,2-3,,CEFR-J v1.5
idolize/idolise,verb,B2,3,הרחבה אקדמית,3,,CEFR-J v1.5
ignorance,noun,B2,3,הרחבה אקדמית,3,,CEFR-J v1.5
ignorant,adjective,B2,3,הרחבה אקדמית,3,,CEFR-J v1.5
ignore,verb,B1,2,ליבה מורחבת,2-3,,CEFR-J v1.5
ill,adjective,A2,1,ליבה,1-2,,CEFR-J v1.5
illegal,adjective,A2,1,ליבה,1-2,,CEFR-J v1.5
illegally,adverb,B1,2,ליבה מורחבת,2-3,,CEFR-J v1.5
illness,noun,B1,2,ליבה מורחבת,2-3,,CEFR-J v1.5
illuminate,verb,B1,2,ליבה מורחבת,2-3,,CEFR-J v1.5
illustrate,verb,B2,3,הרחבה אקדמית,3,,CEFR-J v1.5
illustration,noun,B2,3,הרחבה אקדמית,3,,CEFR-J v1.5
image,noun,A2,1,ליבה,1-2,,CEFR-J v1.5
imagery,noun,B2,3,הרחבה אקדמית,3,,CEFR-J v1.5
imaginary,adjective,B1,2,ליבה מורחבת,2-3,,CEFR-J v1.5
imagination,noun,A2,1,ליבה,1-2,,CEFR-J v1.5
imitate,verb,B1,2,ליבה מורחבת,2-3,,CEFR-J v1.5
imitation,noun,B2,3,הרחבה אקדמית,3,,CEFR-J v1.5
immediate,adjective,B1,2,ליבה מורחבת,2-3,,CEFR-J v1.5
immediately,adverb,B1,2,ליבה מורחבת,2-3,,CEFR-J v1.5
immerse,verb,B2,3,הרחבה אקדמית,3,,CEFR-J v1.5
immigrant,noun,B2,3,הרחבה אקדמית,3,,CEFR-J v1.5
immigrate,verb,B1,2,ליבה מורחבת,2-3,,CEFR-J v1.5
immigration,noun,B1,2,ליבה מורחבת,2-3,,CEFR-J v1.5
immoral,adjective,B2,3,הרחבה אקדמית,3,,CEFR-J v1.5
immortal,adjective,B2,3,הרחבה אקדמית,3,,CEFR-J v1.5
immortality,noun,B2,3,הרחבה אקדמית,3,,CEFR-J v1.5
impact,noun,A2,1,ליבה,1-2,,CEFR-J v1.5
impair,verb,B1,2,ליבה מורחבת,2-3,,CEFR-J v1.5
impartial,adjective,B2,3,הרחבה אקדמית,3,,CEFR-J v1.5
impatient,adjective,A2,1,ליבה,1-2,,CEFR-J v1.5
impatiently,adverb,B2,3,הרחבה אקדמית,3,,CEFR-J v1.5
imperative,noun,B2,3,הרחבה אקדמית,3,,CEFR-J v1.5
impermanent,adjective,B2,3,הרחבה אקדמית,3,,CEFR-J v1.5
implement,noun,B2,3,הרחבה אקדמית,3,,CEFR-J v1.5
implication,noun,B2,3,הרחבה אקדמית,3,,CEFR-J v1.5
imply,verb,B2,3,הרחבה אקדמית,3,,CEFR-J v1.5
impolite,adjective,B2,3,הרחבה אקדמית,3,,CEFR-J v1.5
impolitely,adverb,B2,3,הרחבה אקדמית,3,,CEFR-J v1.5
import,verb,B2,3,הרחבה אקדמית,3,,CEFR-J v1.5
importance,noun,A2,1,ליבה,1-2,,CEFR-J v1.5
importantly,adverb,A2,1,ליבה,1-2,,CEFR-J v1.5
impose,verb,B2,3,הרחבה אקדמית,3,,CEFR-J v1.5
impossibility,noun,B2,3,הרחבה אקדמית,3,,CEFR-J v1.5
impossible,adjective,A2,1,ליבה,1-2,,CEFR-J v1.5
impractical,adjective,B2,3,הרחבה אקדמית,3,,CEFR-J v1.5
impress,verb,A2,1,ליבה,1-2,,CEFR-J v1.5
impressed,adjective,B2,3,הרחבה אקדמית,3,,CEFR-J v1.5
impression,noun,B1,2,ליבה מורחבת,2-3,,CEFR-J v1.5
impressionism,noun,B2,3,הרחבה אקדמית,3,,CEFR-J v1.5
impressionist,noun,B2,3,הרחבה אקדמית,3,,CEFR-J v1.5
impressive,adjective,B1,2,ליבה מורחבת,2-3,,CEFR-J v1.5
imprison,verb,B2,3,הרחבה אקדמית,3,,CEFR-J v1.5
imprisonment,noun,B2,3,הרחבה אקדמית,3,,CEFR-J v1.5
improbable,adjective,B2,3,הרחבה אקדמית,3,,CEFR-J v1.5
improper,adjective,B1,2,ליבה מורחבת,2-3,,CEFR-J v1.5
improperly,adverb,B2,3,הרחבה אקדמית,3,,CEFR-J v1.5
improve,verb,A2,1,ליבה,1-2,,CEFR-J v1.5
improved,adjective,B2,3,הרחבה אקדמית,3,,CEFR-J v1.5
improvement,noun,B1,2,ליבה מורחבת,2-3,,CEFR-J v1.5
impulse,noun,B2,3,הרחבה אקדמית,3,,CEFR-J v1.5
impulsive,adjective,B2,3,הרחבה אקדמית,3,,CEFR-J v1.5
inaccurate,adjective,B2,3,הרחבה אקדמית,3,,CEFR-J v1.5
inadequate,adjective,B2,3,הרחבה אקדמית,3,,CEFR-J v1.5
inanimate,adjective,B2,3,הרחבה אקדמית,3,,CEFR-J v1.5
inborn,adjective,B2,3,הרחבה אקדמית,3,,CEFR-J v1.5
incense,noun,B2,3,הרחבה אקדמית,3,,CEFR-J v1.5
incentive,noun,B2,3,הרחבה אקדמית,3,,CEFR-J v1.5
inch,noun,A2,1,ליבה,1-2,,CEFR-J v1.5
incident,noun,B1,2,ליבה מורחבת,2-3,,CEFR-J v1.5
include,verb,A2,1,ליבה,1-2,,CEFR-J v1.5
including,preposition,B1,2,ליבה מורחבת,2-3,true,CEFR-J v1.5
income,noun,B1,2,ליבה מורחבת,2-3,,CEFR-J v1.5
inconvenient,adjective,B1,2,ליבה מורחבת,2-3,,CEFR-J v1.5
incorrect,adjective,B1,2,ליבה מורחבת,2-3,,CEFR-J v1.5
increase,verb,A2,1,ליבה,1-2,,CEFR-J v1.5
increasingly,adverb,B1,2,ליבה מורחבת,2-3,,CEFR-J v1.5
incredible,adjective,B1,2,ליבה מורחבת,2-3,,CEFR-J v1.5
incredibly,adverb,B1,2,ליבה מורחבת,2-3,,CEFR-J v1.5
incur,verb,B2,3,הרחבה אקדמית,3,,CEFR-J v1.5
incurable,adjective,B2,3,הרחבה אקדמית,3,,CEFR-J v1.5
indebted,adjective,B2,3,הרחבה אקדמית,3,,CEFR-J v1.5
indeed,adverb,A2,1,ליבה,1-2,,CEFR-J v1.5
indefinite article,noun,B1,2,ליבה מורחבת,2-3,,CEFR-J v1.5
indent,verb,B2,3,הרחבה אקדמית,3,,CEFR-J v1.5
independence,noun,A2,1,ליבה,1-2,,CEFR-J v1.5
independent,adjective,B1,2,ליבה מורחבת,2-3,,CEFR-J v1.5
independently,adverb,B2,3,הרחבה אקדמית,3,,CEFR-J v1.5
indescribable,adjective,B2,3,הרחבה אקדמית,3,,CEFR-J v1.5
index,noun,B2,3,הרחבה אקדמית,3,,CEFR-J v1.5
indicate,verb,A2,1,ליבה,1-2,,CEFR-J v1.5
indifferent,adjective,B2,3,הרחבה אקדמית,3,,CEFR-J v1.5
indignity,noun,B2,3,הרחבה אקדמית,3,,CEFR-J v1.5
indirect,adjective,B1,2,ליבה מורחבת,2-3,,CEFR-J v1.5
indirectly,adverb,B1,2,ליבה מורחבת,2-3,,CEFR-J v1.5
indispensable,adjective,B2,3,הרחבה אקדמית,3,,CEFR-J v1.5
individual,adjective,B1,2,ליבה מורחבת,2-3,,CEFR-J v1.5
indoor,adjective,A2,1,ליבה,1-2,,CEFR-J v1.5
indoors,adverb,B1,2,ליבה מורחבת,2-3,,CEFR-J v1.5
indulge,verb,B2,3,הרחבה אקדמית,3,,CEFR-J v1.5
indulgent,adjective,B2,3,הרחבה אקדמית,3,,CEFR-J v1.5
industrial,adjective,B1,2,ליבה מורחבת,2-3,,CEFR-J v1.5
industrialize/industrialise,verb,B2,3,הרחבה אקדמית,3,,CEFR-J v1.5
industry,noun,B1,2,ליבה מורחבת,2-3,,CEFR-J v1.5
ineffective,adjective,B2,3,הרחבה אקדמית,3,,CEFR-J v1.5
inert,adjective,B2,3,הרחבה אקדמית,3,,CEFR-J v1.5
inevitable,adjective,B1,2,ליבה מורחבת,2-3,,CEFR-J v1.5
inexpensive,adjective,A2,1,ליבה,1-2,,CEFR-J v1.5
inexperienced,adjective,B2,3,הרחבה אקדמית,3,,CEFR-J v1.5
infant,noun,B2,3,הרחבה אקדמית,3,,CEFR-J v1.5
infect,verb,B2,3,הרחבה אקדמית,3,,CEFR-J v1.5
infected,adjective,B2,3,הרחבה אקדמית,3,,CEFR-J v1.5
infection,noun,B1,2,ליבה מורחבת,2-3,,CEFR-J v1.5
infectious,adjective,B2,3,הרחבה אקדמית,3,,CEFR-J v1.5
infer,verb,B2,3,הרחבה אקדמית,3,,CEFR-J v1.5
inference,noun,B2,3,הרחבה אקדמית,3,,CEFR-J v1.5
infinitive,noun,B1,2,ליבה מורחבת,2-3,,CEFR-J v1.5
inflammation,noun,B2,3,הרחבה אקדמית,3,,CEFR-J v1.5
inflammatory,adjective,B2,3,הרחבה אקדמית,3,,CEFR-J v1.5
inflate,verb,B2,3,הרחבה אקדמית,3,,CEFR-J v1.5
inflation,noun,B2,3,הרחבה אקדמית,3,,CEFR-J v1.5
influence,noun,A2,1,ליבה,1-2,,CEFR-J v1.5
influential,adjective,B2,3,הרחבה אקדמית,3,,CEFR-J v1.5
influenza,noun,B2,3,הרחבה אקדמית,3,,CEFR-J v1.5
inform,verb,B1,2,ליבה מורחבת,2-3,,CEFR-J v1.5
informal,adjective,B2,3,הרחבה אקדמית,3,,CEFR-J v1.5
informative,adjective,B1,2,ליבה מורחבת,2-3,,CEFR-J v1.5
infringe,verb,B2,3,הרחבה אקדמית,3,,CEFR-J v1.5
infringement,noun,B2,3,הרחבה אקדמית,3,,CEFR-J v1.5
ingredient,noun,B1,2,ליבה מורחבת,2-3,,CEFR-J v1.5
inhabit,verb,B2,3,הרחבה אקדמית,3,,CEFR-J v1.5
inhabitant,noun,B1,2,ליבה מורחבת,2-3,,CEFR-J v1.5
inhale,verb,B1,2,ליבה מורחבת,2-3,,CEFR-J v1.5
inherit,verb,B2,3,הרחבה אקדמית,3,,CEFR-J v1.5
initial,noun,B1,2,ליבה מורחבת,2-3,,CEFR-J v1.5
initially,adverb,B1,2,ליבה מורחבת,2-3,,CEFR-J v1.5
initiative,noun,B2,3,הרחבה אקדמית,3,,CEFR-J v1.5
inject,verb,B1,2,ליבה מורחבת,2-3,,CEFR-J v1.5
injection,noun,B2,3,הרחבה אקדמית,3,,CEFR-J v1.5
injure,verb,A2,1,ליבה,1-2,,CEFR-J v1.5
injured,adjective,B2,3,הרחבה אקדמית,3,,CEFR-J v1.5
injury,noun,B1,2,ליבה מורחבת,2-3,,CEFR-J v1.5
ink,noun,B1,2,ליבה מורחבת,2-3,,CEFR-J v1.5
innate,adjective,B2,3,הרחבה אקדמית,3,,CEFR-J v1.5
inner,adjective,A2,1,ליבה,1-2,,CEFR-J v1.5
innermost,adjective,B1,2,ליבה מורחבת,2-3,,CEFR-J v1.5
innocent,adjective,B1,2,ליבה מורחבת,2-3,,CEFR-J v1.5
innocently,adverb,B2,3,הרחבה אקדמית,3,,CEFR-J v1.5
innovation,noun,B2,3,הרחבה אקדמית,3,,CEFR-J v1.5
innovative,adjective,B2,3,הרחבה אקדמית,3,,CEFR-J v1.5
innovator,noun,B1,2,ליבה מורחבת,2-3,,CEFR-J v1.5
input,noun,B2,3,הרחבה אקדמית,3,,CEFR-J v1.5
inquire/enquire,verb,B2,3,הרחבה אקדמית,3,,CEFR-J v1.5
inquiry/enquiry,noun,B1,2,ליבה מורחבת,2-3,,CEFR-J v1.5
insane,adjective,B1,2,ליבה מורחבת,2-3,,CEFR-J v1.5
inscribe,verb,B1,2,ליבה מורחבת,2-3,,CEFR-J v1.5
inscription,noun,B1,2,ליבה מורחבת,2-3,,CEFR-J v1.5
insect,noun,A2,1,ליבה,1-2,,CEFR-J v1.5
inseparable,adjective,B2,3,הרחבה אקדמית,3,,CEFR-J v1.5
insight,noun,B1,2,ליבה מורחבת,2-3,,CEFR-J v1.5
insist,verb,B1,2,ליבה מורחבת,2-3,,CEFR-J v1.5
inspect,verb,B2,3,הרחבה אקדמית,3,,CEFR-J v1.5
inspection,noun,B1,2,ליבה מורחבת,2-3,,CEFR-J v1.5
inspector,noun,B2,3,הרחבה אקדמית,3,,CEFR-J v1.5
inspiration,noun,A2,1,ליבה,1-2,,CEFR-J v1.5
inspirational,adjective,B2,3,הרחבה אקדמית,3,,CEFR-J v1.5
inspire,verb,B1,2,ליבה מורחבת,2-3,,CEFR-J v1.5
install/instal,verb,B1,2,ליבה מורחבת,2-3,,CEFR-J v1.5
instance,noun,B1,2,ליבה מורחבת,2-3,,CEFR-J v1.5
instant,adjective,A2,1,ליבה,1-2,,CEFR-J v1.5
instantly,adverb,B2,3,הרחבה אקדמית,3,,CEFR-J v1.5
instead,adverb,A2,1,ליבה,1-2,,CEFR-J v1.5
instead of,preposition,B1,2,ליבה מורחבת,2-3,true,CEFR-J v1.5
instill/instil,verb,B2,3,הרחבה אקדמית,3,,CEFR-J v1.5
instinct,noun,B2,3,הרחבה אקדמית,3,,CEFR-J v1.5
institute,noun,B1,2,ליבה מורחבת,2-3,,CEFR-J v1.5
institution,noun,B2,3,הרחבה אקדמית,3,,CEFR-J v1.5
instruct,verb,B2,3,הרחבה אקדמית,3,,CEFR-J v1.5
instruction,noun,B1,2,ליבה מורחבת,2-3,,CEFR-J v1.5
instructor,noun,B1,2,ליבה מורחבת,2-3,,CEFR-J v1.5
instrument,noun,A2,1,ליבה,1-2,,CEFR-J v1.5
insufficient,adjective,B2,3,הרחבה אקדמית,3,,CEFR-J v1.5
insult,noun,B2,3,הרחבה אקדמית,3,,CEFR-J v1.5
insurance,noun,B1,2,ליבה מורחבת,2-3,,CEFR-J v1.5
integrate,verb,B2,3,הרחבה אקדמית,3,,CEFR-J v1.5
intellectual,adjective,B2,3,הרחבה אקדמית,3,,CEFR-J v1.5
intelligence,noun,A2,1,ליבה,1-2,,CEFR-J v1.5
intelligent,adjective,A2,1,ליבה,1-2,,CEFR-J v1.5
intend,verb,B1,2,ליבה מורחבת,2-3,,CEFR-J v1.5
intense,adjective,B1,2,ליבה מורחבת,2-3,,CEFR-J v1.5
intensive,adjective,B1,2,ליבה מורחבת,2-3,,CEFR-J v1.5
intent,adjective,B2,3,הרחבה אקדמית,3,,CEFR-J v1.5
intention,noun,B1,2,ליבה מורחבת,2-3,,CEFR-J v1.5
intentionally,adverb,B1,2,ליבה מורחבת,2-3,,CEFR-J v1.5
interact,verb,B1,2,ליבה מורחבת,2-3,,CEFR-J v1.5
interaction,noun,B1,2,ליבה מורחבת,2-3,,CEFR-J v1.5
interactive,adjective,B2,3,הרחבה אקדמית,3,,CEFR-J v1.5
interest,noun,A2,1,ליבה,1-2,,CEFR-J v1.5
interfere,verb,B2,3,הרחבה אקדמית,3,,CEFR-J v1.5
interior,noun,B2,3,הרחבה אקדמית,3,,CEFR-J v1.5
intermediate,adjective,B1,2,ליבה מורחבת,2-3,,CEFR-J v1.5
intermission,noun,B1,2,ליבה מורחבת,2-3,,CEFR-J v1.5
internal,adjective,B1,2,ליבה מורחבת,2-3,,CEFR-J v1.5
international,adjective,A2,1,ליבה,1-2,,CEFR-J v1.5
internationally,adverb,B1,2,ליבה מורחבת,2-3,,CEFR-J v1.5
interpersonal,adjective,B2,3,הרחבה אקדמית,3,,CEFR-J v1.5
interpret,verb,B2,3,הרחבה אקדמית,3,,CEFR-J v1.5
interpretation,noun,B2,3,הרחבה אקדמית,3,,CEFR-J v1.5
interpreter,noun,B2,3,הרחבה אקדמית,3,,CEFR-J v1.5
interrupt,verb,B1,2,ליבה מורחבת,2-3,,CEFR-J v1.5
interruption,noun,B2,3,הרחבה אקדמית,3,,CEFR-J v1.5
intersection,noun,B2,3,הרחבה אקדמית,3,,CEFR-J v1.5
interval,noun,B1,2,ליבה מורחבת,2-3,,CEFR-J v1.5
interviewee,noun,B1,2,ליבה מורחבת,2-3,,CEFR-J v1.5
intimate,adjective,B2,3,הרחבה אקדמית,3,,CEFR-J v1.5
intransitive,adjective,B2,3,הרחבה אקדמית,3,,CEFR-J v1.5
intravenous,adjective,B2,3,הרחבה אקדמית,3,,CEFR-J v1.5
introduction,noun,B1,2,ליבה מורחבת,2-3,,CEFR-J v1.5
intrude,verb,B2,3,הרחבה אקדמית,3,,CEFR-J v1.5
intruder,noun,B2,3,הרחבה אקדמית,3,,CEFR-J v1.5
intrusion,noun,B2,3,הרחבה אקדמית,3,,CEFR-J v1.5
invade,verb,A2,1,ליבה,1-2,,CEFR-J v1.5
invariable,adjective,B2,3,הרחבה אקדמית,3,,CEFR-J v1.5
invariably,adverb,B2,3,הרחבה אקדמית,3,,CEFR-J v1.5
invasion,noun,B1,2,ליבה מורחבת,2-3,,CEFR-J v1.5
invent,verb,A2,1,ליבה,1-2,,CEFR-J v1.5
invention,noun,A2,1,ליבה,1-2,,CEFR-J v1.5
inventor,noun,B2,3,הרחבה אקדמית,3,,CEFR-J v1.5
inverted commas,noun,B2,3,הרחבה אקדמית,3,,CEFR-J v1.5
invest,verb,B1,2,ליבה מורחבת,2-3,,CEFR-J v1.5
investigate,verb,B2,3,הרחבה אקדמית,3,,CEFR-J v1.5
investigation,noun,B1,2,ליבה מורחבת,2-3,,CEFR-J v1.5
investigator,noun,B2,3,הרחבה אקדמית,3,,CEFR-J v1.5
investment,noun,B2,3,הרחבה אקדמית,3,,CEFR-J v1.5
investor,noun,B2,3,הרחבה אקדמית,3,,CEFR-J v1.5
invisible,adjective,B2,3,הרחבה אקדמית,3,,CEFR-J v1.5
invitation,noun,B1,2,ליבה מורחבת,2-3,,CEFR-J v1.5
invite,verb,A2,1,ליבה,1-2,,CEFR-J v1.5
invitingly,adverb,B2,3,הרחבה אקדמית,3,,CEFR-J v1.5
invoke,verb,B2,3,הרחבה אקדמית,3,,CEFR-J v1.5
involuntarily,adverb,B1,2,ליבה מורחבת,2-3,,CEFR-J v1.5
involve,verb,B1,2,ליבה מורחבת,2-3,,CEFR-J v1.5
involved,adjective,B1,2,ליבה מורחבת,2-3,,CEFR-J v1.5
involvement,noun,B2,3,הרחבה אקדמית,3,,CEFR-J v1.5
iron,noun,B1,2,ליבה מורחבת,2-3,,CEFR-J v1.5
ironically,adverb,B2,3,הרחבה אקדמית,3,,CEFR-J v1.5
ironing,noun,B1,2,ליבה מורחבת,2-3,,CEFR-J v1.5
irrational,adjective,B2,3,הרחבה אקדמית,3,,CEFR-J v1.5
irregular,adjective,B1,2,ליבה מורחבת,2-3,,CEFR-J v1.5
irresistible,adjective,B2,3,הרחבה אקדמית,3,,CEFR-J v1.5
irresistibly,adverb,B2,3,הרחבה אקדמית,3,,CEFR-J v1.5
irresponsible,adjective,B2,3,הרחבה אקדמית,3,,CEFR-J v1.5
irritate,verb,B1,2,ליבה מורחבת,2-3,,CEFR-J v1.5
irritated,adjective,B2,3,הרחבה אקדמית,3,,CEFR-J v1.5
irritating,adjective,B2,3,הרחבה אקדמית,3,,CEFR-J v1.5
irritation,noun,B2,3,הרחבה אקדמית,3,,CEFR-J v1.5
islander,noun,B2,3,הרחבה אקדמית,3,,CEFR-J v1.5
isle,noun,B1,2,ליבה מורחבת,2-3,,CEFR-J v1.5
isolation,noun,B1,2,ליבה מורחבת,2-3,,CEFR-J v1.5
issue,noun,A2,1,ליבה,1-2,,CEFR-J v1.5
IT,noun,A2,1,ליבה,1-2,,CEFR-J v1.5
italicize/italicise,verb,B2,3,הרחבה אקדמית,3,,CEFR-J v1.5
itch,verb,B2,3,הרחבה אקדמית,3,,CEFR-J v1.5
itself,pronoun,A2,1,ליבה,1-2,,CEFR-J v1.5
ivory,noun,B1,2,ליבה מורחבת,2-3,,CEFR-J v1.5
jade,noun,B1,2,ליבה מורחבת,2-3,,CEFR-J v1.5
jail/gaol,noun,B1,2,ליבה מורחבת,2-3,,CEFR-J v1.5
jam,noun,A2,1,ליבה,1-2,,CEFR-J v1.5
jar,noun,B1,2,ליבה מורחבת,2-3,,CEFR-J v1.5
jaw,noun,B2,3,הרחבה אקדמית,3,,CEFR-J v1.5
jazz,noun,B1,2,ליבה מורחבת,2-3,,CEFR-J v1.5
jealous,adjective,B1,2,ליבה מורחבת,2-3,,CEFR-J v1.5
jealously,adverb,B2,3,הרחבה אקדמית,3,,CEFR-J v1.5
jelly,noun,A2,1,ליבה,1-2,,CEFR-J v1.5
jeopardize/jeopardise,verb,B2,3,הרחבה אקדמית,3,,CEFR-J v1.5
jewel,noun,B1,2,ליבה מורחבת,2-3,,CEFR-J v1.5
jeweler/jeweller,noun,B2,3,הרחבה אקדמית,3,,CEFR-J v1.5
jog,verb,B1,2,ליבה מורחבת,2-3,,CEFR-J v1.5
jogging,noun,B1,2,ליבה מורחבת,2-3,,CEFR-J v1.5
joint,adjective,B1,2,ליבה מורחבת,2-3,,CEFR-J v1.5
joke,noun,A2,1,ליבה,1-2,,CEFR-J v1.5
journal,noun,B1,2,ליבה מורחבת,2-3,,CEFR-J v1.5
journalism,noun,B2,3,הרחבה אקדמית,3,,CEFR-J v1.5
journalist,noun,B1,2,ליבה מורחבת,2-3,,CEFR-J v1.5
journey,noun,A2,1,ליבה,1-2,,CEFR-J v1.5
joy,noun,A2,1,ליבה,1-2,,CEFR-J v1.5
judgment/judgement,noun,B1,2,ליבה מורחבת,2-3,,CEFR-J v1.5
judo,noun,B2,3,הרחבה אקדמית,3,,CEFR-J v1.5
jug,noun,B1,2,ליבה מורחבת,2-3,,CEFR-J v1.5
juicy,adjective,B1,2,ליבה מורחבת,2-3,,CEFR-J v1.5
jumper,noun,B1,2,ליבה מורחבת,2-3,,CEFR-J v1.5
jungle,noun,B1,2,ליבה מורחבת,2-3,,CEFR-J v1.5
junior,adjective,A2,1,ליבה,1-2,,CEFR-J v1.5
junk,noun,A2,1,ליבה,1-2,,CEFR-J v1.5
junk food,noun,B2,3,הרחבה אקדמית,3,,CEFR-J v1.5
juror,noun,B2,3,הרחבה אקדמית,3,,CEFR-J v1.5
jury,noun,B2,3,הרחבה אקדמית,3,,CEFR-J v1.5
justice,noun,B1,2,ליבה מורחבת,2-3,,CEFR-J v1.5
justify,verb,B2,3,הרחבה אקדמית,3,,CEFR-J v1.5
kangaroo,noun,B2,3,הרחבה אקדמית,3,,CEFR-J v1.5
karaoke,noun,B2,3,הרחבה אקדמית,3,,CEFR-J v1.5
keen,adjective,B2,3,הרחבה אקדמית,3,,CEFR-J v1.5
keeper,noun,B2,3,הרחבה אקדמית,3,,CEFR-J v1.5
kerosene,noun,B2,3,הרחבה אקדמית,3,,CEFR-J v1.5
kettle,noun,B1,2,ליבה מורחבת,2-3,,CEFR-J v1.5
keyboard,noun,B1,2,ליבה מורחבת,2-3,,CEFR-J v1.5
keystroke,noun,B2,3,הרחבה אקדמית,3,,CEFR-J v1.5
killer,noun,A2,1,ליבה,1-2,,CEFR-J v1.5
killing,noun,B1,2,ליבה מורחבת,2-3,,CEFR-J v1.5
kilo,noun,A2,1,ליבה,1-2,,CEFR-J v1.5
kilogram/kilogramme,noun,A2,1,ליבה,1-2,,CEFR-J v1.5
kilometer/kilometre,noun,A2,1,ליבה,1-2,,CEFR-J v1.5
kindly,adjective,A2,1,ליבה,1-2,,CEFR-J v1.5
kindness,noun,B1,2,ליבה מורחבת,2-3,,CEFR-J v1.5
kingdom,noun,A2,1,ליבה,1-2,,CEFR-J v1.5
kit,noun,A2,1,ליבה,1-2,,CEFR-J v1.5
kitten,noun,B1,2,ליבה מורחבת,2-3,,CEFR-J v1.5
kneel,verb,B2,3,הרחבה אקדמית,3,,CEFR-J v1.5
knit,verb,B1,2,ליבה מורחבת,2-3,,CEFR-J v1.5
knock,noun,A2,1,ליבה,1-2,,CEFR-J v1.5
knot,noun,B2,3,הרחבה אקדמית,3,,CEFR-J v1.5
knowingly,adverb,B2,3,הרחבה אקדמית,3,,CEFR-J v1.5
knowledge,noun,A2,1,ליבה,1-2,,CEFR-J v1.5
known,adjective,B2,3,הרחבה אקדמית,3,,CEFR-J v1.5
lab,noun,B1,2,ליבה מורחבת,2-3,,CEFR-J v1.5
label,noun,B2,3,הרחבה אקדמית,3,,CEFR-J v1.5
labor/labour,noun,A2,1,ליבה,1-2,,CEFR-J v1.5
laboratory,noun,B1,2,ליבה מורחבת,2-3,,CEFR-J v1.5
laborer/labourer,noun,B2,3,הרחבה אקדמית,3,,CEFR-J v1.5
lack,noun,A2,1,ליבה,1-2,,CEFR-J v1.5
ladder,noun,B1,2,ליבה מורחבת,2-3,,CEFR-J v1.5
lake,noun,A2,1,ליבה,1-2,,CEFR-J v1.5
lamb,noun,B1,2,ליבה מורחבת,2-3,,CEFR-J v1.5
lame,adjective,B2,3,הרחבה אקדמית,3,,CEFR-J v1.5
lamp,noun,A2,1,ליבה,1-2,,CEFR-J v1.5
lance,noun,B2,3,הרחבה אקדמית,3,,CEFR-J v1.5
land,verb,A2,1,ליבה,1-2,,CEFR-J v1.5
landing,noun,B2,3,הרחבה אקדמית,3,,CEFR-J v1.5
landlady,noun,B2,3,הרחבה אקדמית,3,,CEFR-J v1.5
landlord,noun,B1,2,ליבה מורחבת,2-3,,CEFR-J v1.5
landscape,noun,A2,1,ליבה,1-2,,CEFR-J v1.5
landslide,noun,B2,3,הרחבה אקדמית,3,,CEFR-J v1.5
lane,noun,A2,1,ליבה,1-2,,CEFR-J v1.5
lap,noun,B2,3,הרחבה אקדמית,3,,CEFR-J v1.5
laptop,noun,B2,3,הרחבה אקדמית,3,,CEFR-J v1.5
largely,adverb,B1,2,ליבה מורחבת,2-3,,CEFR-J v1.5
lark,noun,B2,3,הרחבה אקדמית,3,,CEFR-J v1.5
laser,noun,B2,3,הרחבה אקדמית,3,,CEFR-J v1.5
last,determiner,A2,1,ליבה,1-2,,CEFR-J v1.5
last minute,noun,B2,3,הרחבה אקדמית,3,,CEFR-J v1.5
lasting,adjective,B1,2,ליבה מורחבת,2-3,,CEFR-J v1.5
lastly,adverb,B2,3,הרחבה אקדמית,3,,CEFR-J v1.5
last-minute,adjective,B2,3,הרחבה אקדמית,3,,CEFR-J v1.5
latecomer,noun,B1,2,ליבה מורחבת,2-3,,CEFR-J v1.5
lately,adverb,B1,2,ליבה מורחבת,2-3,,CEFR-J v1.5
latest,adjective,A2,1,ליבה,1-2,,CEFR-J v1.5
latter,adverb,A2,1,ליבה,1-2,,CEFR-J v1.5
laughter,noun,B1,2,ליבה מורחבת,2-3,,CEFR-J v1.5
launch,verb,B1,2,ליבה מורחבת,2-3,,CEFR-J v1.5
laundry,noun,B2,3,הרחבה אקדמית,3,,CEFR-J v1.5
lava,noun,B2,3,הרחבה אקדמית,3,,CEFR-J v1.5
law,noun,A2,1,ליבה,1-2,,CEFR-J v1.5
lawful,adjective,B1,2,ליבה מורחבת,2-3,,CEFR-J v1.5
lawmaker,noun,B2,3,הרחבה אקדמית,3,,CEFR-J v1.5
lawn,noun,B2,3,הרחבה אקדמית,3,,CEFR-J v1.5
lawsuit,noun,B2,3,הרחבה אקדמית,3,,CEFR-J v1.5
lawyer,noun,A2,1,ליבה,1-2,,CEFR-J v1.5
lay,verb,B1,2,ליבה מורחבת,2-3,,CEFR-J v1.5
layabout,noun,B2,3,הרחבה אקדמית,3,,CEFR-J v1.5
layer,noun,B1,2,ליבה מורחבת,2-3,,CEFR-J v1.5
laziness,noun,A2,1,ליבה,1-2,,CEFR-J v1.5
lead,noun,A2,1,ליבה,1-2,,CEFR-J v1.5
leadership,noun,B1,2,ליבה מורחבת,2-3,,CEFR-J v1.5
leading,adjective,B1,2,ליבה מורחבת,2-3,,CEFR-J v1.5
leaflet,noun,B2,3,הרחבה אקדמית,3,,CEFR-J v1.5
league,noun,B1,2,ליבה מורחבת,2-3,,CEFR-J v1.5
leak,noun,B2,3,הרחבה אקדמית,3,,CEFR-J v1.5
lean,adjective,B1,2,ליבה מורחבת,2-3,,CEFR-J v1.5
leap,verb,B1,2,ליבה מורחבת,2-3,,CEFR-J v1.5
learner,noun,A2,1,ליבה,1-2,,CEFR-J v1.5
learning,noun,B2,3,הרחבה אקדמית,3,,CEFR-J v1.5
lease,noun,B2,3,הרחבה אקדמית,3,,CEFR-J v1.5
leash,noun,B2,3,הרחבה אקדמית,3,,CEFR-J v1.5
least,determiner,A2,1,ליבה,1-2,,CEFR-J v1.5
leather,noun,A2,1,ליבה,1-2,,CEFR-J v1.5
lecture,noun,B1,2,ליבה מורחבת,2-3,,CEFR-J v1.5
lecturer,noun,B2,3,הרחבה אקדמית,3,,CEFR-J v1.5
leek,noun,B2,3,הרחבה אקדמית,3,,CEFR-J v1.5
left-hand,adjective,A2,1,ליבה,1-2,,CEFR-J v1.5
legal,adjective,B1,2,ליבה מורחבת,2-3,,CEFR-J v1.5
legally,adverb,B1,2,ליבה מורחבת,2-3,,CEFR-J v1.5
legend,noun,B2,3,הרחבה אקדמית,3,,CEFR-J v1.5
legendary,adjective,B2,3,הרחבה אקדמית,3,,CEFR-J v1.5
legislate,verb,B2,3,הרחבה אקדמית,3,,CEFR-J v1.5
legislation,noun,B2,3,הרחבה אקדמית,3,,CEFR-J v1.5
legislative,adjective,B2,3,הרחבה אקדמית,3,,CEFR-J v1.5
legislator,noun,B2,3,הרחבה אקדמית,3,,CEFR-J v1.5
legislature,noun,B2,3,הרחבה אקדמית,3,,CEFR-J v1.5
legitimate,adjective,B2,3,הרחבה אקדמית,3,,CEFR-J v1.5
leisure,noun,A2,1,ליבה,1-2,,CEFR-J v1.5
leisurely,adverb,B2,3,הרחבה אקדמית,3,,CEFR-J v1.5
lemon,noun,A2,1,ליבה,1-2,,CEFR-J v1.5
lemonade,noun,A2,1,ליבה,1-2,,CEFR-J v1.5
lend,verb,A2,1,ליבה,1-2,,CEFR-J v1.5
length,noun,B1,2,ליבה מורחבת,2-3,,CEFR-J v1.5
lengthen,verb,B2,3,הרחבה אקדמית,3,,CEFR-J v1.5
lengthy,adjective,B2,3,הרחבה אקדמית,3,,CEFR-J v1.5
leopard,noun,B2,3,הרחבה אקדמית,3,,CEFR-J v1.5
less,adverb,A2,1,ליבה,1-2,,CEFR-J v1.5
lessen,verb,B1,2,ליבה מורחבת,2-3,,CEFR-J v1.5
lest,conjunction,B2,3,הרחבה אקדמית,3,true,CEFR-J v1.5
lettuce,noun,B1,2,ליבה מורחבת,2-3,,CEFR-J v1.5
level,noun,A2,1,ליבה,1-2,,CEFR-J v1.5
liar,noun,B1,2,ליבה מורחבת,2-3,,CEFR-J v1.5
liberal,adjective,B2,3,הרחבה אקדמית,3,,CEFR-J v1.5
liberate,verb,B1,2,ליבה מורחבת,2-3,,CEFR-J v1.5
liberation,noun,B1,2,ליבה מורחבת,2-3,,CEFR-J v1.5
liberty,noun,A2,1,ליבה,1-2,,CEFR-J v1.5
librarian,noun,B1,2,ליבה מורחבת,2-3,,CEFR-J v1.5
license/licence,verb,A2,1,ליבה,1-2,,CEFR-J v1.5
lick,verb,B2,3,הרחבה אקדמית,3,,CEFR-J v1.5
lid,noun,B2,3,הרחבה אקדמית,3,,CEFR-J v1.5
lie,verb,A2,1,ליבה,1-2,,CEFR-J v1.5
lifeguard,noun,B1,2,ליבה מורחבת,2-3,,CEFR-J v1.5
lifeless,adjective,B2,3,הרחבה אקדמית,3,,CEFR-J v1.5
lifelong,adjective,B1,2,ליבה מורחבת,2-3,,CEFR-J v1.5
lifestyle,noun,A2,1,ליבה,1-2,,CEFR-J v1.5
lifetime,noun,B2,3,הרחבה אקדמית,3,,CEFR-J v1.5
lift,noun,B1,2,ליבה מורחבת,2-3,,CEFR-J v1.5
lighten,verb,B2,3,הרחבה אקדמית,3,,CEFR-J v1.5
lighter,noun,B1,2,ליבה מורחבת,2-3,,CEFR-J v1.5
lighting,noun,B2,3,הרחבה אקדמית,3,,CEFR-J v1.5
lightly,adverb,B1,2,ליבה מורחבת,2-3,,CEFR-J v1.5
lightning,noun,B1,2,ליבה מורחבת,2-3,,CEFR-J v1.5
likely,adjective,A2,1,ליבה,1-2,,CEFR-J v1.5
likeness,noun,B1,2,ליבה מורחבת,2-3,,CEFR-J v1.5
likewise,adverb,B2,3,הרחבה אקדמית,3,,CEFR-J v1.5
limb,noun,B2,3,הרחבה אקדמית,3,,CEFR-J v1.5
limit,noun,B1,2,ליבה מורחבת,2-3,,CEFR-J v1.5
limitation,noun,B1,2,ליבה מורחבת,2-3,,CEFR-J v1.5
limited,adjective,B1,2,ליבה מורחבת,2-3,,CEFR-J v1.5
limp,verb,B1,2,ליבה מורחבת,2-3,,CEFR-J v1.5
linen,noun,B2,3,הרחבה אקדמית,3,,CEFR-J v1.5
liner,noun,B2,3,הרחבה אקדמית,3,,CEFR-J v1.5
ling,noun,B2,3,הרחבה אקדמית,3,,CEFR-J v1.5
linger,verb,B2,3,הרחבה אקדמית,3,,CEFR-J v1.5
link,noun,B1,2,ליבה מורחבת,2-3,,CEFR-J v1.5
lip,noun,A2,1,ליבה,1-2,,CEFR-J v1.5
liquid,adjective,B1,2,ליבה מורחבת,2-3,,CEFR-J v1.5
listener,noun,B2,3,הרחבה אקדמית,3,,CEFR-J v1.5
liter/litre,noun,A2,1,ליבה,1-2,,CEFR-J v1.5
literal,adjective,B2,3,הרחבה אקדמית,3,,CEFR-J v1.5
literally,adverb,B2,3,הרחבה אקדמית,3,,CEFR-J v1.5
literary,adjective,B1,2,ליבה מורחבת,2-3,,CEFR-J v1.5
literature,noun,B1,2,ליבה מורחבת,2-3,,CEFR-J v1.5
litter,noun,B2,3,הרחבה אקדמית,3,,CEFR-J v1.5
lively,adjective,A2,1,ליבה,1-2,,CEFR-J v1.5
liver,noun,B1,2,ליבה מורחבת,2-3,,CEFR-J v1.5
load,noun,A2,1,ליבה,1-2,,CEFR-J v1.5
loaf,noun,B1,2,ליבה מורחבת,2-3,,CEFR-J v1.5
loan,noun,B2,3,הרחבה אקדמית,3,,CEFR-J v1.5
lobby,noun,B2,3,הרחבה אקדמית,3,,CEFR-J v1.5
local,adjective,A2,1,ליבה,1-2,,CEFR-J v1.5
locate,verb,B1,2,ליבה מורחבת,2-3,,CEFR-J v1.5
location,noun,B1,2,ליבה מורחבת,2-3,,CEFR-J v1.5
lock,noun,A2,1,ליבה,1-2,,CEFR-J v1.5
lodge,noun,B1,2,ליבה מורחבת,2-3,,CEFR-J v1.5
log,noun,B1,2,ליבה מורחבת,2-3,,CEFR-J v1.5
logic,noun,B1,2,ליבה מורחבת,2-3,,CEFR-J v1.5
logical,adjective,A2,1,ליבה,1-2,,CEFR-J v1.5
logo,noun,B1,2,ליבה מורחבת,2-3,,CEFR-J v1.5
loneliness,noun,B2,3,הרחבה אקדמית,3,,CEFR-J v1.5
long-distance,adjective,B2,3,הרחבה אקדמית,3,,CEFR-J v1.5
long-term,adjective,B2,3,הרחבה אקדמית,3,,CEFR-J v1.5
loose,adjective,A2,1,ליבה,1-2,,CEFR-J v1.5
loosely,adverb,B2,3,הרחבה אקדמית,3,,CEFR-J v1.5
lorry,noun,B1,2,ליבה מורחבת,2-3,,CEFR-J v1.5
lose,verb,A2,1,ליבה,1-2,,CEFR-J v1.5
loss,noun,B1,2,ליבה מורחבת,2-3,,CEFR-J v1.5
lost,adjective,A2,1,ליבה,1-2,,CEFR-J v1.5
lottery,noun,B1,2,ליבה מורחבת,2-3,,CEFR-J v1.5
loud,adjective,B1,2,ליבה מורחבת,2-3,,CEFR-J v1.5
loudly,adverb,A2,1,ליבה,1-2,,CEFR-J v1.5
loudspeaker,noun,B1,2,ליבה מורחבת,2-3,,CEFR-J v1.5
lousy,adjective,B2,3,הרחבה אקדמית,3,,CEFR-J v1.5
lover,noun,A2,1,ליבה,1-2,,CEFR-J v1.5
lovingly,adverb,B1,2,ליבה מורחבת,2-3,,CEFR-J v1.5
low,adjective,A2,1,ליבה,1-2,,CEFR-J v1.5
lower,verb,B2,3,הרחבה אקדמית,3,,CEFR-J v1.5
lowland,noun,B2,3,הרחבה אקדמית,3,,CEFR-J v1.5
loyal,adjective,B1,2,ליבה מורחבת,2-3,,CEFR-J v1.5
loyalty,noun,B1,2,ליבה מורחבת,2-3,,CEFR-J v1.5
luckily,adverb,A2,1,ליבה,1-2,,CEFR-J v1.5
lucrative,adjective,B2,3,הרחבה אקדמית,3,,CEFR-J v1.5
luggage,noun,B1,2,ליבה מורחבת,2-3,,CEFR-J v1.5
lunchtime,noun,A2,1,ליבה,1-2,,CEFR-J v1.5
lung,noun,B1,2,ליבה מורחבת,2-3,,CEFR-J v1.5
lush,adjective,B2,3,הרחבה אקדמית,3,,CEFR-J v1.5
luxurious,adjective,B2,3,הרחבה אקדמית,3,,CEFR-J v1.5
luxury,noun,B1,2,ליבה מורחבת,2-3,,CEFR-J v1.5
lyric,adjective,A2,1,ליבה,1-2,,CEFR-J v1.5
lyrics,noun,B2,3,הרחבה אקדמית,3,,CEFR-J v1.5
mad,adjective,A2,1,ליבה,1-2,,CEFR-J v1.5
madam,noun,B2,3,הרחבה אקדמית,3,,CEFR-J v1.5
madame,noun,B2,3,הרחבה אקדמית,3,,CEFR-J v1.5
madness,noun,B2,3,הרחבה אקדמית,3,,CEFR-J v1.5
maestro,noun,B2,3,הרחבה אקדמית,3,,CEFR-J v1.5
magic,adjective,A2,1,ליבה,1-2,,CEFR-J v1.5
magical,adjective,B1,2,ליבה מורחבת,2-3,,CEFR-J v1.5
magician,noun,B1,2,ליבה מורחבת,2-3,,CEFR-J v1.5
magnificent,adjective,B1,2,ליבה מורחבת,2-3,,CEFR-J v1.5
magnify,verb,B2,3,הרחבה אקדמית,3,,CEFR-J v1.5
mailbox,noun,B1,2,ליבה מורחבת,2-3,,CEFR-J v1.5
main,adjective,B1,2,ליבה מורחבת,2-3,,CEFR-J v1.5
main course,noun,A2,1,ליבה,1-2,,CEFR-J v1.5
mainly,adverb,A2,1,ליבה,1-2,,CEFR-J v1.5
maintain,verb,B1,2,ליבה מורחבת,2-3,,CEFR-J v1.5
maintenance,noun,B1,2,ליבה מורחבת,2-3,,CEFR-J v1.5
major,adjective,A2,1,ליבה,1-2,,CEFR-J v1.5
majority,noun,B1,2,ליבה מורחבת,2-3,,CEFR-J v1.5
maker,noun,A2,1,ליבה,1-2,,CEFR-J v1.5
make-up,noun,A2,1,ליבה,1-2,,CEFR-J v1.5
malady,noun,B2,3,הרחבה אקדמית,3,,CEFR-J v1.5
malaria,noun,B2,3,הרחבה אקדמית,3,,CEFR-J v1.5
male,noun,A2,1,ליבה,1-2,,CEFR-J v1.5
mall,noun,A2,1,ליבה,1-2,,CEFR-J v1.5
mama/mamma,noun,B2,3,הרחבה אקדמית,3,,CEFR-J v1.5
manage,verb,A2,1,ליבה,1-2,,CEFR-J v1.5
management,noun,B1,2,ליבה מורחבת,2-3,,CEFR-J v1.5
manager,noun,A2,1,ליבה,1-2,,CEFR-J v1.5
mango,noun,B2,3,הרחבה אקדמית,3,,CEFR-J v1.5
manipulate,verb,B2,3,הרחבה אקדמית,3,,CEFR-J v1.5
mankind,noun,B1,2,ליבה מורחבת,2-3,,CEFR-J v1.5
manner,noun,A2,1,ליבה,1-2,,CEFR-J v1.5
mansion,noun,B2,3,הרחבה אקדמית,3,,CEFR-J v1.5
manual,adjective,B2,3,הרחבה אקדמית,3,,CEFR-J v1.5
manufacture,noun,B2,3,הרחבה אקדמית,3,,CEFR-J v1.5
manufacturer,noun,B2,3,הרחבה אקדמית,3,,CEFR-J v1.5
manufacturing,noun,B2,3,הרחבה אקדמית,3,,CEFR-J v1.5
maple,noun,B1,2,ליבה מורחבת,2-3,,CEFR-J v1.5
marathon,noun,B2,3,הרחבה אקדמית,3,,CEFR-J v1.5
marble,noun,B1,2,ליבה מורחבת,2-3,,CEFR-J v1.5
march,noun,B1,2,ליבה מורחבת,2-3,,CEFR-J v1.5
margin,noun,B2,3,הרחבה אקדמית,3,,CEFR-J v1.5
marine,adjective,B1,2,ליבה מורחבת,2-3,,CEFR-J v1.5
mark,noun,A2,1,ליבה,1-2,,CEFR-J v1.5
marked,adjective,B1,2,ליבה מורחבת,2-3,,CEFR-J v1.5
market,noun,A2,1,ליבה,1-2,,CEFR-J v1.5
marketing,noun,B2,3,הרחבה אקדמית,3,,CEFR-J v1.5
marriage,noun,B1,2,ליבה מורחבת,2-3,,CEFR-J v1.5
married,adjective,A2,1,ליבה,1-2,,CEFR-J v1.5
marry,verb,A2,1,ליבה,1-2,,CEFR-J v1.5
martial art,noun,B2,3,הרחבה אקדמית,3,,CEFR-J v1.5
marvelous/marvellous,adjective,A2,1,ליבה,1-2,,CEFR-J v1.5
mash,verb,B1,2,ליבה מורחבת,2-3,,CEFR-J v1.5
mask,noun,B2,3,הרחבה אקדמית,3,,CEFR-J v1.5
mass,adjective,B1,2,ליבה מורחבת,2-3,,CEFR-J v1.5
massacre,noun,B2,3,הרחבה אקדמית,3,,CEFR-J v1.5
massage,noun,B2,3,הרחבה אקדמית,3,,CEFR-J v1.5
masseur,noun,B2,3,הרחבה אקדמית,3,,CEFR-J v1.5
massive,adjective,B1,2,ליבה מורחבת,2-3,,CEFR-J v1.5
master,noun,B2,3,הרחבה אקדמית,3,,CEFR-J v1.5
masterpiece,noun,B2,3,הרחבה אקדמית,3,,CEFR-J v1.5
mastery,noun,B2,3,הרחבה אקדמית,3,,CEFR-J v1.5
mate,noun,B2,3,הרחבה אקדמית,3,,CEFR-J v1.5
material,noun,A2,1,ליבה,1-2,,CEFR-J v1.5
mathematical,adjective,B2,3,הרחבה אקדמית,3,,CEFR-J v1.5
mathematician,noun,B1,2,ליבה מורחבת,2-3,,CEFR-J v1.5
mathematics,noun,B1,2,ליבה מורחבת,2-3,,CEFR-J v1.5
mature,adjective,B2,3,הרחבה אקדמית,3,,CEFR-J v1.5
mausoleum,noun,B2,3,הרחבה אקדמית,3,,CEFR-J v1.5
max,noun,A2,1,ליבה,1-2,,CEFR-J v1.5
maximum,adjective,B1,2,ליבה מורחבת,2-3,,CEFR-J v1.5
mayor,noun,B1,2,ליבה מורחבת,2-3,,CEFR-J v1.5
meaning,noun,A2,1,ליבה,1-2,,CEFR-J v1.5
meaningful,adjective,B1,2,ליבה מורחבת,2-3,,CEFR-J v1.5
means,noun,B2,3,הרחבה אקדמית,3,,CEFR-J v1.5
meanwhile,adverb,B1,2,ליבה מורחבת,2-3,,CEFR-J v1.5
measure,noun,B1,2,ליבה מורחבת,2-3,,CEFR-J v1.5
measurement,noun,B1,2,ליבה מורחבת,2-3,,CEFR-J v1.5
mechanic,noun,B1,2,ליבה מורחבת,2-3,,CEFR-J v1.5
mechanical,adjective,B1,2,ליבה מורחבת,2-3,,CEFR-J v1.5
mechanize/mechanise,verb,B2,3,הרחבה אקדמית,3,,CEFR-J v1.5
medal,noun,A2,1,ליבה,1-2,,CEFR-J v1.5
media,noun,B2,3,הרחבה אקדמית,3,,CEFR-J v1.5
medical,adjective,A2,1,ליבה,1-2,,CEFR-J v1.5
medication,noun,B2,3,הרחבה אקדמית,3,,CEFR-J v1.5
medieval/mediaeval,adjective,B2,3,הרחבה אקדמית,3,,CEFR-J v1.5
mediocre,adjective,B2,3,הרחבה אקדמית,3,,CEFR-J v1.5
meditate,verb,B1,2,ליבה מורחבת,2-3,,CEFR-J v1.5
meditation,noun,B1,2,ליבה מורחבת,2-3,,CEFR-J v1.5
Mediterranean,noun,B1,2,ליבה מורחבת,2-3,,CEFR-J v1.5
medium,adjective,B1,2,ליבה מורחבת,2-3,,CEFR-J v1.5
melody,noun,B2,3,הרחבה אקדמית,3,,CEFR-J v1.5
melon,noun,A2,1,ליבה,1-2,,CEFR-J v1.5
melt,verb,B1,2,ליבה מורחבת,2-3,,CEFR-J v1.5
member,noun,A2,1,ליבה,1-2,,CEFR-J v1.5
membership,noun,B1,2,ליבה מורחבת,2-3,,CEFR-J v1.5
memorable,adjective,B1,2,ליבה מורחבת,2-3,,CEFR-J v1.5
memorial,noun,B2,3,הרחבה אקדמית,3,,CEFR-J v1.5
memorize/memorise,verb,B1,2,ליבה מורחבת,2-3,,CEFR-J v1.5
mend,verb,B1,2,ליבה מורחבת,2-3,,CEFR-J v1.5
mental,adjective,B1,2,ליבה מורחבת,2-3,,CEFR-J v1.5
mentally,adverb,B1,2,ליבה מורחבת,2-3,,CEFR-J v1.5
mention,noun,A2,1,ליבה,1-2,,CEFR-J v1.5
mentor,noun,B2,3,הרחבה אקדמית,3,,CEFR-J v1.5
menu,noun,A2,1,ליבה,1-2,,CEFR-J v1.5
merchandise,noun,B2,3,הרחבה אקדמית,3,,CEFR-J v1.5
merchant,noun,B1,2,ליבה מורחבת,2-3,,CEFR-J v1.5
mercy,noun,B2,3,הרחבה אקדמית,3,,CEFR-J v1.5
mere,adjective,B1,2,ליבה מורחבת,2-3,,CEFR-J v1.5
merely,adverb,B1,2,ליבה מורחבת,2-3,,CEFR-J v1.5
merge,verb,B2,3,הרחבה אקדמית,3,,CEFR-J v1.5
merger,noun,B2,3,הרחבה אקדמית,3,,CEFR-J v1.5
mess,noun,B1,2,ליבה מורחבת,2-3,,CEFR-J v1.5
message board,noun,B1,2,ליבה מורחבת,2-3,,CEFR-J v1.5
messenger,noun,B2,3,הרחבה אקדמית,3,,CEFR-J v1.5
messy,adjective,B1,2,ליבה מורחבת,2-3,,CEFR-J v1.5
metal,noun,A2,1,ליבה,1-2,,CEFR-J v1.5
metaphor,noun,B2,3,הרחבה אקדמית,3,,CEFR-J v1.5
meter/metre,noun,A2,1,ליבה,1-2,,CEFR-J v1.5
method,noun,A2,1,ליבה,1-2,,CEFR-J v1.5
metric,adjective,B2,3,הרחבה אקדמית,3,,CEFR-J v1.5
micro,noun,B2,3,הרחבה אקדמית,3,,CEFR-J v1.5
microbe,noun,B2,3,הרחבה אקדמית,3,,CEFR-J v1.5
microcomputer,noun,B2,3,הרחבה אקדמית,3,,CEFR-J v1.5
micrometer/micrometre,noun,B2,3,הרחבה אקדמית,3,,CEFR-J v1.5
microorganism,noun,B2,3,הרחבה אקדמית,3,,CEFR-J v1.5
microphone,noun,B2,3,הרחבה אקדמית,3,,CEFR-J v1.5
microscope,noun,B2,3,הרחבה אקדמית,3,,CEFR-J v1.5
microscopic,adjective,B2,3,הרחבה אקדמית,3,,CEFR-J v1.5
microscopy,noun,B2,3,הרחבה אקדמית,3,,CEFR-J v1.5
microwave,noun,B2,3,הרחבה אקדמית,3,,CEFR-J v1.5
midday,noun,A2,1,ליבה,1-2,,CEFR-J v1.5
middle-aged,adjective,B1,2,ליבה מורחבת,2-3,,CEFR-J v1.5
midnight,noun,A2,1,ליבה,1-2,,CEFR-J v1.5
midst,noun,B2,3,הרחבה אקדמית,3,,CEFR-J v1.5
might,modal auxiliary,A2,1,ליבה,1-2,,CEFR-J v1.5
mighty,adjective,B2,3,הרחבה אקדמית,3,,CEFR-J v1.5
migration,noun,B2,3,הרחבה אקדמית,3,,CEFR-J v1.5
mild,adjective,B1,2,ליבה מורחבת,2-3,,CEFR-J v1.5
mile,noun,B1,2,ליבה מורחבת,2-3,,CEFR-J v1.5
military,adjective,A2,1,ליבה,1-2,,CEFR-J v1.5
mill,noun,B2,3,הרחבה אקדמית,3,,CEFR-J v1.5
millimeter/millimetre,noun,B2,3,הרחבה אקדמית,3,,CEFR-J v1.5
million,number,A2,1,ליבה,1-2,,CEFR-J v1.5
millionaire,noun,B2,3,הרחבה אקדמית,3,,CEFR-J v1.5
mimic,noun,B2,3,הרחבה אקדמית,3,,CEFR-J v1.5
mineral,noun,B1,2,ליבה מורחבת,2-3,,CEFR-J v1.5
mineral water,noun,A2,1,ליבה,1-2,,CEFR-J v1.5
miniature,adjective,B2,3,הרחבה אקדמית,3,,CEFR-J v1.5
minimize/minimise,verb,B1,2,ליבה מורחבת,2-3,,CEFR-J v1.5
minimum,adjective,B1,2,ליבה מורחבת,2-3,,CEFR-J v1.5
minister,noun,B2,3,הרחבה אקדמית,3,,CEFR-J v1.5
minor,adjective,B1,2,ליבה מורחבת,2-3,,CEFR-J v1.5
minority,noun,B1,2,ליבה מורחבת,2-3,,CEFR-J v1.5
mint,noun,B2,3,הרחבה אקדמית,3,,CEFR-J v1.5
minus,preposition,B1,2,ליבה מורחבת,2-3,true,CEFR-J v1.5
miracle,noun,B1,2,ליבה מורחבת,2-3,,CEFR-J v1.5
mirror,noun,A2,1,ליבה,1-2,,CEFR-J v1.5
mischief,noun,B1,2,ליבה מורחבת,2-3,,CEFR-J v1.5
misconception,noun,B2,3,הרחבה אקדמית,3,,CEFR-J v1.5
miserable,adjective,B1,2,ליבה מורחבת,2-3,,CEFR-J v1.5
misery,noun,B1,2,ליבה מורחבת,2-3,,CEFR-J v1.5
misfortune,noun,B2,3,הרחבה אקדמית,3,,CEFR-J v1.5
mislead,verb,B1,2,ליבה מורחבת,2-3,,CEFR-J v1.5
misleading,adjective,B2,3,הרחבה אקדמית,3,,CEFR-J v1.5
missile,noun,B2,3,הרחבה אקדמית,3,,CEFR-J v1.5
missing,adjective,A2,1,ליבה,1-2,,CEFR-J v1.5
mission,noun,B1,2,ליבה מורחבת,2-3,,CEFR-J v1.5
mist,noun,B2,3,הרחבה אקדמית,3,,CEFR-J v1.5
mistake,noun,A2,1,ליבה,1-2,,CEFR-J v1.5
mistreat,verb,B2,3,הרחבה אקדמית,3,,CEFR-J v1.5
mistrustful,adjective,B2,3,הרחבה אקדמית,3,,CEFR-J v1.5
misty,adjective,B1,2,ליבה מורחבת,2-3,,CEFR-J v1.5
misunderstand,verb,B2,3,הרחבה אקדמית,3,,CEFR-J v1.5
misunderstanding,noun,B1,2,ליבה מורחבת,2-3,,CEFR-J v1.5
mix,verb,A2,1,ליבה,1-2,,CEFR-J v1.5
mixing bowl,noun,B1,2,ליבה מורחבת,2-3,,CEFR-J v1.5
mixture,noun,B2,3,הרחבה אקדמית,3,,CEFR-J v1.5
mobility,noun,B2,3,הרחבה אקדמית,3,,CEFR-J v1.5
mock,adjective,B2,3,הרחבה אקדמית,3,,CEFR-J v1.5
modal verb/modal,noun,B1,2,ליבה מורחבת,2-3,,CEFR-J v1.5
model,noun,A2,1,ליבה,1-2,,CEFR-J v1.5
modem,noun,B1,2,ליבה מורחבת,2-3,,CEFR-J v1.5
moderate,adjective,B1,2,ליבה מורחבת,2-3,,CEFR-J v1.5
modern,adjective,A2,1,ליבה,1-2,,CEFR-J v1.5
modernization/modernisation,noun,B2,3,הרחבה אקדמית,3,,CEFR-J v1.5
modernize/modernise,verb,B2,3,הרחבה אקדמית,3,,CEFR-J v1.5
modest,adjective,B2,3,הרחבה אקדמית,3,,CEFR-J v1.5
modification,noun,B2,3,הרחבה אקדמית,3,,CEFR-J v1.5
modify,verb,B1,2,ליבה מורחבת,2-3,,CEFR-J v1.5
mogul,noun,B2,3,הרחבה אקדמית,3,,CEFR-J v1.5
moisture,noun,B1,2,ליבה מורחבת,2-3,,CEFR-J v1.5
mold/mould,noun,B2,3,הרחבה אקדמית,3,,CEFR-J v1.5
molecule,noun,B1,2,ליבה מורחבת,2-3,,CEFR-J v1.5
momentarily,adverb,B2,3,הרחבה אקדמית,3,,CEFR-J v1.5
momentary,adjective,B2,3,הרחבה אקדמית,3,,CEFR-J v1.5
monastery,noun,B2,3,הרחבה אקדמית,3,,CEFR-J v1.5
monitor,noun,B1,2,ליבה מורחבת,2-3,,CEFR-J v1.5
monk,noun,B1,2,ליבה מורחבת,2-3,,CEFR-J v1.5
monster,noun,B1,2,ליבה מורחבת,2-3,,CEFR-J v1.5
monthly,adjective,B1,2,ליבה מורחבת,2-3,,CEFR-J v1.5
monument,noun,B1,2,ליבה מורחבת,2-3,,CEFR-J v1.5
mood,noun,A2,1,ליבה,1-2,,CEFR-J v1.5
moody,adjective,B2,3,הרחבה אקדמית,3,,CEFR-J v1.5
moonlight,noun,B2,3,הרחבה אקדמית,3,,CEFR-J v1.5
moonscape,noun,B2,3,הרחבה אקדמית,3,,CEFR-J v1.5
moral,noun,B1,2,ליבה מורחבת,2-3,,CEFR-J v1.5
morality,noun,B2,3,הרחבה אקדמית,3,,CEFR-J v1.5
morally,adverb,B2,3,הרחבה אקדמית,3,,CEFR-J v1.5
moreover,adverb,B1,2,ליבה מורחבת,2-3,,CEFR-J v1.5
mortal,adjective,B2,3,הרחבה אקדמית,3,,CEFR-J v1.5
mortar,noun,B2,3,הרחבה אקדמית,3,,CEFR-J v1.5
mortgage,noun,B2,3,הרחבה אקדמית,3,,CEFR-J v1.5
mortify,verb,B2,3,הרחבה אקדמית,3,,CEFR-J v1.5
mosque,noun,A2,1,ליבה,1-2,,CEFR-J v1.5
mosquito,noun,B1,2,ליבה מורחבת,2-3,,CEFR-J v1.5
moss,noun,B1,2,ליבה מורחבת,2-3,,CEFR-J v1.5
mostly,adverb,A2,1,ליבה,1-2,,CEFR-J v1.5
mother-in-law,noun,B2,3,הרחבה אקדמית,3,,CEFR-J v1.5
motherland,noun,B1,2,ליבה מורחבת,2-3,,CEFR-J v1.5
motion,noun,B2,3,הרחבה אקדמית,3,,CEFR-J v1.5
motionless,adjective,B1,2,ליבה מורחבת,2-3,,CEFR-J v1.5
motivate,verb,B1,2,ליבה מורחבת,2-3,,CEFR-J v1.5
motivated,adjective,B2,3,הרחבה אקדמית,3,,CEFR-J v1.5
motivation,noun,B1,2,ליבה מורחבת,2-3,,CEFR-J v1.5
motive,noun,B1,2,ליבה מורחבת,2-3,,CEFR-J v1.5
motor,noun,B1,2,ליבה מורחבת,2-3,,CEFR-J v1.5
motorbike,noun,B2,3,הרחבה אקדמית,3,,CEFR-J v1.5
motorcycle,noun,B1,2,ליבה מורחבת,2-3,,CEFR-J v1.5
motorist,noun,B2,3,הרחבה אקדמית,3,,CEFR-J v1.5
motorway,noun,A2,1,ליבה,1-2,,CEFR-J v1.5
motto,noun,B1,2,ליבה מורחבת,2-3,,CEFR-J v1.5
mount,noun,B1,2,ליבה מורחבת,2-3,,CEFR-J v1.5
mountaintop,noun,B1,2,ליבה מורחבת,2-3,,CEFR-J v1.5
mourn,verb,B1,2,ליבה מורחבת,2-3,,CEFR-J v1.5
mournful,adjective,B2,3,הרחבה אקדמית,3,,CEFR-J v1.5
movement,noun,B1,2,ליבה מורחבת,2-3,,CEFR-J v1.5
mover,noun,B2,3,הרחבה אקדמית,3,,CEFR-J v1.5
moving,adjective,B2,3,הרחבה אקדמית,3,,CEFR-J v1.5
MP3 player,noun,A2,1,ליבה,1-2,,CEFR-J v1.5
Ms./Ms,noun,A2,1,ליבה,1-2,,CEFR-J v1.5
mud,noun,B1,2,ליבה מורחבת,2-3,,CEFR-J v1.5
muddy,adjective,B2,3,הרחבה אקדמית,3,,CEFR-J v1.5
mug,noun,A2,1,ליבה,1-2,,CEFR-J v1.5
mule,noun,B1,2,ליבה מורחבת,2-3,,CEFR-J v1.5
multiple,adjective,B2,3,הרחבה אקדמית,3,,CEFR-J v1.5
multiply,verb,B2,3,הרחבה אקדמית,3,,CEFR-J v1.5
mumble,noun,B2,3,הרחבה אקדמית,3,,CEFR-J v1.5
murder,noun,A2,1,ליבה,1-2,,CEFR-J v1.5
murderer,noun,B1,2,ליבה מורחבת,2-3,,CEFR-J v1.5
murmur,noun,B2,3,הרחבה אקדמית,3,,CEFR-J v1.5
muscle,noun,B1,2,ליבה מורחבת,2-3,,CEFR-J v1.5
muse,verb,B2,3,הרחבה אקדמית,3,,CEFR-J v1.5
museum,noun,A2,1,ליבה,1-2,,CEFR-J v1.5
mushroom,noun,A2,1,ליבה,1-2,,CEFR-J v1.5
musical,adjective,A2,1,ליבה,1-2,,CEFR-J v1.5
mustache/moustache,noun,B2,3,הרחבה אקדמית,3,,CEFR-J v1.5
mustard,noun,B1,2,ליבה מורחבת,2-3,,CEFR-J v1.5
mutability,noun,B2,3,הרחבה אקדמית,3,,CEFR-J v1.5
mutable,adjective,B2,3,הרחבה אקדמית,3,,CEFR-J v1.5
mutter,noun,B2,3,הרחבה אקדמית,3,,CEFR-J v1.5
mutton,noun,B2,3,הרחבה אקדמית,3,,CEFR-J v1.5
mutual,adjective,B1,2,ליבה מורחבת,2-3,,CEFR-J v1.5
myself,pronoun,A2,1,ליבה,1-2,,CEFR-J v1.5
mysterious,adjective,A2,1,ליבה,1-2,,CEFR-J v1.5
mystery,noun,A2,1,ליבה,1-2,,CEFR-J v1.5
mystify,verb,B2,3,הרחבה אקדמית,3,,CEFR-J v1.5
myth,noun,B1,2,ליבה מורחבת,2-3,,CEFR-J v1.5
nail,noun,B1,2,ליבה מורחבת,2-3,,CEFR-J v1.5
naked,adjective,B1,2,ליבה מורחבת,2-3,,CEFR-J v1.5
nano,noun,B2,3,הרחבה אקדמית,3,,CEFR-J v1.5
nap,noun,B1,2,ליבה מורחבת,2-3,,CEFR-J v1.5
napkin,noun,A2,1,ליבה,1-2,,CEFR-J v1.5
narcissistic,adjective,B2,3,הרחבה אקדמית,3,,CEFR-J v1.5
narrate,verb,B1,2,ליבה מורחבת,2-3,,CEFR-J v1.5
narrative,adjective,B1,2,ליבה מורחבת,2-3,,CEFR-J v1.5
narrator,noun,B2,3,הרחבה אקדמית,3,,CEFR-J v1.5
narrow,adjective,B1,2,ליבה מורחבת,2-3,,CEFR-J v1.5
narrowly,adverb,B2,3,הרחבה אקדמית,3,,CEFR-J v1.5
nasty,adjective,B1,2,ליבה מורחבת,2-3,,CEFR-J v1.5
nation,noun,A2,1,ליבה,1-2,,CEFR-J v1.5
national,adjective,A2,1,ליבה,1-2,,CEFR-J v1.5
nationalist,noun,B1,2,ליבה מורחבת,2-3,,CEFR-J v1.5
nationwide,adjective,B2,3,הרחבה אקדמית,3,,CEFR-J v1.5
native,adjective,A2,1,ליבה,1-2,,CEFR-J v1.5
native speaker,noun,B2,3,הרחבה אקדמית,3,,CEFR-J v1.5
natural,adjective,A2,1,ליבה,1-2,,CEFR-J v1.5
naturally,adverb,B1,2,ליבה מורחבת,2-3,,CEFR-J v1.5
nature,noun,A2,1,ליבה,1-2,,CEFR-J v1.5
naughty,adjective,B2,3,הרחבה אקדמית,3,,CEFR-J v1.5
naval,adjective,B2,3,הרחבה אקדמית,3,,CEFR-J v1.5
navigate,verb,B2,3,הרחבה אקדמית,3,,CEFR-J v1.5
navigation,noun,B2,3,הרחבה אקדמית,3,,CEFR-J v1.5
navy,noun,B2,3,הרחבה אקדמית,3,,CEFR-J v1.5
navy blue,adjective,B1,2,ליבה מורחבת,2-3,,CEFR-J v1.5
nearby,adjective,B1,2,ליבה מורחבת,2-3,,CEFR-J v1.5
nearly,adverb,A2,1,ליבה,1-2,,CEFR-J v1.5
neat,adjective,B2,3,הרחבה אקדמית,3,,CEFR-J v1.5
necessarily,adverb,B2,3,הרחבה אקדמית,3,,CEFR-J v1.5
necessary,adjective,A2,1,ליבה,1-2,,CEFR-J v1.5
necessity,noun,B2,3,הרחבה אקדמית,3,,CEFR-J v1.5
necklace,noun,B1,2,ליבה מורחבת,2-3,,CEFR-J v1.5
nectar,noun,B1,2,ליבה מורחבת,2-3,,CEFR-J v1.5
needle,noun,B1,2,ליבה מורחבת,2-3,,CEFR-J v1.5
needless,adjective,B2,3,הרחבה אקדמית,3,,CEFR-J v1.5
needy,adjective,B2,3,הרחבה אקדמית,3,,CEFR-J v1.5
negative,adjective,A2,1,ליבה,1-2,,CEFR-J v1.5
negatively,adverb,B2,3,הרחבה אקדמית,3,,CEFR-J v1.5
neglect,noun,B2,3,הרחבה אקדמית,3,,CEFR-J v1.5
negotiate,verb,B1,2,ליבה מורחבת,2-3,,CEFR-J v1.5
negotiation,noun,B1,2,ליבה מורחבת,2-3,,CEFR-J v1.5
neighborhood/neighbourhood,noun,B1,2,ליבה מורחבת,2-3,,CEFR-J v1.5
neighboring/neighbouring,adjective,B2,3,הרחבה אקדמית,3,,CEFR-J v1.5
neither,adverb,B2,3,הרחבה אקדמית,3,true,CEFR-J v1.5
nephew,noun,B1,2,ליבה מורחבת,2-3,,CEFR-J v1.5
nerve,noun,B2,3,הרחבה אקדמית,3,,CEFR-J v1.5
nerves,noun,B2,3,הרחבה אקדמית,3,,CEFR-J v1.5
nervous,adjective,A2,1,ליבה,1-2,,CEFR-J v1.5
nervously,adverb,B2,3,הרחבה אקדמית,3,,CEFR-J v1.5
nervousness,noun,B1,2,ליבה מורחבת,2-3,,CEFR-J v1.5
ness,noun,B1,2,ליבה מורחבת,2-3,,CEFR-J v1.5
net,adjective,A2,1,ליבה,1-2,,CEFR-J v1.5
netsurfer/net surfer,noun,B2,3,הרחבה אקדמית,3,,CEFR-J v1.5
network,noun,B1,2,ליבה מורחבת,2-3,,CEFR-J v1.5
neurosis,noun,B2,3,הרחבה אקדמית,3,,CEFR-J v1.5
neutral,adjective,B1,2,ליבה מורחבת,2-3,,CEFR-J v1.5
nevertheless,adverb,B1,2,ליבה מורחבת,2-3,,CEFR-J v1.5
newborn,adjective,B1,2,ליבה מורחבת,2-3,,CEFR-J v1.5
newcomer,noun,B1,2,ליבה מורחבת,2-3,,CEFR-J v1.5
newly,adverb,B1,2,ליבה מורחבת,2-3,,CEFR-J v1.5
newscaster,noun,B2,3,הרחבה אקדמית,3,,CEFR-J v1.5
newsworthy,adjective,B2,3,הרחבה אקדמית,3,,CEFR-J v1.5
next,adverb,A2,1,ליבה,1-2,,CEFR-J v1.5
next door,adverb,B1,2,ליבה מורחבת,2-3,,CEFR-J v1.5
next to,preposition,A2,1,ליבה,1-2,true,CEFR-J v1.5
next-door,adjective,B1,2,ליבה מורחבת,2-3,,CEFR-J v1.5
nicely,adverb,B2,3,הרחבה אקדמית,3,,CEFR-J v1.5
nickname,noun,B1,2,ליבה מורחבת,2-3,,CEFR-J v1.5
niece,noun,B1,2,ליבה מורחבת,2-3,,CEFR-J v1.5
nightclub,noun,B2,3,הרחבה אקדמית,3,,CEFR-J v1.5
nightlife,noun,B1,2,ליבה מורחבת,2-3,,CEFR-J v1.5
nightmare,noun,B2,3,הרחבה אקדמית,3,,CEFR-J v1.5
no one,pronoun,A2,1,ליבה,1-2,,CEFR-J v1.5
nobility,noun,B2,3,הרחבה אקדמית,3,,CEFR-J v1.5
noble,adjective,B2,3,הרחבה אקדמית,3,,CEFR-J v1.5
nobleman,noun,B2,3,הרחבה אקדמית,3,,CEFR-J v1.5
nobody,pronoun,A2,1,ליבה,1-2,,CEFR-J v1.5
nod,noun,B1,2,ליבה מורחבת,2-3,,CEFR-J v1.5
noisily,adverb,B1,2,ליבה מורחבת,2-3,,CEFR-J v1.5
noisy,adjective,A2,1,ליבה,1-2,,CEFR-J v1.5
nomad,noun,B2,3,הרחבה אקדמית,3,,CEFR-J v1.5
nomination,noun,B2,3,הרחבה אקדמית,3,,CEFR-J v1.5
nominee,noun,B2,3,הרחבה אקדמית,3,,CEFR-J v1.5
none,pronoun,B1,2,ליבה מורחבת,2-3,,CEFR-J v1.5
nonetheless,adverb,B1,2,ליבה מורחבת,2-3,,CEFR-J v1.5
nonprofessional,adjective,B2,3,הרחבה אקדמית,3,,CEFR-J v1.5
nonsense,noun,B1,2,ליבה מורחבת,2-3,,CEFR-J v1.5
non-smoking,adjective,B2,3,הרחבה אקדמית,3,,CEFR-J v1.5
noon,noun,A2,1,ליבה,1-2,,CEFR-J v1.5
nor,conjunction,B1,2,ליבה מורחבת,2-3,true,CEFR-J v1.5
normal,adjective,A2,1,ליבה,1-2,,CEFR-J v1.5
normally,adverb,B1,2,ליבה מורחבת,2-3,,CEFR-J v1.5
north,adjective,A2,1,ליבה,1-2,,CEFR-J v1.5
northeast,adjective,B1,2,ליבה מורחבת,2-3,,CEFR-J v1.5
northeastern,adjective,B1,2,ליבה מורחבת,2-3,,CEFR-J v1.5
northern,adjective,B1,2,ליבה מורחבת,2-3,,CEFR-J v1.5
northward,adverb,B2,3,הרחבה אקדמית,3,,CEFR-J v1.5
northwest,adjective,B1,2,ליבה מורחבת,2-3,,CEFR-J v1.5
northwestern,adjective,B1,2,ליבה מורחבת,2-3,,CEFR-J v1.5
nostril,noun,B2,3,הרחבה אקדמית,3,,CEFR-J v1.5
notice,noun,A2,1,ליבה,1-2,,CEFR-J v1.5
noticeable,adjective,B1,2,ליבה מורחבת,2-3,,CEFR-J v1.5
noticeboard,noun,B1,2,ליבה מורחבת,2-3,,CEFR-J v1.5
notion,noun,B1,2,ליבה מורחבת,2-3,,CEFR-J v1.5
notorious,adjective,B1,2,ליבה מורחבת,2-3,,CEFR-J v1.5
nought,noun,B2,3,הרחבה אקדמית,3,,CEFR-J v1.5
noun,noun,A2,1,ליבה,1-2,,CEFR-J v1.5
nourish,verb,B2,3,הרחבה אקדמית,3,,CEFR-J v1.5
nourishment,noun,B2,3,הרחבה אקדמית,3,,CEFR-J v1.5
novel,noun,A2,1,ליבה,1-2,,CEFR-J v1.5
novelist,noun,B1,2,ליבה מורחבת,2-3,,CEFR-J v1.5
novelty,noun,B2,3,הרחבה אקדמית,3,,CEFR-J v1.5
nowadays,adverb,A2,1,ליבה,1-2,,CEFR-J v1.5
nowhere,adverb,B1,2,ליבה מורחבת,2-3,,CEFR-J v1.5
nuclear,adjective,B1,2,ליבה מורחבת,2-3,,CEFR-J v1.5
nucleus,noun,B1,2,ליבה מורחבת,2-3,,CEFR-J v1.5
nuisance,noun,B2,3,הרחבה אקדמית,3,,CEFR-J v1.5
numerical,adjective,B2,3,הרחבה אקדמית,3,,CEFR-J v1.5
numerous,adjective,B1,2,ליבה מורחבת,2-3,,CEFR-J v1.5
nursery,noun,B2,3,הרחבה אקדמית,3,,CEFR-J v1.5
nut,noun,B2,3,הרחבה אקדמית,3,,CEFR-J v1.5
nutrient,noun,B1,2,ליבה מורחבת,2-3,,CEFR-J v1.5
nutrition,noun,B1,2,ליבה מורחבת,2-3,,CEFR-J v1.5
nutritious,adjective,B1,2,ליבה מורחבת,2-3,,CEFR-J v1.5
nutshell,noun,B2,3,הרחבה אקדמית,3,,CEFR-J v1.5
oak,noun,A2,1,ליבה,1-2,,CEFR-J v1.5
oath,noun,B2,3,הרחבה אקדמית,3,,CEFR-J v1.5
obedience,noun,B2,3,הרחבה אקדמית,3,,CEFR-J v1.5
obedient,adjective,B2,3,הרחבה אקדמית,3,,CEFR-J v1.5
obey,verb,B2,3,הרחבה אקדמית,3,,CEFR-J v1.5
obituary,noun,B2,3,הרחבה אקדמית,3,,CEFR-J v1.5
object,noun,B1,2,ליבה מורחבת,2-3,,CEFR-J v1.5
objection,noun,B1,2,ליבה מורחבת,2-3,,CEFR-J v1.5
objective,noun,B1,2,ליבה מורחבת,2-3,,CEFR-J v1.5
obligation,noun,B2,3,הרחבה אקדמית,3,,CEFR-J v1.5
observation,noun,B1,2,ליבה מורחבת,2-3,,CEFR-J v1.5
observe,verb,B1,2,ליבה מורחבת,2-3,,CEFR-J v1.5
observer,noun,B2,3,הרחבה אקדמית,3,,CEFR-J v1.5
obsess,verb,B2,3,הרחבה אקדמית,3,,CEFR-J v1.5
obsession,noun,B2,3,הרחבה אקדמית,3,,CEFR-J v1.5
obsessive,adjective,B2,3,הרחבה אקדמית,3,,CEFR-J v1.5
obstacle,noun,B1,2,ליבה מורחבת,2-3,,CEFR-J v1.5
obtain,verb,B1,2,ליבה מורחבת,2-3,,CEFR-J v1.5
obvious,adjective,B1,2,ליבה מורחבת,2-3,,CEFR-J v1.5
obviously,adverb,B1,2,ליבה מורחבת,2-3,,CEFR-J v1.5
occasion,noun,B1,2,ליבה מורחבת,2-3,,CEFR-J v1.5
occasional,adjective,B1,2,ליבה מורחבת,2-3,,CEFR-J v1.5
occasionally,adverb,B1,2,ליבה מורחבת,2-3,,CEFR-J v1.5
occupation,noun,A2,1,ליבה,1-2,,CEFR-J v1.5
occupy,verb,B1,2,ליבה מורחבת,2-3,,CEFR-J v1.5
occur,verb,B1,2,ליבה מורחבת,2-3,,CEFR-J v1.5
ocean,noun,B1,2,ליבה מורחבת,2-3,,CEFR-J v1.5
odd,adjective,B2,3,הרחבה אקדמית,3,,CEFR-J v1.5
offend,verb,B2,3,הרחבה אקדמית,3,,CEFR-J v1.5
offender,noun,B2,3,הרחבה אקדמית,3,,CEFR-J v1.5
offense/offence,noun,B2,3,הרחבה אקדמית,3,,CEFR-J v1.5
offensive,adjective,B1,2,ליבה מורחבת,2-3,,CEFR-J v1.5
offer,noun,A2,1,ליבה,1-2,,CEFR-J v1.5
offhand,adverb,B2,3,הרחבה אקדמית,3,,CEFR-J v1.5
official,adjective,A2,1,ליבה,1-2,,CEFR-J v1.5
officially,adverb,B1,2,ליבה מורחבת,2-3,,CEFR-J v1.5
offshore,adjective,B2,3,הרחבה אקדמית,3,,CEFR-J v1.5
oil,noun,A2,1,ליבה,1-2,,CEFR-J v1.5
oily,adjective,B1,2,ליבה מורחבת,2-3,,CEFR-J v1.5
ointment,noun,B2,3,הרחבה אקדמית,3,,CEFR-J v1.5
old-fashioned,adjective,B1,2,ליבה מורחבת,2-3,,CEFR-J v1.5
olive,noun,B2,3,הרחבה אקדמית,3,,CEFR-J v1.5
olive oil,noun,A2,1,ליבה,1-2,,CEFR-J v1.5
Olympia,noun,B2,3,הרחבה אקדמית,3,,CEFR-J v1.5
Olympiad,noun,B2,3,הרחבה אקדמית,3,,CEFR-J v1.5
Olympic,adjective,A2,1,ליבה,1-2,,CEFR-J v1.5
omelet/omelette,noun,A2,1,ליבה,1-2,,CEFR-J v1.5
oneself,pronoun,B1,2,ליבה מורחבת,2-3,,CEFR-J v1.5
onion,noun,A2,1,ליבה,1-2,,CEFR-J v1.5
online,adjective,A2,1,ליבה,1-2,,CEFR-J v1.5
onstage,adjective,B1,2,ליבה מורחבת,2-3,,CEFR-J v1.5
onto/on to,preposition,B1,2,ליבה מורחבת,2-3,true,CEFR-J v1.5
opening,noun,B1,2,ליבה מורחבת,2-3,,CEFR-J v1.5
openly,adverb,B2,3,הרחבה אקדמית,3,,CEFR-J v1.5
operate,verb,A2,1,ליבה,1-2,,CEFR-J v1.5
operation,noun,B1,2,ליבה מורחבת,2-3,,CEFR-J v1.5
operator,noun,B2,3,הרחבה אקדמית,3,,CEFR-J v1.5
opinion,noun,A2,1,ליבה,1-2,,CEFR-J v1.5
opponent,noun,B2,3,הרחבה אקדמית,3,,CEFR-J v1.5
opportunity,noun,A2,1,ליבה,1-2,,CEFR-J v1.5
oppose,verb,A2,1,ליבה,1-2,,CEFR-J v1.5
opposite,adjective,A2,1,ליבה,1-2,true,CEFR-J v1.5
opposition,noun,B1,2,ליבה מורחבת,2-3,,CEFR-J v1.5
oppress,verb,B1,2,ליבה מורחבת,2-3,,CEFR-J v1.5
oppression,noun,B1,2,ליבה מורחבת,2-3,,CEFR-J v1.5
optimism,noun,B2,3,הרחבה אקדמית,3,,CEFR-J v1.5
optimist,noun,B2,3,הרחבה אקדמית,3,,CEFR-J v1.5
optimistic,adjective,B2,3,הרחבה אקדמית,3,,CEFR-J v1.5
option,noun,B1,2,ליבה מורחבת,2-3,,CEFR-J v1.5
optional,adjective,B2,3,הרחבה אקדמית,3,,CEFR-J v1.5
oral,noun,B1,2,ליבה מורחבת,2-3,,CEFR-J v1.5
orator,noun,B2,3,הרחבה אקדמית,3,,CEFR-J v1.5
orbit,noun,B1,2,ליבה מורחבת,2-3,,CEFR-J v1.5
orchestra,noun,B1,2,ליבה מורחבת,2-3,,CEFR-J v1.5
orchestral,adjective,B2,3,הרחבה אקדמית,3,,CEFR-J v1.5
orchid,noun,B2,3,הרחבה אקדמית,3,,CEFR-J v1.5
orderly,adjective,B1,2,ליבה מורחבת,2-3,,CEFR-J v1.5
ordinary,adjective,B1,2,ליבה מורחבת,2-3,,CEFR-J v1.5
organ,noun,B1,2,ליבה מורחבת,2-3,,CEFR-J v1.5
organic,adjective,B1,2,ליבה מורחבת,2-3,,CEFR-J v1.5
organism,noun,B1,2,ליבה מורחבת,2-3,,CEFR-J v1.5
organization/organisation,noun,B1,2,ליבה מורחבת,2-3,,CEFR-J v1.5
organize/organise,verb,A2,1,ליבה,1-2,,CEFR-J v1.5
organized/organised,adjective,A2,1,ליבה,1-2,,CEFR-J v1.5
organizer/organiser,noun,B2,3,הרחבה אקדמית,3,,CEFR-J v1.5
origin,noun,B1,2,ליבה מורחבת,2-3,,CEFR-J v1.5
original,adjective,A2,1,ליבה,1-2,,CEFR-J v1.5
originality,noun,B2,3,הרחבה אקדמית,3,,CEFR-J v1.5
originally,adverb,B2,3,הרחבה אקדמית,3,,CEFR-J v1.5
originate,verb,B2,3,הרחבה אקדמית,3,,CEFR-J v1.5
ornament,noun,B2,3,הרחבה אקדמית,3,,CEFR-J v1.5
orphan,noun,A2,1,ליבה,1-2,,CEFR-J v1.5
otherwise,adverb,B1,2,ליבה מורחבת,2-3,,CEFR-J v1.5
ought to,modal auxiliary,B1,2,ליבה מורחבת,2-3,,CEFR-J v1.5
ounce,noun,B2,3,הרחבה אקדמית,3,,CEFR-J v1.5
ourselves,pronoun,A2,1,ליבה,1-2,,CEFR-J v1.5
out of,preposition,A2,1,ליבה,1-2,true,CEFR-J v1.5
outback,noun,B2,3,הרחבה אקדמית,3,,CEFR-J v1.5
outbreak,noun,B2,3,הרחבה אקדמית,3,,CEFR-J v1.5
outcome,noun,B2,3,הרחבה אקדמית,3,,CEFR-J v1.5
outdistance,verb,B2,3,הרחבה אקדמית,3,,CEFR-J v1.5
outdo,verb,B2,3,הרחבה אקדמית,3,,CEFR-J v1.5
outdoor,adjective,B1,2,ליבה מורחבת,2-3,,CEFR-J v1.5
outdoors,adverb,B1,2,ליבה מורחבת,2-3,,CEFR-J v1.5
outer,adjective,B1,2,ליבה מורחבת,2-3,,CEFR-J v1.5
outfit,noun,B2,3,הרחבה אקדמית,3,,CEFR-J v1.5
outgrow,verb,B2,3,הרחבה אקדמית,3,,CEFR-J v1.5
outing,noun,B2,3,הרחבה אקדמית,3,,CEFR-J v1.5
outlaw,noun,B1,2,ליבה מורחבת,2-3,,CEFR-J v1.5
outlet,noun,B2,3,הרחבה אקדמית,3,,CEFR-J v1.5
outline,verb,B1,2,ליבה מורחבת,2-3,,CEFR-J v1.5
outlive,verb,B2,3,הרחבה אקדמית,3,,CEFR-J v1.5
outlook,noun,B2,3,הרחבה אקדמית,3,,CEFR-J v1.5
out-of-date,adjective,B1,2,ליבה מורחבת,2-3,,CEFR-J v1.5
outpatient,noun,B2,3,הרחבה אקדמית,3,,CEFR-J v1.5
output,noun,B2,3,הרחבה אקדמית,3,,CEFR-J v1.5
outrage,noun,B2,3,הרחבה אקדמית,3,,CEFR-J v1.5
outrageous,adjective,B2,3,הרחבה אקדמית,3,,CEFR-J v1.5
outshine,verb,B2,3,הרחבה אקדמית,3,,CEFR-J v1.5
outsider,noun,B2,3,הרחבה אקדמית,3,,CEFR-J v1.5
outskirts,noun,B2,3,הרחבה אקדמית,3,,CEFR-J v1.5
outstanding,adjective,B1,2,ליבה מורחבת,2-3,,CEFR-J v1.5
outward,adjective,B1,2,ליבה מורחבת,2-3,,CEFR-J v1.5
outwardly,adverb,B2,3,הרחבה אקדמית,3,,CEFR-J v1.5
outweigh,verb,B1,2,ליבה מורחבת,2-3,,CEFR-J v1.5
oval,adjective,B2,3,הרחבה אקדמית,3,,CEFR-J v1.5
oven,noun,A2,1,ליבה,1-2,,CEFR-J v1.5
overall,adjective,B2,3,הרחבה אקדמית,3,,CEFR-J v1.5
overboard,adverb,B2,3,הרחבה אקדמית,3,,CEFR-J v1.5
overbook,verb,B2,3,הרחבה אקדמית,3,,CEFR-J v1.5
overcoat,noun,B2,3,הרחבה אקדמית,3,,CEFR-J v1.5
overcome,verb,B1,2,ליבה מורחבת,2-3,,CEFR-J v1.5
overemphasize/overemphasise,verb,B2,3,הרחבה אקדמית,3,,CEFR-J v1.5
overestimate,verb,B2,3,הרחבה אקדמית,3,,CEFR-J v1.5
overhear,verb,B2,3,הרחבה אקדמית,3,,CEFR-J v1.5
overjoyed,adjective,B1,2,ליבה מורחבת,2-3,,CEFR-J v1.5
overlap,noun,B2,3,הרחבה אקדמית,3,,CEFR-J v1.5
overlook,verb,B2,3,הרחבה אקדמית,3,,CEFR-J v1.5
overly,adverb,B2,3,הרחבה אקדמית,3,,CEFR-J v1.5
overnight,adjective,B1,2,ליבה מורחבת,2-3,,CEFR-J v1.5
overseas,adverb,A2,1,ליבה,1-2,,CEFR-J v1.5
overshadow,verb,B2,3,הרחבה אקדמית,3,,CEFR-J v1.5
oversize,adjective,B2,3,הרחבה אקדמית,3,,CEFR-J v1.5
overstep,verb,B2,3,הרחבה אקדמית,3,,CEFR-J v1.5
overtake,verb,B2,3,הרחבה אקדמית,3,,CEFR-J v1.5
overthrow,verb,B2,3,הרחבה אקדמית,3,,CEFR-J v1.5
overtime,adverb,B2,3,הרחבה אקדמית,3,,CEFR-J v1.5
overturn,verb,B2,3,הרחבה אקדמית,3,,CEFR-J v1.5
overweight,adjective,A2,1,ליבה,1-2,,CEFR-J v1.5
overwhelm,verb,B1,2,ליבה מורחבת,2-3,,CEFR-J v1.5
overwhelming,adjective,B1,2,ליבה מורחבת,2-3,,CEFR-J v1.5
overwork,noun,B1,2,ליבה מורחבת,2-3,,CEFR-J v1.5
ow,noun,B2,3,הרחבה אקדמית,3,,CEFR-J v1.5
owe,verb,B1,2,ליבה מורחבת,2-3,,CEFR-J v1.5
owing,adjective,B1,2,ליבה מורחבת,2-3,,CEFR-J v1.5
owing to,preposition,B2,3,הרחבה אקדמית,3,true,CEFR-J v1.5
owl,noun,B2,3,הרחבה אקדמית,3,,CEFR-J v1.5
ox,noun,B2,3,הרחבה אקדמית,3,,CEFR-J v1.5
oxygen,noun,B1,2,ליבה מורחבת,2-3,,CEFR-J v1.5
ozone,noun,B2,3,הרחבה אקדמית,3,,CEFR-J v1.5
pa,noun,B2,3,הרחבה אקדמית,3,,CEFR-J v1.5
pace,noun,B1,2,ליבה מורחבת,2-3,,CEFR-J v1.5
pacific,adjective,A2,1,ליבה,1-2,,CEFR-J v1.5
pack,noun,A2,1,ליבה,1-2,,CEFR-J v1.5
package,noun,B1,2,ליבה מורחבת,2-3,,CEFR-J v1.5
packed,adjective,B2,3,הרחבה אקדמית,3,,CEFR-J v1.5
packet,noun,B2,3,הרחבה אקדמית,3,,CEFR-J v1.5
packing,noun,B1,2,ליבה מורחבת,2-3,,CEFR-J v1.5
pad,noun,B2,3,הרחבה אקדמית,3,,CEFR-J v1.5
paddle,noun,B1,2,ליבה מורחבת,2-3,,CEFR-J v1.5
paid,adjective,B1,2,ליבה מורחבת,2-3,,CEFR-J v1.5
pain,noun,B1,2,ליבה מורחבת,2-3,,CEFR-J v1.5
painful,adjective,B1,2,ליבה מורחבת,2-3,,CEFR-J v1.5
paintbrush,noun,B2,3,הרחבה אקדמית,3,,CEFR-J v1.5
painter,noun,A2,1,ליבה,1-2,,CEFR-J v1.5
pajamas/pyjamas,noun,B2,3,הרחבה אקדמית,3,,CEFR-J v1.5
pal,noun,A2,1,ליבה,1-2,,CEFR-J v1.5
pale,adjective,B1,2,ליבה מורחבת,2-3,,CEFR-J v1.5
pallet,noun,B2,3,הרחבה אקדמית,3,,CEFR-J v1.5
palm,noun,B1,2,ליבה מורחבת,2-3,,CEFR-J v1.5
pan,noun,A2,1,ליבה,1-2,,CEFR-J v1.5
pancake,noun,B2,3,הרחבה אקדמית,3,,CEFR-J v1.5
pandemic,adjective,B2,3,הרחבה אקדמית,3,,CEFR-J v1.5
panel,noun,B2,3,הרחבה אקדמית,3,,CEFR-J v1.5
panic,noun,A2,1,ליבה,1-2,,CEFR-J v1.5
papaya,noun,B2,3,הרחבה אקדמית,3,,CEFR-J v1.5
paperless,adjective,B2,3,הרחבה אקדמית,3,,CEFR-J v1.5
paperwork,noun,B2,3,הרחבה אקדמית,3,,CEFR-J v1.5
parachute,noun,B1,2,ליבה מורחבת,2-3,,CEFR-J v1.5
parade,noun,B2,3,הרחבה אקדמית,3,,CEFR-J v1.5
paradise,noun,B1,2,ליבה מורחבת,2-3,,CEFR-J v1.5
paradox,noun,B2,3,הרחבה אקדמית,3,,CEFR-J v1.5
paralysis,noun,B2,3,הרחבה אקדמית,3,,CEFR-J v1.5
paralyze/paralyse,verb,B1,2,ליבה מורחבת,2-3,,CEFR-J v1.5
paramedic,adjective,B2,3,הרחבה אקדמית,3,,CEFR-J v1.5
paratrooper,noun,B2,3,הרחבה אקדמית,3,,CEFR-J v1.5
parcel,noun,B1,2,ליבה מורחבת,2-3,,CEFR-J v1.5
parental,adjective,B1,2,ליבה מורחבת,2-3,,CEFR-J v1.5
parking,noun,B1,2,ליבה מורחבת,2-3,,CEFR-J v1.5
parliament,noun,B2,3,הרחבה אקדמית,3,,CEFR-J v1.5
parrot,noun,B1,2,ליבה מורחבת,2-3,,CEFR-J v1.5
part,noun,A2,1,ליבה,1-2,,CEFR-J v1.5
partial,adjective,B1,2,ליבה מורחבת,2-3,,CEFR-J v1.5
participant,noun,B1,2,ליבה מורחבת,2-3,,CEFR-J v1.5
participate,verb,B1,2,ליבה מורחבת,2-3,,CEFR-J v1.5
participation,noun,B2,3,הרחבה אקדמית,3,,CEFR-J v1.5
participle,noun,B1,2,ליבה מורחבת,2-3,,CEFR-J v1.5
particle,noun,B2,3,הרחבה אקדמית,3,,CEFR-J v1.5
particular,adjective,B2,3,הרחבה אקדמית,3,,CEFR-J v1.5
particularly,adverb,B1,2,ליבה מורחבת,2-3,,CEFR-J v1.5
partisan,noun,B2,3,הרחבה אקדמית,3,,CEFR-J v1.5
partly,adverb,A2,1,ליבה,1-2,,CEFR-J v1.5
partnership,noun,B2,3,הרחבה אקדמית,3,,CEFR-J v1.5
part-time,adjective,B1,2,ליבה מורחבת,2-3,,CEFR-J v1.5
pass,noun,A2,1,ליבה,1-2,,CEFR-J v1.5
passage,noun,A2,1,ליבה,1-2,,CEFR-J v1.5
passenger,noun,A2,1,ליבה,1-2,,CEFR-J v1.5
passion,noun,B1,2,ליבה מורחבת,2-3,,CEFR-J v1.5
passionate,adjective,B2,3,הרחבה אקדמית,3,,CEFR-J v1.5
passionately,adverb,B2,3,הרחבה אקדמית,3,,CEFR-J v1.5
passive,adjective,B1,2,ליבה מורחבת,2-3,,CEFR-J v1.5
passport,noun,B1,2,ליבה מורחבת,2-3,,CEFR-J v1.5
password,noun,B1,2,ליבה מורחבת,2-3,,CEFR-J v1.5
pasta,noun,A2,1,ליבה,1-2,,CEFR-J v1.5
pastor,noun,B2,3,הרחבה אקדמית,3,,CEFR-J v1.5
pastoral,adjective,B2,3,הרחבה אקדמית,3,,CEFR-J v1.5
patch,noun,B2,3,הרחבה אקדמית,3,,CEFR-J v1.5
path,noun,A2,1,ליבה,1-2,,CEFR-J v1.5
patience,noun,B1,2,ליבה מורחבת,2-3,,CEFR-J v1.5
patient,noun,A2,1,ליבה,1-2,,CEFR-J v1.5
patiently,adverb,B2,3,הרחבה אקדמית,3,,CEFR-J v1.5
patriot,noun,B2,3,הרחבה אקדמית,3,,CEFR-J v1.5
patriotic,adjective,B2,3,הרחבה אקדמית,3,,CEFR-J v1.5
patriotism,noun,B2,3,הרחבה אקדמית,3,,CEFR-J v1.5
patrol,noun,B1,2,ליבה מורחבת,2-3,,CEFR-J v1.5
patron,noun,B2,3,הרחבה אקדמית,3,,CEFR-J v1.5
pattern,noun,B1,2,ליבה מורחבת,2-3,,CEFR-J v1.5
pause,noun,B1,2,ליבה מורחבת,2-3,,CEFR-J v1.5
pave,verb,B2,3,הרחבה אקדמית,3,,CEFR-J v1.5
pavement,noun,B2,3,הרחבה אקדמית,3,,CEFR-J v1.5
paw,noun,B2,3,הרחבה אקדמית,3,,CEFR-J v1.5
pawnbroker,noun,B2,3,הרחבה אקדמית,3,,CEFR-J v1.5
pawnshop,noun,B2,3,הרחבה אקדמית,3,,CEFR-J v1.5
payment,noun,B2,3,הרחבה אקדמית,3,,CEFR-J v1.5
PC,noun,A2,1,ליבה,1-2,,CEFR-J v1.5
pea,noun,A2,1,ליבה,1-2,,CEFR-J v1.5
peaceful,adjective,A2,1,ליבה,1-2,,CEFR-J v1.5
peacefully,adverb,B2,3,הרחבה אקדמית,3,,CEFR-J v1.5
peach,noun,B2,3,הרחבה אקדמית,3,,CEFR-J v1.5
peak,noun,B2,3,הרחבה אקדמית,3,,CEFR-J v1.5
peanut,noun,B1,2,ליבה מורחבת,2-3,,CEFR-J v1.5
pear,noun,A2,1,ליבה,1-2,,CEFR-J v1.5
pearl,noun,B2,3,הרחבה אקדמית,3,,CEFR-J v1.5
pebble,noun,B2,3,הרחבה אקדמית,3,,CEFR-J v1.5
peculiar,adjective,B1,2,ליבה מורחבת,2-3,,CEFR-J v1.5
pedal,noun,B2,3,הרחבה אקדמית,3,,CEFR-J v1.5
pedantic,adjective,B2,3,הרחבה אקדמית,3,,CEFR-J v1.5
pedestrian,noun,B2,3,הרחבה אקדמית,3,,CEFR-J v1.5
pee,verb,B2,3,הרחבה אקדמית,3,,CEFR-J v1.5
peel,noun,B2,3,הרחבה אקדמית,3,,CEFR-J v1.5
peep,noun,B2,3,הרחבה אקדמית,3,,CEFR-J v1.5
peer,noun,B2,3,הרחבה אקדמית,3,,CEFR-J v1.5
peg,noun,B2,3,הרחבה אקדמית,3,,CEFR-J v1.5
penalize/penalise,verb,B2,3,הרחבה אקדמית,3,,CEFR-J v1.5
penalty,noun,B2,3,הרחבה אקדמית,3,,CEFR-J v1.5
pence,noun,A2,1,ליבה,1-2,,CEFR-J v1.5
penetrate,verb,B2,3,הרחבה אקדמית,3,,CEFR-J v1.5
penfriend/pen friend,noun,A2,1,ליבה,1-2,,CEFR-J v1.5
penguin,noun,B2,3,הרחבה אקדמית,3,,CEFR-J v1.5
penicillin,noun,B2,3,הרחבה אקדמית,3,,CEFR-J v1.5
penniless,adjective,B1,2,ליבה מורחבת,2-3,,CEFR-J v1.5
penny,noun,B1,2,ליבה מורחבת,2-3,,CEFR-J v1.5
pension,noun,B2,3,הרחבה אקדמית,3,,CEFR-J v1.5
pentagon,noun,B2,3,הרחבה אקדמית,3,,CEFR-J v1.5
pepper,noun,A2,1,ליבה,1-2,,CEFR-J v1.5
per,preposition,B1,2,ליבה מורחבת,2-3,true,CEFR-J v1.5
perceive,verb,B2,3,הרחבה אקדמית,3,,CEFR-J v1.5
percent/per cent,noun,B1,2,ליבה מורחבת,2-3,,CEFR-J v1.5
percentage,noun,B2,3,הרחבה אקדמית,3,,CEFR-J v1.5
perception,noun,B2,3,הרחבה אקדמית,3,,CEFR-J v1.5
perfect,adjective,A2,1,ליבה,1-2,,CEFR-J v1.5
perfectly,adverb,A2,1,ליבה,1-2,,CEFR-J v1.5
perform,verb,A2,1,ליבה,1-2,,CEFR-J v1.5
performance,noun,A2,1,ליבה,1-2,,CEFR-J v1.5
performer,noun,B1,2,ליבה מורחבת,2-3,,CEFR-J v1.5
perfume,noun,A2,1,ליבה,1-2,,CEFR-J v1.5
perhaps,adverb,A2,1,ליבה,1-2,,CEFR-J v1.5
permanence,noun,B2,3,הרחבה אקדמית,3,,CEFR-J v1.5
permanent,adjective,B1,2,ליבה מורחבת,2-3,,CEFR-J v1.5
permanently,adverb,B1,2,ליבה מורחבת,2-3,,CEFR-J v1.5
permeate,verb,B2,3,הרחבה אקדמית,3,,CEFR-J v1.5
permission,noun,A2,1,ליבה,1-2,,CEFR-J v1.5
permit,verb,B1,2,ליבה מורחבת,2-3,,CEFR-J v1.5
perseverance,noun,B2,3,הרחבה אקדמית,3,,CEFR-J v1.5
persist,verb,B2,3,הרחבה אקדמית,3,,CEFR-J v1.5
persistence,noun,B2,3,הרחבה אקדמית,3,,CEFR-J v1.5
persistent,adjective,B2,3,הרחבה אקדמית,3,,CEFR-J v1.5
personality,noun,A2,1,ליבה,1-2,,CEFR-J v1.5
personally,adverb,B1,2,ליבה מורחבת,2-3,,CEFR-J v1.5
personification,noun,B2,3,הרחבה אקדמית,3,,CEFR-J v1.5
personify,verb,B2,3,הרחבה אקדמית,3,,CEFR-J v1.5
personnel,noun,B2,3,הרחבה אקדמית,3,,CEFR-J v1.5
perspective,noun,B2,3,הרחבה אקדמית,3,,CEFR-J v1.5
perspiration,noun,B2,3,הרחבה אקדמית,3,,CEFR-J v1.5
persuade,verb,B1,2,ליבה מורחבת,2-3,,CEFR-J v1.5
persuasion,noun,B2,3,הרחבה אקדמית,3,,CEFR-J v1.5
persuasive,adjective,B1,2,ליבה מורחבת,2-3,,CEFR-J v1.5
pessimist,noun,B2,3,הרחבה אקדמית,3,,CEFR-J v1.5
pessimistic,adjective,B2,3,הרחבה אקדמית,3,,CEFR-J v1.5
petrified,adjective,B2,3,הרחבה אקדמית,3,,CEFR-J v1.5
petrol,noun,A2,1,ליבה,1-2,,CEFR-J v1.5
petrol station,noun,A2,1,ליבה,1-2,,CEFR-J v1.5
petty,adjective,B2,3,הרחבה אקדמית,3,,CEFR-J v1.5
pH,noun,B2,3,הרחבה אקדמית,3,,CEFR-J v1.5
phantom,adjective,B1,2,ליבה מורחבת,2-3,,CEFR-J v1.5
pharmacist,noun,B2,3,הרחבה אקדמית,3,,CEFR-J v1.5
pharmacy,noun,B1,2,ליבה מורחבת,2-3,,CEFR-J v1.5
phase,noun,B2,3,הרחבה אקדמית,3,,CEFR-J v1.5
phenomenon,noun,B1,2,ליבה מורחבת,2-3,,CEFR-J v1.5
philosopher,noun,B1,2,ליבה מורחבת,2-3,,CEFR-J v1.5
philosophical,adjective,B2,3,הרחבה אקדמית,3,,CEFR-J v1.5
philosophy,noun,B1,2,ליבה מורחבת,2-3,,CEFR-J v1.5
phoenix,noun,B1,2,ליבה מורחבת,2-3,,CEFR-J v1.5
photocopy,noun,B1,2,ליבה מורחבת,2-3,,CEFR-J v1.5
photograph,noun,A2,1,ליבה,1-2,,CEFR-J v1.5
photographer,noun,A2,1,ליבה,1-2,,CEFR-J v1.5
photography,noun,A2,1,ליבה,1-2,,CEFR-J v1.5
phrasal verb,noun,B1,2,ליבה מורחבת,2-3,,CEFR-J v1.5
phrase,noun,B1,2,ליבה מורחבת,2-3,,CEFR-J v1.5
physical,adjective,A2,1,ליבה,1-2,,CEFR-J v1.5
physically,adverb,A2,1,ליבה,1-2,,CEFR-J v1.5
physician,noun,B2,3,הרחבה אקדמית,3,,CEFR-J v1.5
physics,noun,B1,2,ליבה מורחבת,2-3,,CEFR-J v1.5
pi,noun,B2,3,הרחבה אקדמית,3,,CEFR-J v1.5
pickle,noun,B2,3,הרחבה אקדמית,3,,CEFR-J v1.5
picky,adjective,B2,3,הרחבה אקדמית,3,,CEFR-J v1.5
picturesque,adjective,B2,3,הרחבה אקדמית,3,,CEFR-J v1.5
pie,noun,B1,2,ליבה מורחבת,2-3,,CEFR-J v1.5
piety,noun,B1,2,ליבה מורחבת,2-3,,CEFR-J v1.5
pile,noun,A2,1,ליבה,1-2,,CEFR-J v1.5
pilgrim,noun,A2,1,ליבה,1-2,,CEFR-J v1.5
pill,noun,A2,1,ליבה,1-2,,CEFR-J v1.5
pillow,noun,B1,2,ליבה מורחבת,2-3,,CEFR-J v1.5
pillowcase,noun,B2,3,הרחבה אקדמית,3,,CEFR-J v1.5
pilot,noun,A2,1,ליבה,1-2,,CEFR-J v1.5
pin,verb,B1,2,ליבה מורחבת,2-3,,CEFR-J v1.5
pine,noun,B2,3,הרחבה אקדמית,3,,CEFR-J v1.5
pineapple,noun,B1,2,ליבה מורחבת,2-3,,CEFR-J v1.5
pint,noun,B2,3,הרחבה אקדמית,3,,CEFR-J v1.5
pipe,noun,B1,2,ליבה מורחבת,2-3,,CEFR-J v1.5
piracy,noun,B2,3,הרחבה אקדמית,3,,CEFR-J v1.5
pirate,noun,B2,3,הרחבה אקדמית,3,,CEFR-J v1.5
pit,noun,B1,2,ליבה מורחבת,2-3,,CEFR-J v1.5
pitch,noun,B2,3,הרחבה אקדמית,3,,CEFR-J v1.5
pity,noun,A2,1,ליבה,1-2,,CEFR-J v1.5
plague,noun,B2,3,הרחבה אקדמית,3,,CEFR-J v1.5
plain,adjective,B1,2,ליבה מורחבת,2-3,,CEFR-J v1.5
planet,noun,A2,1,ליבה,1-2,,CEFR-J v1.5
planning,noun,B2,3,הרחבה אקדמית,3,,CEFR-J v1.5
plant,noun,A2,1,ליבה,1-2,,CEFR-J v1.5
plastic,adjective,A2,1,ליבה,1-2,,CEFR-J v1.5
plate,noun,A2,1,ליבה,1-2,,CEFR-J v1.5
platform,noun,B1,2,ליבה מורחבת,2-3,,CEFR-J v1.5
playful,adjective,A2,1,ליבה,1-2,,CEFR-J v1.5
playground,noun,A2,1,ליבה,1-2,,CEFR-J v1.5
playmate,noun,B2,3,הרחבה אקדמית,3,,CEFR-J v1.5
playwright,noun,B2,3,הרחבה אקדמית,3,,CEFR-J v1.5
plead,verb,B2,3,הרחבה אקדמית,3,,CEFR-J v1.5
pleasant,adjective,A2,1,ליבה,1-2,,CEFR-J v1.5
pleasantly,adverb,B1,2,ליבה מורחבת,2-3,,CEFR-J v1.5
pleased,adjective,A2,1,ליבה,1-2,,CEFR-J v1.5
pleasing,adjective,A2,1,ליבה,1-2,,CEFR-J v1.5
plenty,noun,A2,1,ליבה,1-2,,CEFR-J v1.5
plot,noun,B2,3,הרחבה אקדמית,3,,CEFR-J v1.5
pluck,verb,B2,3,הרחבה אקדמית,3,,CEFR-J v1.5
plug,noun,B1,2,ליבה מורחבת,2-3,,CEFR-J v1.5
plum,noun,B2,3,הרחבה אקדמית,3,,CEFR-J v1.5
plumber,noun,B2,3,הרחבה אקדמית,3,,CEFR-J v1.5
plural,noun,A2,1,ליבה,1-2,,CEFR-J v1.5
plus,preposition,A2,1,ליבה,1-2,true,CEFR-J v1.5
pneumonia,noun,B2,3,הרחבה אקדמית,3,,CEFR-J v1.5
pocket money,noun,B1,2,ליבה מורחבת,2-3,,CEFR-J v1.5
poet,noun,B1,2,ליבה מורחבת,2-3,,CEFR-J v1.5
poetry,noun,B1,2,ליבה מורחבת,2-3,,CEFR-J v1.5
point of view,noun,B2,3,הרחבה אקדמית,3,,CEFR-J v1.5
pointless,adjective,B2,3,הרחבה אקדמית,3,,CEFR-J v1.5
poison,noun,B1,2,ליבה מורחבת,2-3,,CEFR-J v1.5
poisonous,adjective,B1,2,ליבה מורחבת,2-3,,CEFR-J v1.5
polar bear,noun,B2,3,הרחבה אקדמית,3,,CEFR-J v1.5
pole,noun,B1,2,ליבה מורחבת,2-3,,CEFR-J v1.5
police,noun,A2,1,ליבה,1-2,,CEFR-J v1.5
police officer,noun,A2,1,ליבה,1-2,,CEFR-J v1.5
police station,noun,A2,1,ליבה,1-2,,CEFR-J v1.5
policeman,noun,A2,1,ליבה,1-2,,CEFR-J v1.5
policewoman,noun,A2,1,ליבה,1-2,,CEFR-J v1.5
policy,noun,B1,2,ליבה מורחבת,2-3,,CEFR-J v1.5
polio,noun,B2,3,הרחבה אקדמית,3,,CEFR-J v1.5
polish,noun,B2,3,הרחבה אקדמית,3,,CEFR-J v1.5
polite,adjective,A2,1,ליבה,1-2,,CEFR-J v1.5
politely,adverb,B1,2,ליבה מורחבת,2-3,,CEFR-J v1.5
politeness,noun,B2,3,הרחבה אקדמית,3,,CEFR-J v1.5
political,adjective,A2,1,ליבה,1-2,,CEFR-J v1.5
politically,adverb,B2,3,הרחבה אקדמית,3,,CEFR-J v1.5
politician,noun,B1,2,ליבה מורחבת,2-3,,CEFR-J v1.5
politics,noun,B1,2,ליבה מורחבת,2-3,,CEFR-J v1.5
polity,noun,B2,3,הרחבה אקדמית,3,,CEFR-J v1.5
pollutant,noun,B1,2,ליבה מורחבת,2-3,,CEFR-J v1.5
pollute,verb,A2,1,ליבה,1-2,,CEFR-J v1.5
polo,noun,B2,3,הרחבה אקדמית,3,,CEFR-J v1.5
pond,noun,B1,2,ליבה מורחבת,2-3,,CEFR-J v1.5
ponder,verb,B2,3,הרחבה אקדמית,3,,CEFR-J v1.5
popcorn,noun,B1,2,ליבה מורחבת,2-3,,CEFR-J v1.5
popular,adjective,A2,1,ליבה,1-2,,CEFR-J v1.5
popularity,noun,B2,3,הרחבה אקדמית,3,,CEFR-J v1.5
popularize/popularise,verb,B2,3,הרחבה אקדמית,3,,CEFR-J v1.5
population,noun,A2,1,ליבה,1-2,,CEFR-J v1.5
porch,noun,B2,3,הרחבה אקדמית,3,,CEFR-J v1.5
pork,noun,B1,2,ליבה מורחבת,2-3,,CEFR-J v1.5
port,noun,B1,2,ליבה מורחבת,2-3,,CEFR-J v1.5
portion,noun,B2,3,הרחבה אקדמית,3,,CEFR-J v1.5
portrait,noun,A2,1,ליבה,1-2,,CEFR-J v1.5
pose,noun,B2,3,הרחבה אקדמית,3,,CEFR-J v1.5
posh,adjective,B2,3,הרחבה אקדמית,3,,CEFR-J v1.5
position,noun,A2,1,ליבה,1-2,,CEFR-J v1.5
positive,adjective,B1,2,ליבה מורחבת,2-3,,CEFR-J v1.5
positively,adverb,B1,2,ליבה מורחבת,2-3,,CEFR-J v1.5
possess,verb,B1,2,ליבה מורחבת,2-3,,CEFR-J v1.5
possessed,adjective,B2,3,הרחבה אקדמית,3,,CEFR-J v1.5
possession,noun,B1,2,ליבה מורחבת,2-3,,CEFR-J v1.5
possessive,adjective,B1,2,ליבה מורחבת,2-3,,CEFR-J v1.5
possibility,noun,B1,2,ליבה מורחבת,2-3,,CEFR-J v1.5
possible,adjective,A2,1,ליבה,1-2,,CEFR-J v1.5
possibly,adverb,A2,1,ליבה,1-2,,CEFR-J v1.5
post office,noun,A2,1,ליבה,1-2,,CEFR-J v1.5
postal,adjective,B2,3,הרחבה אקדמית,3,,CEFR-J v1.5
postcard,noun,B1,2,ליבה מורחבת,2-3,,CEFR-J v1.5
postman,noun,B1,2,ליבה מורחבת,2-3,,CEFR-J v1.5
postpone,verb,B2,3,הרחבה אקדמית,3,,CEFR-J v1.5
pot,noun,B1,2,ליבה מורחבת,2-3,,CEFR-J v1.5
potent,adjective,B2,3,הרחבה אקדמית,3,,CEFR-J v1.5
potential,noun,B1,2,ליבה מורחבת,2-3,,CEFR-J v1.5
potentially,adverb,B2,3,הרחבה אקדמית,3,,CEFR-J v1.5
pottery,noun,B1,2,ליבה מורחבת,2-3,,CEFR-J v1.5
pound,noun,B1,2,ליבה מורחבת,2-3,,CEFR-J v1.5
pour,verb,A2,1,ליבה,1-2,,CEFR-J v1.5
poverty,noun,B1,2,ליבה מורחבת,2-3,,CEFR-J v1.5
powder,noun,B1,2,ליבה מורחבת,2-3,,CEFR-J v1.5
power,noun,A2,1,ליבה,1-2,,CEFR-J v1.5
powerful,adjective,A2,1,ליבה,1-2,,CEFR-J v1.5
powerfully,adverb,B2,3,הרחבה אקדמית,3,,CEFR-J v1.5
practical,adjective,B1,2,ליבה מורחבת,2-3,,CEFR-J v1.5
practicality,noun,B2,3,הרחבה אקדמית,3,,CEFR-J v1.5
practically,adverb,B2,3,הרחבה אקדמית,3,,CEFR-J v1.5
praise,noun,B1,2,ליבה מורחבת,2-3,,CEFR-J v1.5
prance,noun,B2,3,הרחבה אקדמית,3,,CEFR-J v1.5
prawn,noun,B2,3,הרחבה אקדמית,3,,CEFR-J v1.5
prayer,noun,B1,2,ליבה מורחבת,2-3,,CEFR-J v1.5
precede,verb,B2,3,הרחבה אקדמית,3,,CEFR-J v1.5
precious,adjective,B1,2,ליבה מורחבת,2-3,,CEFR-J v1.5
precise,adjective,A2,1,ליבה,1-2,,CEFR-J v1.5
precisely,adverb,B2,3,הרחבה אקדמית,3,,CEFR-J v1.5
predicament,noun,B2,3,הרחבה אקדמית,3,,CEFR-J v1.5
predicate,verb,B2,3,הרחבה אקדמית,3,,CEFR-J v1.5
predicative,adjective,B2,3,הרחבה אקדמית,3,,CEFR-J v1.5
predict,verb,A2,1,ליבה,1-2,,CEFR-J v1.5
predictable,adjective,B2,3,הרחבה אקדמית,3,,CEFR-J v1.5
prediction,noun,A2,1,ליבה,1-2,,CEFR-J v1.5
predictive,adjective,B2,3,הרחבה אקדמית,3,,CEFR-J v1.5
predictor,noun,B2,3,הרחבה אקדמית,3,,CEFR-J v1.5
prefect,noun,B2,3,הרחבה אקדמית,3,,CEFR-J v1.5
prefer,verb,A2,1,ליבה,1-2,,CEFR-J v1.5
preferable,adjective,B2,3,הרחבה אקדמית,3,,CEFR-J v1.5
preferably,adverb,B2,3,הרחבה אקדמית,3,,CEFR-J v1.5
preference,noun,B1,2,ליבה מורחבת,2-3,,CEFR-J v1.5
prefix,noun,B1,2,ליבה מורחבת,2-3,,CEFR-J v1.5
pregnant,adjective,B1,2,ליבה מורחבת,2-3,,CEFR-J v1.5
prehistoric,adjective,B2,3,הרחבה אקדמית,3,,CEFR-J v1.5
prehuman,noun,B2,3,הרחבה אקדמית,3,,CEFR-J v1.5
preindustrial,adjective,B2,3,הרחבה אקדמית,3,,CEFR-J v1.5
prejudge,verb,B2,3,הרחבה אקדמית,3,,CEFR-J v1.5
prejudice,noun,B1,2,ליבה מורחבת,2-3,,CEFR-J v1.5
preliminary,adjective,B2,3,הרחבה אקדמית,3,,CEFR-J v1.5
preoccupy,verb,B2,3,הרחבה אקדמית,3,,CEFR-J v1.5
preparation,noun,B1,2,ליבה מורחבת,2-3,,CEFR-J v1.5
prepare,verb,A2,1,ליבה,1-2,,CEFR-J v1.5
prepared,adjective,B1,2,ליבה מורחבת,2-3,,CEFR-J v1.5
preposition,noun,B1,2,ליבה מורחבת,2-3,,CEFR-J v1.5
preschool,adjective,B1,2,ליבה מורחבת,2-3,,CEFR-J v1.5
prescribe,verb,B2,3,הרחבה אקדמית,3,,CEFR-J v1.5
prescription,noun,B1,2,ליבה מורחבת,2-3,,CEFR-J v1.5
presence,noun,B1,2,ליבה מורחבת,2-3,,CEFR-J v1.5
presentation,noun,B1,2,ליבה מורחבת,2-3,,CEFR-J v1.5
presenter,noun,B2,3,הרחבה אקדמית,3,,CEFR-J v1.5
preservation,noun,B1,2,ליבה מורחבת,2-3,,CEFR-J v1.5
preserve,verb,B1,2,ליבה מורחבת,2-3,,CEFR-J v1.5
presidency,noun,B2,3,הרחבה אקדמית,3,,CEFR-J v1.5
president,noun,B1,2,ליבה מורחבת,2-3,,CEFR-J v1.5
presidential,adjective,B2,3,הרחבה אקדמית,3,,CEFR-J v1.5
press,noun,B1,2,ליבה מורחבת,2-3,,CEFR-J v1.5
pressure,noun,A2,1,ליבה,1-2,,CEFR-J v1.5
prestige,noun,B2,3,הרחבה אקדמית,3,,CEFR-J v1.5
prestigious,adjective,B2,3,הרחבה אקדמית,3,,CEFR-J v1.5
presumably,adverb,B2,3,הרחבה אקדמית,3,,CEFR-J v1.5
pretend,verb,A2,1,ליבה,1-2,,CEFR-J v1.5
prevail,verb,B2,3,הרחבה אקדמית,3,,CEFR-J v1.5
prevent,verb,A2,1,ליבה,1-2,,CEFR-J v1.5
prevention,noun,B2,3,הרחבה אקדמית,3,,CEFR-J v1.5
preventive,adjective,B2,3,הרחבה אקדמית,3,,CEFR-J v1.5
previous,adjective,B1,2,ליבה מורחבת,2-3,,CEFR-J v1.5
previously,adverb,B2,3,הרחבה אקדמית,3,,CEFR-J v1.5
priceless,adjective,B2,3,הרחבה אקדמית,3,,CEFR-J v1.5
prick,noun,B2,3,הרחבה אקדמית,3,,CEFR-J v1.5
pride,noun,A2,1,ליבה,1-2,,CEFR-J v1.5
priest,noun,B1,2,ליבה מורחבת,2-3,,CEFR-J v1.5
primarily,adverb,B1,2,ליבה מורחבת,2-3,,CEFR-J v1.5
primary,adjective,B2,3,הרחבה אקדמית,3,,CEFR-J v1.5
primary school,noun,B1,2,ליבה מורחבת,2-3,,CEFR-J v1.5
prime,adjective,B2,3,הרחבה אקדמית,3,,CEFR-J v1.5
prime minister,noun,B2,3,הרחבה אקדמית,3,,CEFR-J v1.5
primitive,adjective,B1,2,ליבה מורחבת,2-3,,CEFR-J v1.5
principal,adjective,A2,1,ליבה,1-2,,CEFR-J v1.5
principle,noun,B1,2,ליבה מורחבת,2-3,,CEFR-J v1.5
print,verb,A2,1,ליבה,1-2,,CEFR-J v1.5
printer,noun,A2,1,ליבה,1-2,,CEFR-J v1.5
prior,adjective,B2,3,הרחבה אקדמית,3,,CEFR-J v1.5
priority,noun,B2,3,הרחבה אקדמית,3,,CEFR-J v1.5
prison,noun,B1,2,ליבה מורחבת,2-3,,CEFR-J v1.5
prisoner,noun,B1,2,ליבה מורחבת,2-3,,CEFR-J v1.5
privacy,noun,B1,2,ליבה מורחבת,2-3,,CEFR-J v1.5
private,adjective,A2,1,ליבה,1-2,,CEFR-J v1.5
privately,adverb,B2,3,הרחבה אקדמית,3,,CEFR-J v1.5
privilege,noun,B2,3,הרחבה אקדמית,3,,CEFR-J v1.5
prize,noun,B1,2,ליבה מורחבת,2-3,,CEFR-J v1.5
pro,noun,A2,1,ליבה,1-2,,CEFR-J v1.5
probability,noun,B1,2,ליבה מורחבת,2-3,,CEFR-J v1.5
probable,adjective,B2,3,הרחבה אקדמית,3,,CEFR-J v1.5
probably,adverb,A2,1,ליבה,1-2,,CEFR-J v1.5
probe,noun,B2,3,הרחבה אקדמית,3,,CEFR-J v1.5
procedure,noun,B2,3,הרחבה אקדמית,3,,CEFR-J v1.5
proceed,verb,B1,2,ליבה מורחבת,2-3,,CEFR-J v1.5
process,noun,B1,2,ליבה מורחבת,2-3,,CEFR-J v1.5
proclaim,verb,B1,2,ליבה מורחבת,2-3,,CEFR-J v1.5
procrastination,noun,B1,2,ליבה מורחבת,2-3,,CEFR-J v1.5
produce,verb,A2,1,ליבה,1-2,,CEFR-J v1.5
producer,noun,B1,2,ליבה מורחבת,2-3,,CEFR-J v1.5
product,noun,A2,1,ליבה,1-2,,CEFR-J v1.5
production,noun,A2,1,ליבה,1-2,,CEFR-J v1.5
productive,adjective,B1,2,ליבה מורחבת,2-3,,CEFR-J v1.5
profession,noun,B1,2,ליבה מורחבת,2-3,,CEFR-J v1.5
professional,adjective,A2,1,ליבה,1-2,,CEFR-J v1.5
professor,noun,B1,2,ליבה מורחבת,2-3,,CEFR-J v1.5
profile,noun,B2,3,הרחבה אקדמית,3,,CEFR-J v1.5
profit,noun,B2,3,הרחבה אקדמית,3,,CEFR-J v1.5
profitable,adjective,B2,3,הרחבה אקדמית,3,,CEFR-J v1.5
programmer,noun,B2,3,הרחבה אקדמית,3,,CEFR-J v1.5
programming,noun,B2,3,הרחבה אקדמית,3,,CEFR-J v1.5
progress,noun,B1,2,ליבה מורחבת,2-3,,CEFR-J v1.5
progressive,adjective,A2,1,ליבה,1-2,,CEFR-J v1.5
prohibit,verb,B2,3,הרחבה אקדמית,3,,CEFR-J v1.5
prohibition,noun,B1,2,ליבה מורחבת,2-3,,CEFR-J v1.5
project,noun,B2,3,הרחבה אקדמית,3,,CEFR-J v1.5
projection,noun,B2,3,הרחבה אקדמית,3,,CEFR-J v1.5
prom,noun,B2,3,הרחבה אקדמית,3,,CEFR-J v1.5
prominence,noun,B2,3,הרחבה אקדמית,3,,CEFR-J v1.5
prominent,adjective,B1,2,ליבה מורחבת,2-3,,CEFR-J v1.5
promise,noun,A2,1,ליבה,1-2,,CEFR-J v1.5
promote,verb,B1,2,ליבה מורחבת,2-3,,CEFR-J v1.5
promotion,noun,B1,2,ליבה מורחבת,2-3,,CEFR-J v1.5
prompt,adjective,B2,3,הרחבה אקדמית,3,,CEFR-J v1.5
promptly,adverb,B2,3,הרחבה אקדמית,3,,CEFR-J v1.5
pronoun,noun,B1,2,ליבה מורחבת,2-3,,CEFR-J v1.5
pronounce,verb,A2,1,ליבה,1-2,,CEFR-J v1.5
pronunciation,noun,A2,1,ליבה,1-2,,CEFR-J v1.5
proof,noun,B1,2,ליבה מורחבת,2-3,,CEFR-J v1.5
proper,adjective,A2,1,ליבה,1-2,,CEFR-J v1.5
properly,adverb,B1,2,ליבה מורחבת,2-3,,CEFR-J v1.5
property,noun,B1,2,ליבה מורחבת,2-3,,CEFR-J v1.5
proponent,noun,B2,3,הרחבה אקדמית,3,,CEFR-J v1.5
proportion,noun,B1,2,ליבה מורחבת,2-3,,CEFR-J v1.5
proposal,noun,B1,2,ליבה מורחבת,2-3,,CEFR-J v1.5
propose,verb,B1,2,ליבה מורחבת,2-3,,CEFR-J v1.5
proposed,adjective,B2,3,הרחבה אקדמית,3,,CEFR-J v1.5
prose,noun,B2,3,הרחבה אקדמית,3,,CEFR-J v1.5
prosecute,verb,B2,3,הרחבה אקדמית,3,,CEFR-J v1.5
prospect,noun,B2,3,הרחבה אקדמית,3,,CEFR-J v1.5
prosper,verb,B2,3,הרחבה אקדמית,3,,CEFR-J v1.5
prosperity,noun,B1,2,ליבה מורחבת,2-3,,CEFR-J v1.5
prosperous,adjective,B1,2,ליבה מורחבת,2-3,,CEFR-J v1.5
protect,verb,B1,2,ליבה מורחבת,2-3,,CEFR-J v1.5
protection,noun,B1,2,ליבה מורחבת,2-3,,CEFR-J v1.5
protective,adjective,B1,2,ליבה מורחבת,2-3,,CEFR-J v1.5
protest,noun,B1,2,ליבה מורחבת,2-3,,CEFR-J v1.5
proud,adjective,B1,2,ליבה מורחבת,2-3,,CEFR-J v1.5
proudly,adverb,B2,3,הרחבה אקדמית,3,,CEFR-J v1.5
prove,verb,B1,2,ליבה מורחבת,2-3,,CEFR-J v1.5
proven,adjective,B2,3,הרחבה אקדמית,3,,CEFR-J v1.5
proverb,noun,B1,2,ליבה מורחבת,2-3,,CEFR-J v1.5
provide,verb,A2,1,ליבה,1-2,,CEFR-J v1.5
provided,conjunction,B1,2,ליבה מורחבת,2-3,true,CEFR-J v1.5
province,noun,B2,3,הרחבה אקדמית,3,,CEFR-J v1.5
provision,noun,B2,3,הרחבה אקדמית,3,,CEFR-J v1.5
proximity,noun,B2,3,הרחבה אקדמית,3,,CEFR-J v1.5
psychological,adjective,B1,2,ליבה מורחבת,2-3,,CEFR-J v1.5
psychologically,adverb,B2,3,הרחבה אקדמית,3,,CEFR-J v1.5
psychologist,noun,A2,1,ליבה,1-2,,CEFR-J v1.5
psychology,noun,B2,3,הרחבה אקדמית,3,,CEFR-J v1.5
pub,noun,B1,2,ליבה מורחבת,2-3,,CEFR-J v1.5
public,noun,A2,1,ליבה,1-2,,CEFR-J v1.5
public transport,noun,B1,2,ליבה מורחבת,2-3,,CEFR-J v1.5
publication,noun,B2,3,הרחבה אקדמית,3,,CEFR-J v1.5
publicity,noun,B2,3,הרחבה אקדמית,3,,CEFR-J v1.5
publicize/publicise,verb,B2,3,הרחבה אקדמית,3,,CEFR-J v1.5
publicly,adverb,B1,2,ליבה מורחבת,2-3,,CEFR-J v1.5
publish,verb,A2,1,ליבה,1-2,,CEFR-J v1.5
publisher,noun,B1,2,ליבה מורחבת,2-3,,CEFR-J v1.5
pudding,noun,B2,3,הרחבה אקדמית,3,,CEFR-J v1.5
pull,verb,A2,1,ליבה,1-2,,CEFR-J v1.5
pullover,noun,B1,2,ליבה מורחבת,2-3,,CEFR-J v1.5
pulse,noun,B2,3,הרחבה אקדמית,3,,CEFR-J v1.5
pump,noun,B1,2,ליבה מורחבת,2-3,,CEFR-J v1.5
pumpkin,noun,B2,3,הרחבה אקדמית,3,,CEFR-J v1.5
punch,noun,B2,3,הרחבה אקדמית,3,,CEFR-J v1.5
punctual,adjective,B2,3,הרחבה אקדמית,3,,CEFR-J v1.5
punctuality,noun,B2,3,הרחבה אקדמית,3,,CEFR-J v1.5
punctuation,noun,A2,1,ליבה,1-2,,CEFR-J v1.5
punish,verb,B1,2,ליבה מורחבת,2-3,,CEFR-J v1.5
punishment,noun,B1,2,ליבה מורחבת,2-3,,CEFR-J v1.5
pupil,noun,B1,2,ליבה מורחבת,2-3,,CEFR-J v1.5
puppy,noun,B1,2,ליבה מורחבת,2-3,,CEFR-J v1.5
purchase,noun,B2,3,הרחבה אקדמית,3,,CEFR-J v1.5
pure,adjective,B1,2,ליבה מורחבת,2-3,,CEFR-J v1.5
purify,verb,B1,2,ליבה מורחבת,2-3,,CEFR-J v1.5
purpose,noun,A2,1,ליבה,1-2,,CEFR-J v1.5
purposeful,adjective,B2,3,הרחבה אקדמית,3,,CEFR-J v1.5
purse,noun,B1,2,ליבה מורחבת,2-3,,CEFR-J v1.5
pursue,verb,A2,1,ליבה,1-2,,CEFR-J v1.5
pursuit,noun,B2,3,הרחבה אקדמית,3,,CEFR-J v1.5
puzzle,noun,B1,2,ליבה מורחבת,2-3,,CEFR-J v1.5
puzzled,adjective,B2,3,הרחבה אקדמית,3,,CEFR-J v1.5
quake,noun,B1,2,ליבה מורחבת,2-3,,CEFR-J v1.5
qualification,noun,B2,3,הרחבה אקדמית,3,,CEFR-J v1.5
qualified,adjective,B1,2,ליבה מורחבת,2-3,,CEFR-J v1.5
qualify,verb,B1,2,ליבה מורחבת,2-3,,CEFR-J v1.5
quality,noun,A2,1,ליבה,1-2,,CEFR-J v1.5
quantify,verb,B2,3,הרחבה אקדמית,3,,CEFR-J v1.5
quantity,noun,B1,2,ליבה מורחבת,2-3,,CEFR-J v1.5
quarantine,noun,B2,3,הרחבה אקדמית,3,,CEFR-J v1.5
quarrel,noun,B2,3,הרחבה אקדמית,3,,CEFR-J v1.5
quarrelsome,adjective,B2,3,הרחבה אקדמית,3,,CEFR-J v1.5
queen,noun,A2,1,ליבה,1-2,,CEFR-J v1.5
queer,adjective,B2,3,הרחבה אקדמית,3,,CEFR-J v1.5
query,noun,B2,3,הרחבה אקדמית,3,,CEFR-J v1.5
question mark,noun,B1,2,ליבה מורחבת,2-3,,CEFR-J v1.5
questionnaire,noun,B1,2,ליבה מורחבת,2-3,,CEFR-J v1.5
queue,noun,B1,2,ליבה מורחבת,2-3,,CEFR-J v1.5
quick,adjective,A2,1,ליבה,1-2,,CEFR-J v1.5
quietly,adverb,A2,1,ליבה,1-2,,CEFR-J v1.5
quit,verb,A2,1,ליבה,1-2,,CEFR-J v1.5
quite,adverb,A2,1,ליבה,1-2,,CEFR-J v1.5
quiz,noun,A2,1,ליבה,1-2,,CEFR-J v1.5
quotable,adjective,B2,3,הרחבה אקדמית,3,,CEFR-J v1.5
quotation,noun,B2,3,הרחבה אקדמית,3,,CEFR-J v1.5
quote,noun,B2,3,הרחבה אקדמית,3,,CEFR-J v1.5
race,noun,B1,2,ליבה מורחבת,2-3,,CEFR-J v1.5
racial,adjective,B1,2,ליבה מורחבת,2-3,,CEFR-J v1.5
racism,noun,B2,3,הרחבה אקדמית,3,,CEFR-J v1.5
racist,noun,B2,3,הרחבה אקדמית,3,,CEFR-J v1.5
rack,noun,B2,3,הרחבה אקדמית,3,,CEFR-J v1.5
racket,noun,A2,1,ליבה,1-2,,CEFR-J v1.5
radar,noun,B2,3,הרחבה אקדמית,3,,CEFR-J v1.5
radiate,verb,B2,3,הרחבה אקדמית,3,,CEFR-J v1.5
radiation,noun,B1,2,ליבה מורחבת,2-3,,CEFR-J v1.5
radical,noun,B2,3,הרחבה אקדמית,3,,CEFR-J v1.5
radically,adverb,B2,3,הרחבה אקדמית,3,,CEFR-J v1.5
radium,noun,B2,3,הרחבה אקדמית,3,,CEFR-J v1.5
rafter,noun,B2,3,הרחבה אקדמית,3,,CEFR-J v1.5
rag,noun,B2,3,הרחבה אקדמית,3,,CEFR-J v1.5
rage,noun,B1,2,ליבה מורחבת,2-3,,CEFR-J v1.5
rail,noun,B1,2,ליבה מורחבת,2-3,,CEFR-J v1.5
railroad,noun,B1,2,ליבה מורחבת,2-3,,CEFR-J v1.5
railway,noun,B1,2,ליבה מורחבת,2-3,,CEFR-J v1.5
rainbow,noun,B2,3,הרחבה אקדמית,3,,CEFR-J v1.5
raincoat,noun,A2,1,ליבה,1-2,,CEFR-J v1.5
rainfall,noun,B1,2,ליבה מורחבת,2-3,,CEFR-J v1.5
rainforest,noun,B1,2,ליבה מורחבת,2-3,,CEFR-J v1.5
rainstorm,noun,B2,3,הרחבה אקדמית,3,,CEFR-J v1.5
raise,verb,A2,1,ליבה,1-2,,CEFR-J v1.5
rally,noun,B2,3,הרחבה אקדמית,3,,CEFR-J v1.5
ram,noun,B2,3,הרחבה אקדמית,3,,CEFR-J v1.5
ramp,noun,B2,3,הרחבה אקדמית,3,,CEFR-J v1.5
range,noun,A2,1,ליבה,1-2,,CEFR-J v1.5
ranger,noun,B2,3,הרחבה אקדמית,3,,CEFR-J v1.5
rank,noun,B1,2,ליבה מורחבת,2-3,,CEFR-J v1.5
rap,noun,A2,1,ליבה,1-2,,CEFR-J v1.5
rape,noun,B2,3,הרחבה אקדמית,3,,CEFR-J v1.5
rapid,adjective,B1,2,ליבה מורחבת,2-3,,CEFR-J v1.5
rapidly,adverb,B1,2,ליבה מורחבת,2-3,,CEFR-J v1.5
rare,adjective,B1,2,ליבה מורחבת,2-3,,CEFR-J v1.5
rarely,adverb,B1,2,ליבה מורחבת,2-3,,CEFR-J v1.5
rash,adjective,B2,3,הרחבה אקדמית,3,,CEFR-J v1.5
raspberry,noun,B1,2,ליבה מורחבת,2-3,,CEFR-J v1.5
rate,noun,A2,1,ליבה,1-2,,CEFR-J v1.5
rather,adverb,A2,1,ליבה,1-2,,CEFR-J v1.5
rating,noun,A2,1,ליבה,1-2,,CEFR-J v1.5
ration,noun,B1,2,ליבה מורחבת,2-3,,CEFR-J v1.5
rational,adjective,B1,2,ליבה מורחבת,2-3,,CEFR-J v1.5
rattle,noun,B2,3,הרחבה אקדמית,3,,CEFR-J v1.5
ravage,noun,B2,3,הרחבה אקדמית,3,,CEFR-J v1.5
raw,adjective,A2,1,ליבה,1-2,,CEFR-J v1.5
ray,noun,A2,1,ליבה,1-2,,CEFR-J v1.5
razor,noun,B1,2,ליבה מורחבת,2-3,,CEFR-J v1.5
reach,verb,A2,1,ליבה,1-2,,CEFR-J v1.5
react,verb,B1,2,ליבה מורחבת,2-3,,CEFR-J v1.5
reaction,noun,B2,3,הרחבה אקדמית,3,,CEFR-J v1.5
readily,adverb,B2,3,הרחבה אקדמית,3,,CEFR-J v1.5
real estate,noun,B2,3,הרחבה אקדמית,3,,CEFR-J v1.5
realistic,adjective,B1,2,ליבה מורחבת,2-3,,CEFR-J v1.5
reality,noun,B1,2,ליבה מורחבת,2-3,,CEFR-J v1.5
realization/realisation,noun,B2,3,הרחבה אקדמית,3,,CEFR-J v1.5
realize/realise,verb,A2,1,ליבה,1-2,,CEFR-J v1.5
rear,adjective,B2,3,הרחבה אקדמית,3,,CEFR-J v1.5
rearrange,verb,B1,2,ליבה מורחבת,2-3,,CEFR-J v1.5
reasonable,adjective,B1,2,ליבה מורחבת,2-3,,CEFR-J v1.5
reasonably,adverb,B2,3,הרחבה אקדמית,3,,CEFR-J v1.5
rebel,noun,B2,3,הרחבה אקדמית,3,,CEFR-J v1.5
rebellious,adjective,B2,3,הרחבה אקדמית,3,,CEFR-J v1.5
rebuild,verb,B1,2,ליבה מורחבת,2-3,,CEFR-J v1.5
recall,verb,B1,2,ליבה מורחבת,2-3,,CEFR-J v1.5
receipt,noun,A2,1,ליבה,1-2,,CEFR-J v1.5
receive,verb,A2,1,ליבה,1-2,,CEFR-J v1.5
recent,adjective,A2,1,ליבה,1-2,,CEFR-J v1.5
recently,adverb,A2,1,ליבה,1-2,,CEFR-J v1.5
reception,noun,B1,2,ליבה מורחבת,2-3,,CEFR-J v1.5
receptionist,noun,A2,1,ליבה,1-2,,CEFR-J v1.5
recession,noun,B2,3,הרחבה אקדמית,3,,CEFR-J v1.5
recipe,noun,B2,3,הרחבה אקדמית,3,,CEFR-J v1.5
recite,verb,B1,2,ליבה מורחבת,2-3,,CEFR-J v1.5
reckon,verb,B2,3,הרחבה אקדמית,3,,CEFR-J v1.5
reclaim,verb,B1,2,ליבה מורחבת,2-3,,CEFR-J v1.5
recognition,noun,B2,3,הרחבה אקדמית,3,,CEFR-J v1.5
recognize/recognise,verb,B1,2,ליבה מורחבת,2-3,,CEFR-J v1.5
recollect,verb,B2,3,הרחבה אקדמית,3,,CEFR-J v1.5
recollection,noun,B2,3,הרחבה אקדמית,3,,CEFR-J v1.5
recommend,verb,B1,2,ליבה מורחבת,2-3,,CEFR-J v1.5
recommendable,adjective,B2,3,הרחבה אקדמית,3,,CEFR-J v1.5
recommendation,noun,B2,3,הרחבה אקדמית,3,,CEFR-J v1.5
reconsider,verb,B2,3,הרחבה אקדמית,3,,CEFR-J v1.5
record,verb,A2,1,ליבה,1-2,,CEFR-J v1.5
recording,noun,B1,2,ליבה מורחבת,2-3,,CEFR-J v1.5
recover,verb,B1,2,ליבה מורחבת,2-3,,CEFR-J v1.5
recovery,noun,B1,2,ליבה מורחבת,2-3,,CEFR-J v1.5
recreation,noun,B2,3,הרחבה אקדמית,3,,CEFR-J v1.5
recruit,verb,B2,3,הרחבה אקדמית,3,,CEFR-J v1.5
rectangular,adjective,B2,3,הרחבה אקדמית,3,,CEFR-J v1.5
recycle,verb,A2,1,ליבה,1-2,,CEFR-J v1.5
recycled,adjective,B1,2,ליבה מורחבת,2-3,,CEFR-J v1.5
recycling,noun,B1,2,ליבה מורחבת,2-3,,CEFR-J v1.5
redo,verb,B2,3,הרחבה אקדמית,3,,CEFR-J v1.5
reduce,verb,B1,2,ליבה מורחבת,2-3,,CEFR-J v1.5
reduction,noun,B1,2,ליבה מורחבת,2-3,,CEFR-J v1.5
redundant,adjective,B2,3,הרחבה אקדמית,3,,CEFR-J v1.5
reed,noun,B2,3,הרחבה אקדמית,3,,CEFR-J v1.5
reef,noun,B1,2,ליבה מורחבת,2-3,,CEFR-J v1.5
refer,verb,A2,1,ליבה,1-2,,CEFR-J v1.5
referee,noun,B1,2,ליבה מורחבת,2-3,,CEFR-J v1.5
reference,noun,B2,3,הרחבה אקדמית,3,,CEFR-J v1.5
referent,adjective,B2,3,הרחבה אקדמית,3,,CEFR-J v1.5
refinery,noun,B2,3,הרחבה אקדמית,3,,CEFR-J v1.5
reflect,verb,A2,1,ליבה,1-2,,CEFR-J v1.5
reflection,noun,B1,2,ליבה מורחבת,2-3,,CEFR-J v1.5
reflective,adjective,B2,3,הרחבה אקדמית,3,,CEFR-J v1.5
reform,noun,B2,3,הרחבה אקדמית,3,,CEFR-J v1.5
refrain,noun,B2,3,הרחבה אקדמית,3,,CEFR-J v1.5
refresh,noun,B2,3,הרחבה אקדמית,3,,CEFR-J v1.5
refreshments,noun,B1,2,ליבה מורחבת,2-3,,CEFR-J v1.5
refrigerator,noun,A2,1,ליבה,1-2,,CEFR-J v1.5
refuge,noun,B2,3,הרחבה אקדמית,3,,CEFR-J v1.5
refugee,noun,B2,3,הרחבה אקדמית,3,,CEFR-J v1.5
refund,noun,B1,2,ליבה מורחבת,2-3,,CEFR-J v1.5
refusal,noun,B1,2,ליבה מורחבת,2-3,,CEFR-J v1.5
refuse,noun,B1,2,ליבה מורחבת,2-3,,CEFR-J v1.5
refute,verb,B2,3,הרחבה אקדמית,3,,CEFR-J v1.5
regain,verb,B1,2,ליבה מורחבת,2-3,,CEFR-J v1.5
regard,verb,B1,2,ליבה מורחבת,2-3,,CEFR-J v1.5
regarding,preposition,B1,2,ליבה מורחבת,2-3,true,CEFR-J v1.5
regardless,adverb,B2,3,הרחבה אקדמית,3,,CEFR-J v1.5
reggae,noun,B2,3,הרחבה אקדמית,3,,CEFR-J v1.5
regime,noun,B2,3,הרחבה אקדמית,3,,CEFR-J v1.5
region,noun,B1,2,ליבה מורחבת,2-3,,CEFR-J v1.5
regional,adjective,B1,2,ליבה מורחבת,2-3,,CEFR-J v1.5
register,noun,B1,2,ליבה מורחבת,2-3,,CEFR-J v1.5
registration,noun,B1,2,ליבה מורחבת,2-3,,CEFR-J v1.5
regret,verb,A2,1,ליבה,1-2,,CEFR-J v1.5
regrettably,adverb,B2,3,הרחבה אקדמית,3,,CEFR-J v1.5
regular,adjective,A2,1,ליבה,1-2,,CEFR-J v1.5
regularly,adverb,A2,1,ליבה,1-2,,CEFR-J v1.5
regulate,verb,B2,3,הרחבה אקדמית,3,,CEFR-J v1.5
regulation,noun,B1,2,ליבה מורחבת,2-3,,CEFR-J v1.5
rehearsal,noun,B2,3,הרחבה אקדמית,3,,CEFR-J v1.5
reinforce,verb,B2,3,הרחבה אקדמית,3,,CEFR-J v1.5
reinforcement,noun,B2,3,הרחבה אקדמית,3,,CEFR-J v1.5
reject,verb,B1,2,ליבה מורחבת,2-3,,CEFR-J v1.5
rejection,noun,B2,3,הרחבה אקדמית,3,,CEFR-J v1.5
rejoin,verb,B2,3,הרחבה אקדמית,3,,CEFR-J v1.5
relate,verb,B1,2,ליבה מורחבת,2-3,,CEFR-J v1.5
related,adjective,B2,3,הרחבה אקדמית,3,,CEFR-J v1.5
relation,noun,B1,2,ליבה מורחבת,2-3,,CEFR-J v1.5
relationship,noun,B1,2,ליבה מורחבת,2-3,,CEFR-J v1.5
relative,adjective,B1,2,ליבה מורחבת,2-3,,CEFR-J v1.5
relatively,adverb,B1,2,ליבה מורחבת,2-3,,CEFR-J v1.5
relativity,noun,B2,3,הרחבה אקדמית,3,,CEFR-J v1.5
relax,verb,A2,1,ליבה,1-2,,CEFR-J v1.5
relaxation,noun,B2,3,הרחבה אקדמית,3,,CEFR-J v1.5
relaxed,adjective,A2,1,ליבה,1-2,,CEFR-J v1.5
relaxing,adjective,B1,2,ליבה מורחבת,2-3,,CEFR-J v1.5
relay,noun,B2,3,הרחבה אקדמית,3,,CEFR-J v1.5
release,noun,A2,1,ליבה,1-2,,CEFR-J v1.5
relevant,adjective,B2,3,הרחבה אקדמית,3,,CEFR-J v1.5
reliable,adjective,B1,2,ליבה מורחבת,2-3,,CEFR-J v1.5
relic,noun,B2,3,הרחבה אקדמית,3,,CEFR-J v1.5
relief,noun,B2,3,הרחבה אקדמית,3,,CEFR-J v1.5
relieve,verb,B2,3,הרחבה אקדמית,3,,CEFR-J v1.5
relieved,adjective,B2,3,הרחבה אקדמית,3,,CEFR-J v1.5
religion,noun,B1,2,ליבה מורחבת,2-3,,CEFR-J v1.5
religious,adjective,B1,2,ליבה מורחבת,2-3,,CEFR-J v1.5
reluctant,adjective,B2,3,הרחבה אקדמית,3,,CEFR-J v1.5
rely,verb,B1,2,ליבה מורחבת,2-3,,CEFR-J v1.5
remain,verb,A2,1,ליבה,1-2,,CEFR-J v1.5
remainder,noun,B1,2,ליבה מורחבת,2-3,,CEFR-J v1.5
remaining,adjective,B2,3,הרחבה אקדמית,3,,CEFR-J v1.5
remains,noun,B2,3,הרחבה אקדמית,3,,CEFR-J v1.5
remark,verb,B1,2,ליבה מורחבת,2-3,,CEFR-J v1.5
remarkable,adjective,B1,2,ליבה מורחבת,2-3,,CEFR-J v1.5
remarkably,adverb,B2,3,הרחבה אקדמית,3,,CEFR-J v1.5
remedy,noun,B1,2,ליבה מורחבת,2-3,,CEFR-J v1.5
remembrance,noun,B1,2,ליבה מורחבת,2-3,,CEFR-J v1.5
remind,verb,A2,1,ליבה,1-2,,CEFR-J v1.5
reminder,noun,B2,3,הרחבה אקדמית,3,,CEFR-J v1.5
remote,adjective,A2,1,ליבה,1-2,,CEFR-J v1.5
remote control,noun,B1,2,ליבה מורחבת,2-3,,CEFR-J v1.5
remove,verb,B1,2,ליבה מורחבת,2-3,,CEFR-J v1.5
renew,verb,B1,2,ליבה מורחבת,2-3,,CEFR-J v1.5
rent,noun,A2,1,ליבה,1-2,,CEFR-J v1.5
rental,noun,B2,3,הרחבה אקדמית,3,,CEFR-J v1.5
reorganize/reorganise,verb,B2,3,הרחבה אקדמית,3,,CEFR-J v1.5
repaint,noun,B2,3,הרחבה אקדמית,3,,CEFR-J v1.5
repair,noun,A2,1,ליבה,1-2,,CEFR-J v1.5
repay,verb,B1,2,ליבה מורחבת,2-3,,CEFR-J v1.5
repeatedly,adverb,B1,2,ליבה מורחבת,2-3,,CEFR-J v1.5
repertoire,noun,B2,3,הרחבה אקדמית,3,,CEFR-J v1.5
repetition,noun,B2,3,הרחבה אקדמית,3,,CEFR-J v1.5
replace,verb,A2,1,ליבה,1-2,,CEFR-J v1.5
replacement,noun,B2,3,הרחבה אקדמית,3,,CEFR-J v1.5
replica,noun,B2,3,הרחבה אקדמית,3,,CEFR-J v1.5
reply,noun,A2,1,ליבה,1-2,,CEFR-J v1.5
report,noun,A2,1,ליבה,1-2,,CEFR-J v1.5
represent,verb,A2,1,ליבה,1-2,,CEFR-J v1.5
representative,noun,B1,2,ליבה מורחבת,2-3,,CEFR-J v1.5
repress,verb,B2,3,הרחבה אקדמית,3,,CEFR-J v1.5
repression,noun,B2,3,הרחבה אקדמית,3,,CEFR-J v1.5
reprint,noun,B2,3,הרחבה אקדמית,3,,CEFR-J v1.5
reproduce,verb,B1,2,ליבה מורחבת,2-3,,CEFR-J v1.5
reprove,verb,B2,3,הרחבה אקדמית,3,,CEFR-J v1.5
republic,noun,B1,2,ליבה מורחבת,2-3,,CEFR-J v1.5
reputation,noun,B1,2,ליבה מורחבת,2-3,,CEFR-J v1.5
request,noun,A2,1,ליבה,1-2,,CEFR-J v1.5
require,verb,B1,2,ליבה מורחבת,2-3,,CEFR-J v1.5
requirement,noun,B1,2,ליבה מורחבת,2-3,,CEFR-J v1.5
rescue,noun,B1,2,ליבה מורחבת,2-3,,CEFR-J v1.5
research,noun,A2,1,ליבה,1-2,,CEFR-J v1.5
researcher,noun,B1,2,ליבה מורחבת,2-3,,CEFR-J v1.5
resemble,verb,B1,2,ליבה מורחבת,2-3,,CEFR-J v1.5
reservation,noun,B1,2,ליבה מורחבת,2-3,,CEFR-J v1.5
reserve,noun,B1,2,ליבה מורחבת,2-3,,CEFR-J v1.5
residence,noun,B2,3,הרחבה אקדמית,3,,CEFR-J v1.5
resident,adjective,B1,2,ליבה מורחבת,2-3,,CEFR-J v1.5
residential,adjective,B1,2,ליבה מורחבת,2-3,,CEFR-J v1.5
resign,verb,B2,3,הרחבה אקדמית,3,,CEFR-J v1.5
resignation,noun,B2,3,הרחבה אקדמית,3,,CEFR-J v1.5
resist,verb,B1,2,ליבה מורחבת,2-3,,CEFR-J v1.5
resistance,noun,B2,3,הרחבה אקדמית,3,,CEFR-J v1.5
resolution,noun,B2,3,הרחבה אקדמית,3,,CEFR-J v1.5
resolve,verb,B1,2,ליבה מורחבת,2-3,,CEFR-J v1.5
resonant,adjective,B2,3,הרחבה אקדמית,3,,CEFR-J v1.5
resort,noun,B1,2,ליבה מורחבת,2-3,,CEFR-J v1.5
resource,noun,B1,2,ליבה מורחבת,2-3,,CEFR-J v1.5
respect,noun,B1,2,ליבה מורחבת,2-3,,CEFR-J v1.5
respectable,adjective,B1,2,ליבה מורחבת,2-3,,CEFR-J v1.5
respectably,adverb,B2,3,הרחבה אקדמית,3,,CEFR-J v1.5
respected,adjective,B2,3,הרחבה אקדמית,3,,CEFR-J v1.5
respiration,noun,B2,3,הרחבה אקדמית,3,,CEFR-J v1.5
respiratory,adjective,B2,3,הרחבה אקדמית,3,,CEFR-J v1.5
respond,verb,B1,2,ליבה מורחבת,2-3,,CEFR-J v1.5
response,noun,A2,1,ליבה,1-2,,CEFR-J v1.5
responsibility,noun,B1,2,ליבה מורחבת,2-3,,CEFR-J v1.5
responsible,adjective,B1,2,ליבה מורחבת,2-3,,CEFR-J v1.5
rest,noun,B1,2,ליבה מורחבת,2-3,,CEFR-J v1.5
restore,verb,B1,2,ליבה מורחבת,2-3,,CEFR-J v1.5
restrict,verb,B1,2,ליבה מורחבת,2-3,,CEFR-J v1.5
restriction,noun,B2,3,הרחבה אקדמית,3,,CEFR-J v1.5
resume,verb,B2,3,הרחבה אקדמית,3,,CEFR-J v1.5
retail,noun,B1,2,ליבה מורחבת,2-3,,CEFR-J v1.5
retailer,noun,B2,3,הרחבה אקדמית,3,,CEFR-J v1.5
retain,verb,B1,2,ליבה מורחבת,2-3,,CEFR-J v1.5
retard,verb,B2,3,הרחבה אקדמית,3,,CEFR-J v1.5
retell,verb,B1,2,ליבה מורחבת,2-3,,CEFR-J v1.5
retina,noun,B2,3,הרחבה אקדמית,3,,CEFR-J v1.5
retire,verb,A2,1,ליבה,1-2,,CEFR-J v1.5
retired,adjective,A2,1,ליבה,1-2,,CEFR-J v1.5
retirement,noun,B2,3,הרחבה אקדמית,3,,CEFR-J v1.5
retreat,noun,B2,3,הרחבה אקדמית,3,,CEFR-J v1.5
retrieve,verb,B2,3,הרחבה אקדמית,3,,CEFR-J v1.5
retrospect,noun,B1,2,ליבה מורחבת,2-3,,CEFR-J v1.5
return,noun,A2,1,ליבה,1-2,,CEFR-J v1.5
reunification,noun,B1,2,ליבה מורחבת,2-3,,CEFR-J v1.5
reunify,verb,B1,2,ליבה מורחבת,2-3,,CEFR-J v1.5
reunion,noun,A2,1,ליבה,1-2,,CEFR-J v1.5
reveal,verb,A2,1,ליבה,1-2,,CEFR-J v1.5
revelation,noun,B2,3,הרחבה אקדמית,3,,CEFR-J v1.5
revenge,noun,B2,3,הרחבה אקדמית,3,,CEFR-J v1.5
revenue,noun,B2,3,הרחבה אקדמית,3,,CEFR-J v1.5
reverence,noun,B2,3,הרחבה אקדמית,3,,CEFR-J v1.5
reverse,verb,B2,3,הרחבה אקדמית,3,,CEFR-J v1.5
revise,verb,B1,2,ליבה מורחבת,2-3,,CEFR-J v1.5
revision,noun,B1,2,ליבה מורחבת,2-3,,CEFR-J v1.5
revival,noun,B2,3,הרחבה אקדמית,3,,CEFR-J v1.5
revive,verb,B2,3,הרחבה אקדמית,3,,CEFR-J v1.5
revolution,noun,B2,3,הרחבה אקדמית,3,,CEFR-J v1.5
revolutionary,adjective,B2,3,הרחבה אקדמית,3,,CEFR-J v1.5
revolutionize/revolutionise,verb,B2,3,הרחבה אקדמית,3,,CEFR-J v1.5
revolve,verb,B2,3,הרחבה אקדמית,3,,CEFR-J v1.5
reward,noun,B1,2,ליבה מורחבת,2-3,,CEFR-J v1.5
rewrite,verb,B1,2,ליבה מורחבת,2-3,,CEFR-J v1.5
rhinoceros,noun,B2,3,הרחבה אקדמית,3,,CEFR-J v1.5
rhyme,verb,B2,3,הרחבה אקדמית,3,,CEFR-J v1.5
rhythm,noun,A2,1,ליבה,1-2,,CEFR-J v1.5
rhythmic,adjective,B2,3,הרחבה אקדמית,3,,CEFR-J v1.5
rib,noun,B2,3,הרחבה אקדמית,3,,CEFR-J v1.5
rid,verb,B1,2,ליבה מורחבת,2-3,,CEFR-J v1.5
riddle,verb,B1,2,ליבה מורחבת,2-3,,CEFR-J v1.5
rider,noun,B2,3,הרחבה אקדמית,3,,CEFR-J v1.5
ridge,noun,B2,3,הרחבה אקדמית,3,,CEFR-J v1.5
ridiculous,adjective,B1,2,ליבה מורחבת,2-3,,CEFR-J v1.5
righteousness,noun,B2,3,הרחבה אקדמית,3,,CEFR-J v1.5
right-hand,adjective,A2,1,ליבה,1-2,,CEFR-J v1.5
rightly,adverb,B2,3,הרחבה אקדמית,3,,CEFR-J v1.5
rim,noun,B2,3,הרחבה אקדמית,3,,CEFR-J v1.5
rip,verb,B2,3,הרחבה אקדמית,3,,CEFR-J v1.5
ripe,adjective,B1,2,ליבה מורחבת,2-3,,CEFR-J v1.5
rise,noun,B1,2,ליבה מורחבת,2-3,,CEFR-J v1.5
risk,noun,B1,2,ליבה מורחבת,2-3,,CEFR-J v1.5
risky,adjective,B2,3,הרחבה אקדמית,3,,CEFR-J v1.5
rite,noun,B2,3,הרחבה אקדמית,3,,CEFR-J v1.5
ritual,noun,B2,3,הרחבה אקדמית,3,,CEFR-J v1.5
rival,noun,B2,3,הרחבה אקדמית,3,,CEFR-J v1.5
road,noun,A2,1,ליבה,1-2,,CEFR-J v1.5
roadside,noun,B1,2,ליבה מורחבת,2-3,,CEFR-J v1.5
roam,noun,B2,3,הרחבה אקדמית,3,,CEFR-J v1.5
roar,verb,B2,3,הרחבה אקדמית,3,,CEFR-J v1.5
roast,verb,A2,1,ליבה,1-2,,CEFR-J v1.5
rob,verb,A2,1,ליבה,1-2,,CEFR-J v1.5
robbery,noun,A2,1,ליבה,1-2,,CEFR-J v1.5
robin,noun,A2,1,ליבה,1-2,,CEFR-J v1.5
robot,noun,B1,2,ליבה מורחבת,2-3,,CEFR-J v1.5
rock,noun,A2,1,ליבה,1-2,,CEFR-J v1.5
rocket,noun,B2,3,הרחבה אקדמית,3,,CEFR-J v1.5
rocky,adjective,B2,3,הרחבה אקדמית,3,,CEFR-J v1.5
roll,noun,A2,1,ליבה,1-2,,CEFR-J v1.5
rolling,adjective,B1,2,ליבה מורחבת,2-3,,CEFR-J v1.5
romance,noun,A2,1,ליבה,1-2,,CEFR-J v1.5
romantic,adjective,A2,1,ליבה,1-2,,CEFR-J v1.5
roof,noun,A2,1,ליבה,1-2,,CEFR-J v1.5
roommate,noun,B2,3,הרחבה אקדמית,3,,CEFR-J v1.5
root,noun,A2,1,ליבה,1-2,,CEFR-J v1.5
rope,noun,A2,1,ליבה,1-2,,CEFR-J v1.5
rosy,adjective,B2,3,הרחבה אקדמית,3,,CEFR-J v1.5
rotten,adjective,B1,2,ליבה מורחבת,2-3,,CEFR-J v1.5
rough,adjective,B1,2,ליבה מורחבת,2-3,,CEFR-J v1.5
roughly,adverb,A2,1,ליבה,1-2,,CEFR-J v1.5
round,adverb,A2,1,ליבה,1-2,true,CEFR-J v1.5
roundabout,noun,A2,1,ליבה,1-2,,CEFR-J v1.5
route,noun,B2,3,הרחבה אקדמית,3,,CEFR-J v1.5
routine,noun,B1,2,ליבה מורחבת,2-3,,CEFR-J v1.5
royal,adjective,A2,1,ליבה,1-2,,CEFR-J v1.5
royalty,noun,B2,3,הרחבה אקדמית,3,,CEFR-J v1.5
rub,verb,B2,3,הרחבה אקדמית,3,,CEFR-J v1.5
rubber,noun,B1,2,ליבה מורחבת,2-3,,CEFR-J v1.5
rubbish,noun,B1,2,ליבה מורחבת,2-3,,CEFR-J v1.5
rubble,noun,B2,3,הרחבה אקדמית,3,,CEFR-J v1.5
rudely,adverb,B1,2,ליבה מורחבת,2-3,,CEFR-J v1.5
rug,noun,B2,3,הרחבה אקדמית,3,,CEFR-J v1.5
rugby,noun,A2,1,ליבה,1-2,,CEFR-J v1.5
ruin,verb,A2,1,ליבה,1-2,,CEFR-J v1.5
ruinous,adjective,B2,3,הרחבה אקדמית,3,,CEFR-J v1.5
rumor/rumour,noun,A2,1,ליבה,1-2,,CEFR-J v1.5
runaway,noun,B1,2,ליבה מורחבת,2-3,,CEFR-J v1.5
runner,noun,A2,1,ליבה,1-2,,CEFR-J v1.5
running,noun,A2,1,ליבה,1-2,,CEFR-J v1.5
runway,noun,B1,2,ליבה מורחבת,2-3,,CEFR-J v1.5
rural,adjective,B2,3,הרחבה אקדמית,3,,CEFR-J v1.5
rush,noun,A2,1,ליבה,1-2,,CEFR-J v1.5
rush hour,noun,B2,3,הרחבה אקדמית,3,,CEFR-J v1.5
rusty,adjective,B2,3,הרחבה אקדמית,3,,CEFR-J v1.5
sack,verb,B2,3,הרחבה אקדמית,3,,CEFR-J v1.5
sacred,adjective,B1,2,ליבה מורחבת,2-3,,CEFR-J v1.5
sadly,adverb,A2,1,ליבה,1-2,,CEFR-J v1.5
sadness,noun,B1,2,ליבה מורחבת,2-3,,CEFR-J v1.5
safari,noun,B1,2,ליבה מורחבת,2-3,,CEFR-J v1.5
safe,adjective,A2,1,ליבה,1-2,,CEFR-J v1.5
safeguard,noun,B1,2,ליבה מורחבת,2-3,,CEFR-J v1.5
safely,adverb,B1,2,ליבה מורחבת,2-3,,CEFR-J v1.5
safety,noun,B1,2,ליבה מורחבת,2-3,,CEFR-J v1.5
sag,noun,B2,3,הרחבה אקדמית,3,,CEFR-J v1.5
sage,noun,B2,3,הרחבה אקדמית,3,,CEFR-J v1.5
sail,verb,B2,3,הרחבה אקדמית,3,,CEFR-J v1.5
sailing,noun,A2,1,ליבה,1-2,,CEFR-J v1.5
sake,noun,A2,1,ליבה,1-2,,CEFR-J v1.5
salary,noun,B2,3,הרחבה אקדמית,3,,CEFR-J v1.5
salesman,noun,B1,2,ליבה מורחבת,2-3,,CEFR-J v1.5
salesmanship,noun,B2,3,הרחבה אקדמית,3,,CEFR-J v1.5
salesperson,noun,B2,3,הרחבה אקדמית,3,,CEFR-J v1.5
saleswoman,noun,B2,3,הרחבה אקדמית,3,,CEFR-J v1.5
salmon,noun,B1,2,ליבה מורחבת,2-3,,CEFR-J v1.5
salon,noun,B2,3,הרחבה אקדמית,3,,CEFR-J v1.5
salsa,noun,B2,3,הרחבה אקדמית,3,,CEFR-J v1.5
salt,noun,A2,1,ליבה,1-2,,CEFR-J v1.5
salty,adjective,B2,3,הרחבה אקדמית,3,,CEFR-J v1.5
sample,noun,A2,1,ליבה,1-2,,CEFR-J v1.5
sand,noun,B1,2,ליבה מורחבת,2-3,,CEFR-J v1.5
sandal,noun,B1,2,ליבה מורחבת,2-3,,CEFR-J v1.5
sandstone,noun,B2,3,הרחבה אקדמית,3,,CEFR-J v1.5
sandy,adjective,A2,1,ליבה,1-2,,CEFR-J v1.5
sanitary,adjective,B2,3,הרחבה אקדמית,3,,CEFR-J v1.5
sanitation,noun,B2,3,הרחבה אקדמית,3,,CEFR-J v1.5
satellite,noun,B1,2,ליבה מורחבת,2-3,,CEFR-J v1.5
satisfaction,noun,B1,2,ליבה מורחבת,2-3,,CEFR-J v1.5
satisfactory,adjective,B2,3,הרחבה אקדמית,3,,CEFR-J v1.5
satisfied,adjective,B1,2,ליבה מורחבת,2-3,,CEFR-J v1.5
satisfy,verb,A2,1,ליבה,1-2,,CEFR-J v1.5
sauce,noun,A2,1,ליבה,1-2,,CEFR-J v1.5
saucepan,noun,B1,2,ליבה מורחבת,2-3,,CEFR-J v1.5
saucer,noun,B1,2,ליבה מורחבת,2-3,,CEFR-J v1.5
sausage,noun,A2,1,ליבה,1-2,,CEFR-J v1.5
saving/savings,noun,B2,3,הרחבה אקדמית,3,,CEFR-J v1.5
scale,noun,A2,1,ליבה,1-2,,CEFR-J v1.5
scan,noun,B1,2,ליבה מורחבת,2-3,,CEFR-J v1.5
scandal,noun,B2,3,הרחבה אקדמית,3,,CEFR-J v1.5
scar,noun,B2,3,הרחבה אקדמית,3,,CEFR-J v1.5
scarcely,adverb,B2,3,הרחבה אקדמית,3,,CEFR-J v1.5
scare,verb,B1,2,ליבה מורחבת,2-3,,CEFR-J v1.5
scared,adjective,B1,2,ליבה מורחבת,2-3,,CEFR-J v1.5
scarf,noun,A2,1,ליבה,1-2,,CEFR-J v1.5
scarlet,noun,B2,3,הרחבה אקדמית,3,,CEFR-J v1.5
scary,adjective,B1,2,ליבה מורחבת,2-3,,CEFR-J v1.5
scatter,verb,B1,2,ליבה מורחבת,2-3,,CEFR-J v1.5
scene,noun,A2,1,ליבה,1-2,,CEFR-J v1.5
scenery,noun,A2,1,ליבה,1-2,,CEFR-J v1.5
scenic,adjective,B1,2,ליבה מורחבת,2-3,,CEFR-J v1.5
scent,noun,B2,3,הרחבה אקדמית,3,,CEFR-J v1.5
schedule,noun,A2,1,ליבה,1-2,,CEFR-J v1.5
scheduled,adjective,B2,3,הרחבה אקדמית,3,,CEFR-J v1.5
scheme,noun,B2,3,הרחבה אקדמית,3,,CEFR-J v1.5
scholar,noun,B1,2,ליבה מורחבת,2-3,,CEFR-J v1.5
scholarship,noun,B1,2,ליבה מורחבת,2-3,,CEFR-J v1.5
scholasticism,noun,B2,3,הרחבה אקדמית,3,,CEFR-J v1.5
schoolchild,noun,A2,1,ליבה,1-2,,CEFR-J v1.5
schoolgirl,noun,B2,3,הרחבה אקדמית,3,,CEFR-J v1.5
schoolmate,noun,B1,2,ליבה מורחבת,2-3,,CEFR-J v1.5
schoolteacher,noun,B1,2,ליבה מורחבת,2-3,,CEFR-J v1.5
schoolwork,noun,A2,1,ליבה,1-2,,CEFR-J v1.5
science fiction,noun,B1,2,ליבה מורחבת,2-3,,CEFR-J v1.5
scientific,adjective,A2,1,ליבה,1-2,,CEFR-J v1.5
scientifically,adverb,B2,3,הרחבה אקדמית,3,,CEFR-J v1.5
scissors,noun,A2,1,ליבה,1-2,,CEFR-J v1.5
scold,verb,B1,2,ליבה מורחבת,2-3,,CEFR-J v1.5
scooter,noun,B2,3,הרחבה אקדמית,3,,CEFR-J v1.5
scope,noun,B1,2,ליבה מורחבת,2-3,,CEFR-J v1.5
score,noun,B1,2,ליבה מורחבת,2-3,,CEFR-J v1.5
scramble,verb,B2,3,הרחבה אקדמית,3,,CEFR-J v1.5
scratch,noun,B1,2,ליבה מורחבת,2-3,,CEFR-J v1.5
scream,noun,A2,1,ליבה,1-2,,CEFR-J v1.5
screen,noun,A2,1,ליבה,1-2,,CEFR-J v1.5
screw,noun,A2,1,ליבה,1-2,,CEFR-J v1.5
scribble,noun,B2,3,הרחבה אקדמית,3,,CEFR-J v1.5
script,noun,A2,1,ליבה,1-2,,CEFR-J v1.5
scrooge,noun,B2,3,הרחבה אקדמית,3,,CEFR-J v1.5
scuba,noun,B2,3,הרחבה אקדמית,3,,CEFR-J v1.5
sculpture,noun,B1,2,ליבה מורחבת,2-3,,CEFR-J v1.5
scythe,noun,B2,3,הרחבה אקדמית,3,,CEFR-J v1.5
seafood,noun,A2,1,ליבה,1-2,,CEFR-J v1.5
seal,noun,B2,3,הרחבה אקדמית,3,,CEFR-J v1.5
search,noun,A2,1,ליבה,1-2,,CEFR-J v1.5
seaside,noun,A2,1,ליבה,1-2,,CEFR-J v1.5
season,noun,B1,2,ליבה מורחבת,2-3,,CEFR-J v1.5
seasonal,adjective,B2,3,הרחבה אקדמית,3,,CEFR-J v1.5
seawater,noun,B1,2,ליבה מורחבת,2-3,,CEFR-J v1.5
seaweed,noun,B1,2,ליבה מורחבת,2-3,,CEFR-J v1.5
second person,noun,B2,3,הרחבה אקדמית,3,,CEFR-J v1.5
secondary,adjective,B2,3,הרחבה אקדמית,3,,CEFR-J v1.5
secondary school,noun,B1,2,ליבה מורחבת,2-3,,CEFR-J v1.5
second-hand,adjective,B1,2,ליבה מורחבת,2-3,,CEFR-J v1.5
secondly,adverb,B2,3,הרחבה אקדמית,3,,CEFR-J v1.5
secret,noun,A2,1,ליבה,1-2,,CEFR-J v1.5
secretary,noun,A2,1,ליבה,1-2,,CEFR-J v1.5
secretly,adverb,B1,2,ליבה מורחבת,2-3,,CEFR-J v1.5
sector,noun,B2,3,הרחבה אקדמית,3,,CEFR-J v1.5
secure,adjective,B1,2,ליבה מורחבת,2-3,,CEFR-J v1.5
security,noun,B1,2,ליבה מורחבת,2-3,,CEFR-J v1.5
seed,noun,A2,1,ליבה,1-2,,CEFR-J v1.5
seek,verb,A2,1,ליבה,1-2,,CEFR-J v1.5
seem,verb,A2,1,ליבה,1-2,,CEFR-J v1.5
seesaw,noun,B2,3,הרחבה אקדמית,3,,CEFR-J v1.5
segment,noun,B2,3,הרחבה אקדמית,3,,CEFR-J v1.5
seize,verb,B1,2,ליבה מורחבת,2-3,,CEFR-J v1.5
seldom,adverb,B2,3,הרחבה אקדמית,3,,CEFR-J v1.5
select,adjective,B1,2,ליבה מורחבת,2-3,,CEFR-J v1.5
selection,noun,B1,2,ליבה מורחבת,2-3,,CEFR-J v1.5
self-confidence,noun,B2,3,הרחבה אקדמית,3,,CEFR-J v1.5
self-confident,adjective,B2,3,הרחבה אקדמית,3,,CEFR-J v1.5
selfish,adjective,B1,2,ליבה מורחבת,2-3,,CEFR-J v1.5
selfless,adjective,B2,3,הרחבה אקדמית,3,,CEFR-J v1.5
self-service,adjective,B1,2,ליבה מורחבת,2-3,,CEFR-J v1.5
seller,noun,B2,3,הרחבה אקדמית,3,,CEFR-J v1.5
semester,noun,A2,1,ליבה,1-2,,CEFR-J v1.5
semicolon,noun,B2,3,הרחבה אקדמית,3,,CEFR-J v1.5
semi-final,noun,B2,3,הרחבה אקדמית,3,,CEFR-J v1.5
seminar,noun,B2,3,הרחבה אקדמית,3,,CEFR-J v1.5
senator,noun,B2,3,הרחבה אקדמית,3,,CEFR-J v1.5
send,verb,A2,1,ליבה,1-2,,CEFR-J v1.5
senior,adjective,A2,1,ליבה,1-2,,CEFR-J v1.5
sensation,noun,B1,2,ליבה מורחבת,2-3,,CEFR-J v1.5
sense,noun,A2,1,ליבה,1-2,,CEFR-J v1.5
sensible,adjective,B2,3,הרחבה אקדמית,3,,CEFR-J v1.5
sensitive,adjective,B2,3,הרחבה אקדמית,3,,CEFR-J v1.5
separate,adjective,A2,1,ליבה,1-2,,CEFR-J v1.5
separately,adverb,B2,3,הרחבה אקדמית,3,,CEFR-J v1.5
separation,noun,B1,2,ליבה מורחבת,2-3,,CEFR-J v1.5
sequence,noun,B1,2,ליבה מורחבת,2-3,,CEFR-J v1.5
serene,adjective,B2,3,הרחבה אקדמית,3,,CEFR-J v1.5
serial,adjective,B2,3,הרחבה אקדמית,3,,CEFR-J v1.5
series,noun,B1,2,ליבה מורחבת,2-3,,CEFR-J v1.5
serious,adjective,B1,2,ליבה מורחבת,2-3,,CEFR-J v1.5
seriously,adverb,A2,1,ליבה,1-2,,CEFR-J v1.5
servant,noun,B2,3,הרחבה אקדמית,3,,CEFR-J v1.5
serve,verb,A2,1,ליבה,1-2,,CEFR-J v1.5
server,noun,B1,2,ליבה מורחבת,2-3,,CEFR-J v1.5
service,noun,B1,2,ליבה מורחבת,2-3,,CEFR-J v1.5
session,noun,B1,2,ליבה מורחבת,2-3,,CEFR-J v1.5
setback,noun,B2,3,הרחבה אקדמית,3,,CEFR-J v1.5
setting,noun,B1,2,ליבה מורחבת,2-3,,CEFR-J v1.5
settle,verb,B1,2,ליבה מורחבת,2-3,,CEFR-J v1.5
settlement,noun,B1,2,ליבה מורחבת,2-3,,CEFR-J v1.5
settler,noun,B1,2,ליבה מורחבת,2-3,,CEFR-J v1.5
several,determiner,A2,1,ליבה,1-2,,CEFR-J v1.5
severe,adjective,B1,2,ליבה מורחבת,2-3,,CEFR-J v1.5
severely,adverb,B1,2,ליבה מורחבת,2-3,,CEFR-J v1.5
sew,verb,A2,1,ליבה,1-2,,CEFR-J v1.5
sex,noun,B1,2,ליבה מורחבת,2-3,,CEFR-J v1.5
sexism,noun,B2,3,הרחבה אקדמית,3,,CEFR-J v1.5
sexual,adjective,B2,3,הרחבה אקדמית,3,,CEFR-J v1.5
sexy,adjective,B2,3,הרחבה אקדמית,3,,CEFR-J v1.5
shabby,adjective,B2,3,הרחבה אקדמית,3,,CEFR-J v1.5
shade,noun,A2,1,ליבה,1-2,,CEFR-J v1.5
shadow,noun,A2,1,ליבה,1-2,,CEFR-J v1.5
shadowy,adjective,B1,2,ליבה מורחבת,2-3,,CEFR-J v1.5
shaken,adjective,B2,3,הרחבה אקדמית,3,,CEFR-J v1.5
Shakespearean,adjective,B2,3,הרחבה אקדמית,3,,CEFR-J v1.5
shaky,adjective,B2,3,הרחבה אקדמית,3,,CEFR-J v1.5
shall,modal auxiliary,A2,1,ליבה,1-2,,CEFR-J v1.5
shallow,adjective,B1,2,ליבה מורחבת,2-3,,CEFR-J v1.5
shame,noun,B1,2,ליבה מורחבת,2-3,,CEFR-J v1.5
shameful,adjective,B1,2,ליבה מורחבת,2-3,,CEFR-J v1.5
shampoo,noun,A2,1,ליבה,1-2,,CEFR-J v1.5
shape,noun,A2,1,ליבה,1-2,,CEFR-J v1.5
sharp,adjective,B1,2,ליבה מורחבת,2-3,,CEFR-J v1.5
sharply,adverb,B2,3,הרחבה אקדמית,3,,CEFR-J v1.5
shatter,verb,B2,3,הרחבה אקדמית,3,,CEFR-J v1.5
shave,verb,B1,2,ליבה מורחבת,2-3,,CEFR-J v1.5
shed,noun,B2,3,הרחבה אקדמית,3,,CEFR-J v1.5
sheer,adjective,B1,2,ליבה מורחבת,2-3,,CEFR-J v1.5
sheet,noun,B1,2,ליבה מורחבת,2-3,,CEFR-J v1.5
shell,noun,A2,1,ליבה,1-2,,CEFR-J v1.5
shelter,noun,B1,2,ליבה מורחבת,2-3,,CEFR-J v1.5
sheriff,noun,B1,2,ליבה מורחבת,2-3,,CEFR-J v1.5
shield,noun,B2,3,הרחבה אקדמית,3,,CEFR-J v1.5
shift,verb,B1,2,ליבה מורחבת,2-3,,CEFR-J v1.5
shine,verb,A2,1,ליבה,1-2,,CEFR-J v1.5
shiny,adjective,B1,2,ליבה מורחבת,2-3,,CEFR-J v1.5
shipping,noun,B2,3,הרחבה אקדמית,3,,CEFR-J v1.5
shipwreck,noun,B2,3,הרחבה אקדמית,3,,CEFR-J v1.5
shiver,verb,B1,2,ליבה מורחבת,2-3,,CEFR-J v1.5
shock,noun,A2,1,ליבה,1-2,,CEFR-J v1.5
shocked,adjective,B1,2,ליבה מורחבת,2-3,,CEFR-J v1.5
shocking,adjective,B1,2,ליבה מורחבת,2-3,,CEFR-J v1.5
shoot,verb,A2,1,ליבה,1-2,,CEFR-J v1.5
shooting,noun,B2,3,הרחבה אקדמית,3,,CEFR-J v1.5
shop assistant,noun,A2,1,ליבה,1-2,,CEFR-J v1.5
shopkeeper,noun,B2,3,הרחבה אקדמית,3,,CEFR-J v1.5
shoplift,verb,B2,3,הרחבה אקדמית,3,,CEFR-J v1.5
shoplifter,noun,B2,3,הרחבה אקדמית,3,,CEFR-J v1.5
shoplifting,noun,B2,3,הרחבה אקדמית,3,,CEFR-J v1.5
shopper,noun,B1,2,ליבה מורחבת,2-3,,CEFR-J v1.5
shore,noun,A2,1,ליבה,1-2,,CEFR-J v1.5
short/shorts,noun,A2,1,ליבה,1-2,,CEFR-J v1.5
shortage,noun,B1,2,ליבה מורחבת,2-3,,CEFR-J v1.5
shortly,adverb,B1,2,ליבה מורחבת,2-3,,CEFR-J v1.5
shortness,noun,B2,3,הרחבה אקדמית,3,,CEFR-J v1.5
short-term,adjective,B2,3,הרחבה אקדמית,3,,CEFR-J v1.5
shot,noun,A2,1,ליבה,1-2,,CEFR-J v1.5
shout,noun,A2,1,ליבה,1-2,,CEFR-J v1.5
showbiz,noun,B2,3,הרחבה אקדמית,3,,CEFR-J v1.5
showcase,noun,B2,3,הרחבה אקדמית,3,,CEFR-J v1.5
shrimp,noun,B1,2,ליבה מורחבת,2-3,,CEFR-J v1.5
shrink,noun,B2,3,הרחבה אקדמית,3,,CEFR-J v1.5
shrug,verb,B2,3,הרחבה אקדמית,3,,CEFR-J v1.5
shut,verb,A2,1,ליבה,1-2,,CEFR-J v1.5
sickness,noun,B1,2,ליבה מורחבת,2-3,,CEFR-J v1.5
sidewalk,noun,B1,2,ליבה מורחבת,2-3,,CEFR-J v1.5
sigh,noun,B1,2,ליבה מורחבת,2-3,,CEFR-J v1.5
sightseeing,noun,A2,1,ליבה,1-2,,CEFR-J v1.5
signal,noun,B1,2,ליבה מורחבת,2-3,,CEFR-J v1.5
signature,noun,B1,2,ליבה מורחבת,2-3,,CEFR-J v1.5
significance,noun,B1,2,ליבה מורחבת,2-3,,CEFR-J v1.5
significant,adjective,A2,1,ליבה,1-2,,CEFR-J v1.5
significantly,adverb,B2,3,הרחבה אקדמית,3,,CEFR-J v1.5
signify,verb,B2,3,הרחבה אקדמית,3,,CEFR-J v1.5
signpost,noun,B1,2,ליבה מורחבת,2-3,,CEFR-J v1.5
silence,noun,A2,1,ליבה,1-2,,CEFR-J v1.5
silent,adjective,B1,2,ליבה מורחבת,2-3,,CEFR-J v1.5
silently,adverb,A2,1,ליבה,1-2,,CEFR-J v1.5
silk,noun,B1,2,ליבה מורחבת,2-3,,CEFR-J v1.5
silly,adjective,A2,1,ליבה,1-2,,CEFR-J v1.5
silver,adjective,A2,1,ליבה,1-2,,CEFR-J v1.5
silverware,noun,B2,3,הרחבה אקדמית,3,,CEFR-J v1.5
similar,adjective,A2,1,ליבה,1-2,,CEFR-J v1.5
similarity,noun,B1,2,ליבה מורחבת,2-3,,CEFR-J v1.5
similarly,adverb,B1,2,ליבה מורחבת,2-3,,CEFR-J v1.5
simple,adjective,A2,1,ליבה,1-2,,CEFR-J v1.5
simplification,noun,B2,3,הרחבה אקדמית,3,,CEFR-J v1.5
simplify,verb,B1,2,ליבה מורחבת,2-3,,CEFR-J v1.5
simply,adverb,A2,1,ליבה,1-2,,CEFR-J v1.5
simultaneous,adjective,B2,3,הרחבה אקדמית,3,,CEFR-J v1.5
simultaneously,adverb,B1,2,ליבה מורחבת,2-3,,CEFR-J v1.5
since,preposition,A2,1,ליבה,1-2,true,CEFR-J v1.5
sincere,adjective,B2,3,הרחבה אקדמית,3,,CEFR-J v1.5
sincerity,noun,B2,3,הרחבה אקדמית,3,,CEFR-J v1.5
singing,noun,A2,1,ליבה,1-2,,CEFR-J v1.5
single,adjective,A2,1,ליבה,1-2,,CEFR-J v1.5
singular,adjective,A2,1,ליבה,1-2,,CEFR-J v1.5
sink,noun,A2,1,ליבה,1-2,,CEFR-J v1.5
sister-in-law,noun,B2,3,הרחבה אקדמית,3,,CEFR-J v1.5
sitting room,noun,A2,1,ליבה,1-2,,CEFR-J v1.5
situation,noun,A2,1,ליבה,1-2,,CEFR-J v1.5
skate,noun,A2,1,ליבה,1-2,,CEFR-J v1.5
skateboard,noun,B2,3,הרחבה אקדמית,3,,CEFR-J v1.5
skateboarder,noun,B2,3,הרחבה אקדמית,3,,CEFR-J v1.5
skateboarding,noun,A2,1,ליבה,1-2,,CEFR-J v1.5
skating,noun,A2,1,ליבה,1-2,,CEFR-J v1.5
skeleton,noun,B1,2,ליבה מורחבת,2-3,,CEFR-J v1.5
sketch,verb,B2,3,הרחבה אקדמית,3,,CEFR-J v1.5
ski,noun,A2,1,ליבה,1-2,,CEFR-J v1.5
skiing,noun,A2,1,ליבה,1-2,,CEFR-J v1.5
skilled,adjective,B2,3,הרחבה אקדמית,3,,CEFR-J v1.5
skillful/skilful,adjective,B2,3,הרחבה אקדמית,3,,CEFR-J v1.5
skillfully/skilfully,adverb,B2,3,הרחבה אקדמית,3,,CEFR-J v1.5
skim,verb,B2,3,הרחבה אקדמית,3,,CEFR-J v1.5
skin,noun,B1,2,ליבה מורחבת,2-3,,CEFR-J v1.5
skip,verb,B2,3,הרחבה אקדמית,3,,CEFR-J v1.5
skylark,noun,B2,3,הרחבה אקדמית,3,,CEFR-J v1.5
skyscraper,noun,B1,2,ליבה מורחבת,2-3,,CEFR-J v1.5
skyward,adverb,B2,3,הרחבה אקדמית,3,,CEFR-J v1.5
slam,verb,B2,3,הרחבה אקדמית,3,,CEFR-J v1.5
slang,noun,B2,3,הרחבה אקדמית,3,,CEFR-J v1.5
slap,noun,B2,3,הרחבה אקדמית,3,,CEFR-J v1.5
slash,noun,B2,3,הרחבה אקדמית,3,,CEFR-J v1.5
slaughter,noun,B2,3,הרחבה אקדמית,3,,CEFR-J v1.5
slave,noun,A2,1,ליבה,1-2,,CEFR-J v1.5
slavery,noun,B1,2,ליבה מורחבת,2-3,,CEFR-J v1.5
sleepless,adjective,A2,1,ליבה,1-2,,CEFR-J v1.5
sleepy,adjective,A2,1,ליבה,1-2,,CEFR-J v1.5
sleeve,noun,B1,2,ליבה מורחבת,2-3,,CEFR-J v1.5
slice,noun,A2,1,ליבה,1-2,,CEFR-J v1.5
slide,noun,A2,1,ליבה,1-2,,CEFR-J v1.5
slight,noun,B1,2,ליבה מורחבת,2-3,,CEFR-J v1.5
slightly,adverb,B1,2,ליבה מורחבת,2-3,,CEFR-J v1.5
slim,adjective,A2,1,ליבה,1-2,,CEFR-J v1.5
slip,noun,B1,2,ליבה מורחבת,2-3,,CEFR-J v1.5
sliver,noun,B2,3,הרחבה אקדמית,3,,CEFR-J v1.5
slogan,noun,B1,2,ליבה מורחבת,2-3,,CEFR-J v1.5
slope,noun,B1,2,ליבה מורחבת,2-3,,CEFR-J v1.5
sloppy,adjective,B2,3,הרחבה אקדמית,3,,CEFR-J v1.5
slot,noun,B1,2,ליבה מורחבת,2-3,,CEFR-J v1.5
slowly,adverb,A2,1,ליבה,1-2,,CEFR-J v1.5
smash,verb,B2,3,הרחבה אקדמית,3,,CEFR-J v1.5
smoker,noun,B1,2,ליבה מורחבת,2-3,,CEFR-J v1.5
smokestack,noun,B2,3,הרחבה אקדמית,3,,CEFR-J v1.5
smooth,adjective,A2,1,ליבה,1-2,,CEFR-J v1.5
smoothly,adverb,A2,1,ליבה,1-2,,CEFR-J v1.5
snack,noun,A2,1,ליבה,1-2,,CEFR-J v1.5
snap,verb,B2,3,הרחבה אקדמית,3,,CEFR-J v1.5
sneak,verb,B2,3,הרחבה אקדמית,3,,CEFR-J v1.5
sneer,noun,B2,3,הרחבה אקדמית,3,,CEFR-J v1.5
sneeze,noun,B1,2,ליבה מורחבת,2-3,,CEFR-J v1.5
sniff,verb,B2,3,הרחבה אקדמית,3,,CEFR-J v1.5
snore,noun,B2,3,הרחבה אקדמית,3,,CEFR-J v1.5
snowball,noun,B2,3,הרחבה אקדמית,3,,CEFR-J v1.5
snowboard,noun,B1,2,ליבה מורחבת,2-3,,CEFR-J v1.5
snowboarding,noun,A2,1,ליבה,1-2,,CEFR-J v1.5
snowstorm,noun,B1,2,ליבה מורחבת,2-3,,CEFR-J v1.5
soak,noun,B2,3,הרחבה אקדמית,3,,CEFR-J v1.5
soaked,adjective,B2,3,הרחבה אקדמית,3,,CEFR-J v1.5
soaking,adjective,B2,3,הרחבה אקדמית,3,,CEFR-J v1.5
soap,noun,A2,1,ליבה,1-2,,CEFR-J v1.5
soap opera,noun,B1,2,ליבה מורחבת,2-3,,CEFR-J v1.5
soar,verb,B2,3,הרחבה אקדמית,3,,CEFR-J v1.5
sob,verb,B2,3,הרחבה אקדמית,3,,CEFR-J v1.5
so-called,adjective,B2,3,הרחבה אקדמית,3,,CEFR-J v1.5
sociable,adjective,B2,3,הרחבה אקדמית,3,,CEFR-J v1.5
social networking,noun,B1,2,ליבה מורחבת,2-3,,CEFR-J v1.5
socialize/socialise,verb,B2,3,הרחבה אקדמית,3,,CEFR-J v1.5
socially,adverb,B1,2,ליבה מורחבת,2-3,,CEFR-J v1.5
society,noun,A2,1,ליבה,1-2,,CEFR-J v1.5
sock,noun,A2,1,ליבה,1-2,,CEFR-J v1.5
soda,noun,A2,1,ליבה,1-2,,CEFR-J v1.5
soft,adjective,A2,1,ליבה,1-2,,CEFR-J v1.5
soft drink,noun,A2,1,ליבה,1-2,,CEFR-J v1.5
softly,adverb,A2,1,ליבה,1-2,,CEFR-J v1.5
softness,noun,B2,3,הרחבה אקדמית,3,,CEFR-J v1.5
software,noun,A2,1,ליבה,1-2,,CEFR-J v1.5
soil,verb,B1,2,ליבה מורחבת,2-3,,CEFR-J v1.5
solar,adjective,B2,3,הרחבה אקדמית,3,,CEFR-J v1.5
soldier,noun,A2,1,ליבה,1-2,,CEFR-J v1.5
solid,adjective,B1,2,ליבה מורחבת,2-3,,CEFR-J v1.5
solidity,noun,B2,3,הרחבה אקדמית,3,,CEFR-J v1.5
soliloquy,noun,B2,3,הרחבה אקדמית,3,,CEFR-J v1.5
solo,adjective,B2,3,הרחבה אקדמית,3,,CEFR-J v1.5
solution,noun,A2,1,ליבה,1-2,,CEFR-J v1.5
solvent,noun,B2,3,הרחבה אקדמית,3,,CEFR-J v1.5
somebody,pronoun,A2,1,ליבה,1-2,,CEFR-J v1.5
someday,adverb,A2,1,ליבה,1-2,,CEFR-J v1.5
somehow,adverb,B1,2,ליבה מורחבת,2-3,,CEFR-J v1.5
someplace,adverb,B1,2,ליבה מורחבת,2-3,,CEFR-J v1.5
sometime,adverb,B1,2,ליבה מורחבת,2-3,,CEFR-J v1.5
sometimes,adverb,B1,2,ליבה מורחבת,2-3,,CEFR-J v1.5
somewhat,adverb,B2,3,הרחבה אקדמית,3,,CEFR-J v1.5
somewhere,adverb,A2,1,ליבה,1-2,,CEFR-J v1.5
son-in-law,noun,B2,3,הרחבה אקדמית,3,,CEFR-J v1.5
sonnet,noun,B2,3,הרחבה אקדמית,3,,CEFR-J v1.5
soothe,verb,B1,2,ליבה מורחבת,2-3,,CEFR-J v1.5
sophisticated,adjective,B2,3,הרחבה אקדמית,3,,CEFR-J v1.5
sophomore,noun,B1,2,ליבה מורחבת,2-3,,CEFR-J v1.5
sore,adjective,B1,2,ליבה מורחבת,2-3,,CEFR-J v1.5
sorrow,noun,B1,2,ליבה מורחבת,2-3,,CEFR-J v1.5
sort,noun,B1,2,ליבה מורחבת,2-3,,CEFR-J v1.5
soul,noun,B1,2,ליבה מורחבת,2-3,,CEFR-J v1.5
sound,noun,A2,1,ליבה,1-2,,CEFR-J v1.5
soundtrack,noun,B2,3,הרחבה אקדמית,3,,CEFR-J v1.5
sour,adjective,B1,2,ליבה מורחבת,2-3,,CEFR-J v1.5
source,noun,A2,1,ליבה,1-2,,CEFR-J v1.5
south,adjective,A2,1,ליבה,1-2,,CEFR-J v1.5
southeast,adjective,B1,2,ליבה מורחבת,2-3,,CEFR-J v1.5
southern,adjective,B1,2,ליבה מורחבת,2-3,,CEFR-J v1.5
southward,adverb,B2,3,הרחבה אקדמית,3,,CEFR-J v1.5
southwest,adjective,B1,2,ליבה מורחבת,2-3,,CEFR-J v1.5
souvenir,noun,B1,2,ליבה מורחבת,2-3,,CEFR-J v1.5
Soviet,noun,B2,3,הרחבה אקדמית,3,,CEFR-J v1.5
soybean,noun,B2,3,הרחבה אקדמית,3,,CEFR-J v1.5
spa,noun,B2,3,הרחבה אקדמית,3,,CEFR-J v1.5
space,noun,A2,1,ליבה,1-2,,CEFR-J v1.5
spaceship,noun,A2,1,ליבה,1-2,,CEFR-J v1.5
spaghetti,noun,A2,1,ליבה,1-2,,CEFR-J v1.5
span,verb,B2,3,הרחבה אקדמית,3,,CEFR-J v1.5
spare,adjective,B2,3,הרחבה אקדמית,3,,CEFR-J v1.5
sparerib,noun,B2,3,הרחבה אקדמית,3,,CEFR-J v1.5
spark,noun,B2,3,הרחבה אקדמית,3,,CEFR-J v1.5
sparkle,noun,B1,2,ליבה מורחבת,2-3,,CEFR-J v1.5
sparkling,adjective,B2,3,הרחבה אקדמית,3,,CEFR-J v1.5
sparrow,noun,B2,3,הרחבה אקדמית,3,,CEFR-J v1.5
speaker,noun,A2,1,ליבה,1-2,,CEFR-J v1.5
specialist,noun,B1,2,ליבה מורחבת,2-3,,CEFR-J v1.5
specialize/specialise,verb,B1,2,ליבה מורחבת,2-3,,CEFR-J v1.5
specially,adverb,B1,2,ליבה מורחבת,2-3,,CEFR-J v1.5
specialty,noun,B2,3,הרחבה אקדמית,3,,CEFR-J v1.5
species,noun,B2,3,הרחבה אקדמית,3,,CEFR-J v1.5
specific,adjective,A2,1,ליבה,1-2,,CEFR-J v1.5
specifically,adverb,B2,3,הרחבה אקדמית,3,,CEFR-J v1.5
specify,verb,B2,3,הרחבה אקדמית,3,,CEFR-J v1.5
spectacle,noun,B2,3,הרחבה אקדמית,3,,CEFR-J v1.5
spectacular,adjective,B1,2,ליבה מורחבת,2-3,,CEFR-J v1.5
spectator,noun,B1,2,ליבה מורחבת,2-3,,CEFR-J v1.5
speed,noun,A2,1,ליבה,1-2,,CEFR-J v1.5
speeder,noun,B2,3,הרחבה אקדמית,3,,CEFR-J v1.5
spellbound,adjective,B2,3,הרחבה אקדמית,3,,CEFR-J v1.5
spelling,noun,B1,2,ליבה מורחבת,2-3,,CEFR-J v1.5
sphere,noun,B1,2,ליבה מורחבת,2-3,,CEFR-J v1.5
spice,noun,B1,2,ליבה מורחבת,2-3,,CEFR-J v1.5
spicy,adjective,B1,2,ליבה מורחבת,2-3,,CEFR-J v1.5
spider,noun,B1,2,ליבה מורחבת,2-3,,CEFR-J v1.5
spill,verb,A2,1,ליבה,1-2,,CEFR-J v1.5
spin,verb,B2,3,הרחבה אקדמית,3,,CEFR-J v1.5
spinach,noun,B1,2,ליבה מורחבת,2-3,,CEFR-J v1.5
spiral,adjective,B1,2,ליבה מורחבת,2-3,,CEFR-J v1.5
spirit,noun,B1,2,ליבה מורחבת,2-3,,CEFR-J v1.5
spiritual,adjective,B1,2,ליבה מורחבת,2-3,,CEFR-J v1.5
spite,noun,B2,3,הרחבה אקדמית,3,,CEFR-J v1.5
splash,verb,A2,1,ליבה,1-2,,CEFR-J v1.5
splatter,noun,B2,3,הרחבה אקדמית,3,,CEFR-J v1.5
split,adjective,A2,1,ליבה,1-2,,CEFR-J v1.5
spoil,verb,B1,2,ליבה מורחבת,2-3,,CEFR-J v1.5
spokesman,noun,B2,3,הרחבה אקדמית,3,,CEFR-J v1.5
spokeswoman,noun,B2,3,הרחבה אקדמית,3,,CEFR-J v1.5
sponge,noun,B1,2,ליבה מורחבת,2-3,,CEFR-J v1.5
sponsor,noun,B1,2,ליבה מורחבת,2-3,,CEFR-J v1.5
spoon,noun,A2,1,ליבה,1-2,,CEFR-J v1.5
sports,adjective,B1,2,ליבה מורחבת,2-3,,CEFR-J v1.5
sports center/sports centre,noun,A2,1,ליבה,1-2,,CEFR-J v1.5
sportsmanship,noun,B1,2,ליבה מורחבת,2-3,,CEFR-J v1.5
spray,noun,B2,3,הרחבה אקדמית,3,,CEFR-J v1.5
spread,noun,A2,1,ליבה,1-2,,CEFR-J v1.5
spreadsheet,noun,B2,3,הרחבה אקדמית,3,,CEFR-J v1.5
sprint,noun,B2,3,הרחבה אקדמית,3,,CEFR-J v1.5
spur,noun,B2,3,הרחבה אקדמית,3,,CEFR-J v1.5
squad,noun,B2,3,הרחבה אקדמית,3,,CEFR-J v1.5
square,adjective,A2,1,ליבה,1-2,,CEFR-J v1.5
squash,noun,B2,3,הרחבה אקדמית,3,,CEFR-J v1.5
squeeze,verb,B2,3,הרחבה אקדמית,3,,CEFR-J v1.5
stab,verb,B2,3,הרחבה אקדמית,3,,CEFR-J v1.5
stability,noun,B2,3,הרחבה אקדמית,3,,CEFR-J v1.5
stable,adjective,B1,2,ליבה מורחבת,2-3,,CEFR-J v1.5
stack,noun,B2,3,הרחבה אקדמית,3,,CEFR-J v1.5
stadium,noun,A2,1,ליבה,1-2,,CEFR-J v1.5
staff,noun,A2,1,ליבה,1-2,,CEFR-J v1.5
stagger,noun,B2,3,הרחבה אקדמית,3,,CEFR-J v1.5
stain,noun,B2,3,הרחבה אקדמית,3,,CEFR-J v1.5
stair,noun,A2,1,ליבה,1-2,,CEFR-J v1.5
stake,noun,B2,3,הרחבה אקדמית,3,,CEFR-J v1.5
stall,noun,B1,2,ליבה מורחבת,2-3,,CEFR-J v1.5
stammer,verb,B2,3,הרחבה אקדמית,3,,CEFR-J v1.5
stamp,noun,A2,1,ליבה,1-2,,CEFR-J v1.5
standard,noun,B1,2,ליבה מורחבת,2-3,,CEFR-J v1.5
standby,adjective,B2,3,הרחבה אקדמית,3,,CEFR-J v1.5
standstill,noun,B2,3,הרחבה אקדמית,3,,CEFR-J v1.5
stanza,noun,B2,3,הרחבה אקדמית,3,,CEFR-J v1.5
stare,verb,B1,2,ליבה מורחבת,2-3,,CEFR-J v1.5
startle,verb,B2,3,הרחבה אקדמית,3,,CEFR-J v1.5
starvation,noun,B2,3,הרחבה אקדמית,3,,CEFR-J v1.5
starve,verb,B2,3,הרחבה אקדמית,3,,CEFR-J v1.5
starving,adjective,B2,3,הרחבה אקדמית,3,,CEFR-J v1.5
state,noun,A2,1,ליבה,1-2,,CEFR-J v1.5
statement,noun,A2,1,ליבה,1-2,,CEFR-J v1.5
statesman,noun,B2,3,הרחבה אקדמית,3,,CEFR-J v1.5
statewide,adverb,B2,3,הרחבה אקדמית,3,,CEFR-J v1.5
statistics,noun,B2,3,הרחבה אקדמית,3,,CEFR-J v1.5
statue,noun,A2,1,ליבה,1-2,,CEFR-J v1.5
status,noun,B1,2,ליבה מורחבת,2-3,,CEFR-J v1.5
steadily,adverb,B1,2,ליבה מורחבת,2-3,,CEFR-J v1.5
steady,adjective,B1,2,ליבה מורחבת,2-3,,CEFR-J v1.5
steak,noun,A2,1,ליבה,1-2,,CEFR-J v1.5
steal,verb,A2,1,ליבה,1-2,,CEFR-J v1.5
steam,noun,B1,2,ליבה מורחבת,2-3,,CEFR-J v1.5
steel,noun,B1,2,ליבה מורחבת,2-3,,CEFR-J v1.5
steely,adjective,B2,3,הרחבה אקדמית,3,,CEFR-J v1.5
steep,adjective,B1,2,ליבה מורחבת,2-3,,CEFR-J v1.5
steer,verb,B2,3,הרחבה אקדמית,3,,CEFR-J v1.5
steering wheel,noun,B2,3,הרחבה אקדמית,3,,CEFR-J v1.5
stem,verb,B1,2,ליבה מורחבת,2-3,,CEFR-J v1.5
stepfather,noun,B2,3,הרחבה אקדמית,3,,CEFR-J v1.5
stepmother,noun,B2,3,הרחבה אקדמית,3,,CEFR-J v1.5
stereotype,noun,B2,3,הרחבה אקדמית,3,,CEFR-J v1.5
stern,adjective,B2,3,הרחבה אקדמית,3,,CEFR-J v1.5
stew,noun,B2,3,הרחבה אקדמית,3,,CEFR-J v1.5
stick,verb,B1,2,ליבה מורחבת,2-3,,CEFR-J v1.5
sticker,noun,B1,2,ליבה מורחבת,2-3,,CEFR-J v1.5
sticky,adjective,B1,2,ליבה מורחבת,2-3,,CEFR-J v1.5
stiff,adjective,B2,3,הרחבה אקדמית,3,,CEFR-J v1.5
stimulant,noun,B2,3,הרחבה אקדמית,3,,CEFR-J v1.5
stimulate,verb,B2,3,הרחבה אקדמית,3,,CEFR-J v1.5
stimulation,noun,B2,3,הרחבה אקדמית,3,,CEFR-J v1.5
stingy,adjective,B2,3,הרחבה אקדמית,3,,CEFR-J v1.5
stink,verb,B2,3,הרחבה אקדמית,3,,CEFR-J v1.5
stir,verb,B1,2,ליבה מורחבת,2-3,,CEFR-J v1.5
stitch,noun,B2,3,הרחבה אקדמית,3,,CEFR-J v1.5
stock,noun,B2,3,הרחבה אקדמית,3,,CEFR-J v1.5
stock market,noun,B2,3,הרחבה אקדמית,3,,CEFR-J v1.5
stockpile,noun,B2,3,הרחבה אקדמית,3,,CEFR-J v1.5
stomach,noun,A2,1,ליבה,1-2,,CEFR-J v1.5
stomachache,noun,A2,1,ליבה,1-2,,CEFR-J v1.5
stonework,noun,B2,3,הרחבה אקדמית,3,,CEFR-J v1.5
stool,noun,B2,3,הרחבה אקדמית,3,,CEFR-J v1.5
stopover,noun,B2,3,הרחבה אקדמית,3,,CEFR-J v1.5
stopwatch,noun,B2,3,הרחבה אקדמית,3,,CEFR-J v1.5
storage,noun,B1,2,ליבה מורחבת,2-3,,CEFR-J v1.5
storm,noun,A2,1,ליבה,1-2,,CEFR-J v1.5
stormy,adjective,B1,2,ליבה מורחבת,2-3,,CEFR-J v1.5
storyteller,noun,B1,2,ליבה מורחבת,2-3,,CEFR-J v1.5
stove,noun,A2,1,ליבה,1-2,,CEFR-J v1.5
straighten,verb,B2,3,הרחבה אקדמית,3,,CEFR-J v1.5
straightforward,adjective,B2,3,הרחבה אקדמית,3,,CEFR-J v1.5
strain,noun,B1,2,ליבה מורחבת,2-3,,CEFR-J v1.5
strait,noun,B2,3,הרחבה אקדמית,3,,CEFR-J v1.5
strand,noun,B2,3,הרחבה אקדמית,3,,CEFR-J v1.5
strangely,adverb,B1,2,ליבה מורחבת,2-3,,CEFR-J v1.5
stranger,noun,A2,1,ליבה,1-2,,CEFR-J v1.5
strangle,verb,B2,3,הרחבה אקדמית,3,,CEFR-J v1.5
strategic,adjective,B1,2,ליבה מורחבת,2-3,,CEFR-J v1.5
strategy,noun,A2,1,ליבה,1-2,,CEFR-J v1.5
straw,noun,B1,2,ליבה מורחבת,2-3,,CEFR-J v1.5
strawberry,noun,B1,2,ליבה מורחבת,2-3,,CEFR-J v1.5
stream,noun,B1,2,ליבה מורחבת,2-3,,CEFR-J v1.5
strength,noun,A2,1,ליבה,1-2,,CEFR-J v1.5
strengthen,verb,B1,2,ליבה מורחבת,2-3,,CEFR-J v1.5
stress,noun,B1,2,ליבה מורחבת,2-3,,CEFR-J v1.5
stressed,adjective,B1,2,ליבה מורחבת,2-3,,CEFR-J v1.5
stressful,adjective,B1,2,ליבה מורחבת,2-3,,CEFR-J v1.5
stretch,verb,B1,2,ליבה מורחבת,2-3,,CEFR-J v1.5
stricken,adjective,B1,2,ליבה מורחבת,2-3,,CEFR-J v1.5
strictly,adverb,B2,3,הרחבה אקדמית,3,,CEFR-J v1.5
stride,verb,B2,3,הרחבה אקדמית,3,,CEFR-J v1.5
strike,noun,A2,1,ליבה,1-2,,CEFR-J v1.5
striking,adjective,B2,3,הרחבה אקדמית,3,,CEFR-J v1.5
string,noun,A2,1,ליבה,1-2,,CEFR-J v1.5
strip,noun,B1,2,ליבה מורחבת,2-3,,CEFR-J v1.5
stripe,noun,B1,2,ליבה מורחבת,2-3,,CEFR-J v1.5
strive,verb,B2,3,הרחבה אקדמית,3,,CEFR-J v1.5
stroke,noun,B2,3,הרחבה אקדמית,3,,CEFR-J v1.5
strongly,adverb,A2,1,ליבה,1-2,,CEFR-J v1.5
structure,noun,A2,1,ליבה,1-2,,CEFR-J v1.5
struggle,noun,B1,2,ליבה מורחבת,2-3,,CEFR-J v1.5
stubborn,adjective,B1,2,ליבה מורחבת,2-3,,CEFR-J v1.5
stubbornly,adverb,B2,3,הרחבה אקדמית,3,,CEFR-J v1.5
stuck,adjective,B1,2,ליבה מורחבת,2-3,,CEFR-J v1.5
studio,noun,B1,2,ליבה מורחבת,2-3,,CEFR-J v1.5
stuff,noun,A2,1,ליבה,1-2,,CEFR-J v1.5
stuffed,adjective,B1,2,ליבה מורחבת,2-3,,CEFR-J v1.5
stumble,verb,B1,2,ליבה מורחבת,2-3,,CEFR-J v1.5
stun,verb,B1,2,ליבה מורחבת,2-3,,CEFR-J v1.5
stunning,adjective,B1,2,ליבה מורחבת,2-3,,CEFR-J v1.5
stupid,adjective,B1,2,ליבה מורחבת,2-3,,CEFR-J v1.5
style,noun,A2,1,ליבה,1-2,,CEFR-J v1.5
stylish,adjective,B1,2,ליבה מורחבת,2-3,,CEFR-J v1.5
stylist,noun,B2,3,הרחבה אקדמית,3,,CEFR-J v1.5
subconscious,adjective,B1,2,ליבה מורחבת,2-3,,CEFR-J v1.5
subcontinent,noun,B2,3,הרחבה אקדמית,3,,CEFR-J v1.5
subculture,noun,B2,3,הרחבה אקדמית,3,,CEFR-J v1.5
subdivision,noun,B2,3,הרחבה אקדמית,3,,CEFR-J v1.5
subjunctive,noun,B2,3,הרחבה אקדמית,3,,CEFR-J v1.5
submarine,noun,B1,2,ליבה מורחבת,2-3,,CEFR-J v1.5
submit,verb,B2,3,הרחבה אקדמית,3,,CEFR-J v1.5
subplot,noun,B2,3,הרחבה אקדמית,3,,CEFR-J v1.5
subside,verb,B2,3,הרחבה אקדמית,3,,CEFR-J v1.5
substance,noun,B2,3,הרחבה אקדמית,3,,CEFR-J v1.5
substantial,adjective,B1,2,ליבה מורחבת,2-3,,CEFR-J v1.5
substitute,noun,B1,2,ליבה מורחבת,2-3,,CEFR-J v1.5
subtitle,noun,B2,3,הרחבה אקדמית,3,,CEFR-J v1.5
subtle,adjective,B2,3,הרחבה אקדמית,3,,CEFR-J v1.5
subtract,verb,B2,3,הרחבה אקדמית,3,,CEFR-J v1.5
suburb,noun,B2,3,הרחבה אקדמית,3,,CEFR-J v1.5
succeed,verb,A2,1,ליבה,1-2,,CEFR-J v1.5
success,noun,A2,1,ליבה,1-2,,CEFR-J v1.5
successfully,adverb,A2,1,ליבה,1-2,,CEFR-J v1.5
successive,adjective,B2,3,הרחבה אקדמית,3,,CEFR-J v1.5
such,determiner,A2,1,ליבה,1-2,,CEFR-J v1.5
suck,verb,B2,3,הרחבה אקדמית,3,,CEFR-J v1.5
sudden,adjective,A2,1,ליבה,1-2,,CEFR-J v1.5
suddenly,adverb,B1,2,ליבה מורחבת,2-3,,CEFR-J v1.5
sue,verb,B2,3,הרחבה אקדמית,3,,CEFR-J v1.5
suffer,verb,B1,2,ליבה מורחבת,2-3,,CEFR-J v1.5
suffering,noun,B2,3,הרחבה אקדמית,3,,CEFR-J v1.5
sufficient,adjective,B1,2,ליבה מורחבת,2-3,,CEFR-J v1.5
sufficiently,adverb,B2,3,הרחבה אקדמית,3,,CEFR-J v1.5
suffix,noun,B1,2,ליבה מורחבת,2-3,,CEFR-J v1.5
suggest,verb,A2,1,ליבה,1-2,,CEFR-J v1.5
suicide,noun,B1,2,ליבה מורחבת,2-3,,CEFR-J v1.5
suit,noun,A2,1,ליבה,1-2,,CEFR-J v1.5
suitable,adjective,A2,1,ליבה,1-2,,CEFR-J v1.5
suitably,adverb,B2,3,הרחבה אקדמית,3,,CEFR-J v1.5
suitcase,noun,A2,1,ליבה,1-2,,CEFR-J v1.5
sulfur/sulphur,noun,B2,3,הרחבה אקדמית,3,,CEFR-J v1.5
summarize/summarise,verb,B1,2,ליבה מורחבת,2-3,,CEFR-J v1.5
summary,noun,A2,1,ליבה,1-2,,CEFR-J v1.5
summit,noun,B1,2,ליבה מורחבת,2-3,,CEFR-J v1.5
sunbathe,verb,B1,2,ליבה מורחבת,2-3,,CEFR-J v1.5
sunbeam,noun,B2,3,הרחבה אקדמית,3,,CEFR-J v1.5
sundial,noun,B1,2,ליבה מורחבת,2-3,,CEFR-J v1.5
sunflower,noun,A2,1,ליבה,1-2,,CEFR-J v1.5
sunglasses,noun,A2,1,ליבה,1-2,,CEFR-J v1.5
sunlight,noun,A2,1,ליבה,1-2,,CEFR-J v1.5
sunrise,noun,B1,2,ליבה מורחבת,2-3,,CEFR-J v1.5
sunset,noun,B1,2,ליבה מורחבת,2-3,,CEFR-J v1.5
superb,adjective,B2,3,הרחבה אקדמית,3,,CEFR-J v1.5
superintendent,noun,B2,3,הרחבה אקדמית,3,,CEFR-J v1.5
superior,adjective,B1,2,ליבה מורחבת,2-3,,CEFR-J v1.5
superlative,noun,A2,1,ליבה,1-2,,CEFR-J v1.5
supernatural,adjective,B2,3,הרחבה אקדמית,3,,CEFR-J v1.5
superstar,noun,A2,1,ליבה,1-2,,CEFR-J v1.5
superstition,noun,B1,2,ליבה מורחבת,2-3,,CEFR-J v1.5
supervise,verb,B2,3,הרחבה אקדמית,3,,CEFR-J v1.5
supervision,noun,B2,3,הרחבה אקדמית,3,,CEFR-J v1.5
supervisor,noun,B2,3,הרחבה אקדמית,3,,CEFR-J v1.5
supper,noun,A2,1,ליבה,1-2,,CEFR-J v1.5
supplement,noun,B2,3,הרחבה אקדמית,3,,CEFR-J v1.5
supplier,noun,B2,3,הרחבה אקדמית,3,,CEFR-J v1.5
supply,noun,B1,2,ליבה מורחבת,2-3,,CEFR-J v1.5
support,noun,A2,1,ליבה,1-2,,CEFR-J v1.5
supporter,noun,B1,2,ליבה מורחבת,2-3,,CEFR-J v1.5
supportive,adjective,B1,2,ליבה מורחבת,2-3,,CEFR-J v1.5
suppose,verb,B1,2,ליבה מורחבת,2-3,,CEFR-J v1.5
supposedly,adverb,B1,2,ליבה מורחבת,2-3,,CEFR-J v1.5
suppress,verb,B2,3,הרחבה אקדמית,3,,CEFR-J v1.5
surely,adverb,B1,2,ליבה מורחבת,2-3,,CEFR-J v1.5
surface,noun,B1,2,ליבה מורחבת,2-3,,CEFR-J v1.5
surfing,noun,A2,1,ליבה,1-2,,CEFR-J v1.5
surge,noun,B2,3,הרחבה אקדמית,3,,CEFR-J v1.5
surgeon,noun,B1,2,ליבה מורחבת,2-3,,CEFR-J v1.5
surgery,noun,B1,2,ליבה מורחבת,2-3,,CEFR-J v1.5
surname,noun,A2,1,ליבה,1-2,,CEFR-J v1.5
surprised,adjective,A2,1,ליבה,1-2,,CEFR-J v1.5
surprising,adjective,A2,1,ליבה,1-2,,CEFR-J v1.5
surprisingly,adverb,B1,2,ליבה מורחבת,2-3,,CEFR-J v1.5
surrender,verb,B2,3,הרחבה אקדמית,3,,CEFR-J v1.5
surround,verb,B1,2,ליבה מורחבת,2-3,,CEFR-J v1.5
surrounding,adjective,B1,2,ליבה מורחבת,2-3,,CEFR-J v1.5
surroundings,noun,B2,3,הרחבה אקדמית,3,,CEFR-J v1.5
surveillance,noun,B2,3,הרחבה אקדמית,3,,CEFR-J v1.5
survival,noun,B1,2,ליבה מורחבת,2-3,,CEFR-J v1.5
survive,verb,A2,1,ליבה,1-2,,CEFR-J v1.5
survivor,noun,B1,2,ליבה מורחבת,2-3,,CEFR-J v1.5
suspect,noun,B1,2,ליבה מורחבת,2-3,,CEFR-J v1.5
suspend,verb,B2,3,הרחבה אקדמית,3,,CEFR-J v1.5
suspicion,noun,B1,2,ליבה מורחבת,2-3,,CEFR-J v1.5
suspicious,adjective,B2,3,הרחבה אקדמית,3,,CEFR-J v1.5
suspiciously,adverb,B2,3,הרחבה אקדמית,3,,CEFR-J v1.5
sustain,verb,B2,3,הרחבה אקדמית,3,,CEFR-J v1.5
swallow,verb,A2,1,ליבה,1-2,,CEFR-J v1.5
swan,noun,B2,3,הרחבה אקדמית,3,,CEFR-J v1.5
swarm,noun,B1,2,ליבה מורחבת,2-3,,CEFR-J v1.5
swear,verb,B1,2,ליבה מורחבת,2-3,,CEFR-J v1.5
sweat,verb,A2,1,ליבה,1-2,,CEFR-J v1.5
sweater,noun,A2,1,ליבה,1-2,,CEFR-J v1.5
sweatshirt,noun,B1,2,ליבה מורחבת,2-3,,CEFR-J v1.5
sweep,verb,B2,3,הרחבה אקדמית,3,,CEFR-J v1.5
sweetheart,noun,A2,1,ליבה,1-2,,CEFR-J v1.5
swell,verb,B1,2,ליבה מורחבת,2-3,,CEFR-J v1.5
swift,adjective,B2,3,הרחבה אקדמית,3,,CEFR-J v1.5
swimmer,noun,B1,2,ליבה מורחבת,2-3,,CEFR-J v1.5
swimming costume,noun,A2,1,ליבה,1-2,,CEFR-J v1.5
swimsuit,noun,A2,1,ליבה,1-2,,CEFR-J v1.5
swing,noun,B2,3,הרחבה אקדמית,3,,CEFR-J v1.5
switch,noun,B1,2,ליבה מורחבת,2-3,,CEFR-J v1.5
swollen,adjective,B1,2,ליבה מורחבת,2-3,,CEFR-J v1.5
sword,noun,B1,2,ליבה מורחבת,2-3,,CEFR-J v1.5
syllable,noun,B2,3,הרחבה אקדמית,3,,CEFR-J v1.5
symbol,noun,A2,1,ליבה,1-2,,CEFR-J v1.5
symbolic,adjective,B2,3,הרחבה אקדמית,3,,CEFR-J v1.5
sympathetic,adjective,B2,3,הרחבה אקדמית,3,,CEFR-J v1.5
sympathize/sympathise,verb,B2,3,הרחבה אקדמית,3,,CEFR-J v1.5
sympathy,noun,B1,2,ליבה מורחבת,2-3,,CEFR-J v1.5
symphony,noun,A2,1,ליבה,1-2,,CEFR-J v1.5
symptom,noun,B1,2,ליבה מורחבת,2-3,,CEFR-J v1.5
syndrome,noun,B1,2,ליבה מורחבת,2-3,,CEFR-J v1.5
synonym,noun,B2,3,הרחבה אקדמית,3,,CEFR-J v1.5
system,noun,A2,1,ליבה,1-2,,CEFR-J v1.5
systematic,adjective,B1,2,ליבה מורחבת,2-3,,CEFR-J v1.5
table tennis,noun,A2,1,ליבה,1-2,,CEFR-J v1.5
tablecloth,noun,B2,3,הרחבה אקדמית,3,,CEFR-J v1.5
tablespoon,noun,A2,1,ליבה,1-2,,CEFR-J v1.5
tablet,noun,B1,2,ליבה מורחבת,2-3,,CEFR-J v1.5
tabloid,adjective,B2,3,הרחבה אקדמית,3,,CEFR-J v1.5
tack,verb,B2,3,הרחבה אקדמית,3,,CEFR-J v1.5
tackle,verb,B2,3,הרחבה אקדמית,3,,CEFR-J v1.5
tactile,adjective,B2,3,הרחבה אקדמית,3,,CEFR-J v1.5
tag,noun,B2,3,הרחבה אקדמית,3,,CEFR-J v1.5
tail,noun,B2,3,הרחבה אקדמית,3,,CEFR-J v1.5
takeaway,noun,B1,2,ליבה מורחבת,2-3,,CEFR-J v1.5
takeoff/take-off,noun,B1,2,ליבה מורחבת,2-3,,CEFR-J v1.5
tale,noun,B1,2,ליבה מורחבת,2-3,,CEFR-J v1.5
talent,noun,A2,1,ליבה,1-2,,CEFR-J v1.5
talented,adjective,B1,2,ליבה מורחבת,2-3,,CEFR-J v1.5
talkative,adjective,B1,2,ליבה מורחבת,2-3,,CEFR-J v1.5
tame,adjective,B2,3,הרחבה אקדמית,3,,CEFR-J v1.5
tan,noun,B2,3,הרחבה אקדמית,3,,CEFR-J v1.5
tank,noun,B1,2,ליבה מורחבת,2-3,,CEFR-J v1.5
tanned,adjective,B2,3,הרחבה אקדמית,3,,CEFR-J v1.5
tap,noun,A2,1,ליבה,1-2,,CEFR-J v1.5
tape,noun,A2,1,ליבה,1-2,,CEFR-J v1.5
target,noun,A2,1,ליבה,1-2,,CEFR-J v1.5
task,noun,A2,1,ליבה,1-2,,CEFR-J v1.5
taste,noun,B1,2,ליבה מורחבת,2-3,,CEFR-J v1.5
tasteless,adjective,B1,2,ליבה מורחבת,2-3,,CEFR-J v1.5
tasty,adjective,B1,2,ליבה מורחבת,2-3,,CEFR-J v1.5
tatter,noun,B2,3,הרחבה אקדמית,3,,CEFR-J v1.5
tattoo,noun,B2,3,הרחבה אקדמית,3,,CEFR-J v1.5
taunt,noun,B2,3,הרחבה אקדמית,3,,CEFR-J v1.5
tax,noun,B1,2,ליבה מורחבת,2-3,,CEFR-J v1.5
teaching,noun,B1,2,ליבה מורחבת,2-3,,CEFR-J v1.5
teammate,noun,B1,2,ליבה מורחבת,2-3,,CEFR-J v1.5
teamwork,noun,B1,2,ליבה מורחבת,2-3,,CEFR-J v1.5
tear,noun,A2,1,ליבה,1-2,,CEFR-J v1.5
tease,noun,B1,2,ליבה מורחבת,2-3,,CEFR-J v1.5
teaspoon,noun,B2,3,הרחבה אקדמית,3,,CEFR-J v1.5
technical,adjective,B2,3,הרחבה אקדמית,3,,CEFR-J v1.5
technically,adverb,B2,3,הרחבה אקדמית,3,,CEFR-J v1.5
technique,noun,B1,2,ליבה מורחבת,2-3,,CEFR-J v1.5
technological,adjective,B1,2,ליבה מורחבת,2-3,,CEFR-J v1.5
teen,noun,B1,2,ליבה מורחבת,2-3,,CEFR-J v1.5
teenage,adjective,A2,1,ליבה,1-2,,CEFR-J v1.5
teenager,noun,A2,1,ליבה,1-2,,CEFR-J v1.5
telecommunications,noun,B1,2,ליבה מורחבת,2-3,,CEFR-J v1.5
telegram,noun,B1,2,ליבה מורחבת,2-3,,CEFR-J v1.5
telescope,noun,B2,3,הרחבה אקדמית,3,,CEFR-J v1.5
teller,noun,B1,2,ליבה מורחבת,2-3,,CEFR-J v1.5
temper,noun,B1,2,ליבה מורחבת,2-3,,CEFR-J v1.5
temperate,adjective,B2,3,הרחבה אקדמית,3,,CEFR-J v1.5
temperature,noun,A2,1,ליבה,1-2,,CEFR-J v1.5
temporarily,adverb,B2,3,הרחבה אקדמית,3,,CEFR-J v1.5
temporary,adjective,B1,2,ליבה מורחבת,2-3,,CEFR-J v1.5
tempt,verb,B1,2,ליבה מורחבת,2-3,,CEFR-J v1.5
temptation,noun,B2,3,הרחבה אקדמית,3,,CEFR-J v1.5
tend,verb,B1,2,ליבה מורחבת,2-3,,CEFR-J v1.5
tendency,noun,B1,2,ליבה מורחבת,2-3,,CEFR-J v1.5
tender,adjective,B2,3,הרחבה אקדמית,3,,CEFR-J v1.5
tenderly,adverb,B2,3,הרחבה אקדמית,3,,CEFR-J v1.5
tenderness,noun,B2,3,הרחבה אקדמית,3,,CEFR-J v1.5
tense,adjective,B1,2,ליבה מורחבת,2-3,,CEFR-J v1.5
tension,noun,B1,2,ליבה מורחבת,2-3,,CEFR-J v1.5
tent,noun,B1,2,ליבה מורחבת,2-3,,CEFR-J v1.5
term,noun,B1,2,ליבה מורחבת,2-3,,CEFR-J v1.5
terminal,noun,B1,2,ליבה מורחבת,2-3,,CEFR-J v1.5
terrace,noun,B2,3,הרחבה אקדמית,3,,CEFR-J v1.5
terribly,adverb,B1,2,ליבה מורחבת,2-3,,CEFR-J v1.5
terrific,adjective,B1,2,ליבה מורחבת,2-3,,CEFR-J v1.5
terrified,adjective,B1,2,ליבה מורחבת,2-3,,CEFR-J v1.5
terrify,verb,A2,1,ליבה,1-2,,CEFR-J v1.5
terrifying,adjective,B2,3,הרחבה אקדמית,3,,CEFR-J v1.5
territory,noun,B2,3,הרחבה אקדמית,3,,CEFR-J v1.5
terror,noun,B1,2,ליבה מורחבת,2-3,,CEFR-J v1.5
terrorism,noun,B1,2,ליבה מורחבת,2-3,,CEFR-J v1.5
terrorist,adjective,A2,1,ליבה,1-2,,CEFR-J v1.5
testify,verb,B2,3,הרחבה אקדמית,3,,CEFR-J v1.5
testimony,noun,B2,3,הרחבה אקדמית,3,,CEFR-J v1.5
text,noun,A2,1,ליבה,1-2,,CEFR-J v1.5
text message,noun,A2,1,ליבה,1-2,,CEFR-J v1.5
textbook,noun,A2,1,ליבה,1-2,,CEFR-J v1.5
thankful,adjective,B1,2,ליבה מורחבת,2-3,,CEFR-J v1.5
theft,noun,B1,2,ליבה מורחבת,2-3,,CEFR-J v1.5
theirs,pronoun,A2,1,ליבה,1-2,,CEFR-J v1.5
theme,noun,B2,3,הרחבה אקדמית,3,,CEFR-J v1.5
themselves,pronoun,A2,1,ליבה,1-2,,CEFR-J v1.5
theorist,noun,B2,3,הרחבה אקדמית,3,,CEFR-J v1.5
theory,noun,B1,2,ליבה מורחבת,2-3,,CEFR-J v1.5
therapist,noun,B2,3,הרחבה אקדמית,3,,CEFR-J v1.5
therapy,noun,B2,3,הרחבה אקדמית,3,,CEFR-J v1.5
thereafter,adverb,B2,3,הרחבה אקדמית,3,,CEFR-J v1.5
therefore,adverb,A2,1,ליבה,1-2,,CEFR-J v1.5
thermometer,noun,B2,3,הרחבה אקדמית,3,,CEFR-J v1.5
thesis,noun,B2,3,הרחבה אקדמית,3,,CEFR-J v1.5
thickly,adverb,B2,3,הרחבה אקדמית,3,,CEFR-J v1.5
thickness,noun,B2,3,הרחבה אקדמית,3,,CEFR-J v1.5
thief,noun,A2,1,ליבה,1-2,,CEFR-J v1.5
thigh,noun,B2,3,הרחבה אקדמית,3,,CEFR-J v1.5
thinker,noun,B2,3,הרחבה אקדמית,3,,CEFR-J v1.5
third,adjective,A2,1,ליבה,1-2,,CEFR-J v1.5
third person,noun,B2,3,הרחבה אקדמית,3,,CEFR-J v1.5
thirdly,adverb,B2,3,הרחבה אקדמית,3,,CEFR-J v1.5
thirst,verb,B1,2,ליבה מורחבת,2-3,,CEFR-J v1.5
thirsty,adjective,A2,1,ליבה,1-2,,CEFR-J v1.5
thorough,adjective,B1,2,ליבה מורחבת,2-3,,CEFR-J v1.5
thoroughly,adverb,B2,3,הרחבה אקדמית,3,,CEFR-J v1.5
though,conjunction,A2,1,ליבה,1-2,true,CEFR-J v1.5
thought,noun,A2,1,ליבה,1-2,,CEFR-J v1.5
thoughtful,adjective,B2,3,הרחבה אקדמית,3,,CEFR-J v1.5
thoughtless,adjective,B2,3,הרחבה אקדמית,3,,CEFR-J v1.5
thousand,number,A2,1,ליבה,1-2,,CEFR-J v1.5
thread,noun,B2,3,הרחבה אקדמית,3,,CEFR-J v1.5
threat,noun,B1,2,ליבה מורחבת,2-3,,CEFR-J v1.5
threaten,verb,B2,3,הרחבה אקדמית,3,,CEFR-J v1.5
threatening,adjective,B1,2,ליבה מורחבת,2-3,,CEFR-J v1.5
thrill,noun,B2,3,הרחבה אקדמית,3,,CEFR-J v1.5
thrilled,adjective,B2,3,הרחבה אקדמית,3,,CEFR-J v1.5
thriller,noun,B1,2,ליבה מורחבת,2-3,,CEFR-J v1.5
thrilling,adjective,B2,3,הרחבה אקדמית,3,,CEFR-J v1.5
throat,noun,B2,3,הרחבה אקדמית,3,,CEFR-J v1.5
throughout,preposition,B1,2,ליבה מורחבת,2-3,true,CEFR-J v1.5
thumb,noun,B1,2,ליבה מורחבת,2-3,,CEFR-J v1.5
thump,verb,B1,2,ליבה מורחבת,2-3,,CEFR-J v1.5
thunder,noun,B1,2,ליבה מורחבת,2-3,,CEFR-J v1.5
thunderous,adjective,B1,2,ליבה מורחבת,2-3,,CEFR-J v1.5
thunderstorm,noun,A2,1,ליבה,1-2,,CEFR-J v1.5
thus,adverb,B1,2,ליבה מורחבת,2-3,,CEFR-J v1.5
tick,noun,B1,2,ליבה מורחבת,2-3,,CEFR-J v1.5
tickle,verb,B2,3,הרחבה אקדמית,3,,CEFR-J v1.5
tide,noun,B1,2,ליבה מורחבת,2-3,,CEFR-J v1.5
tidy,adjective,A2,1,ליבה,1-2,,CEFR-J v1.5
tie,noun,A2,1,ליבה,1-2,,CEFR-J v1.5
tighten,verb,B1,2,ליבה מורחבת,2-3,,CEFR-J v1.5
tightly,adverb,B1,2,ליבה מורחבת,2-3,,CEFR-J v1.5
tightrope,noun,B2,3,הרחבה אקדמית,3,,CEFR-J v1.5
tights,noun,A2,1,ליבה,1-2,,CEFR-J v1.5
tile,noun,B1,2,ליבה מורחבת,2-3,,CEFR-J v1.5
till,preposition,A2,1,ליבה,1-2,true,CEFR-J v1.5
timeless,adjective,B2,3,הרחבה אקדמית,3,,CEFR-J v1.5
timeliness,noun,B2,3,הרחבה אקדמית,3,,CEFR-J v1.5
timely,adjective,B1,2,ליבה מורחבת,2-3,,CEFR-J v1.5
times,preposition,B2,3,הרחבה אקדמית,3,true,CEFR-J v1.5
timetable,noun,A2,1,ליבה,1-2,,CEFR-J v1.5
timing,noun,B2,3,הרחבה אקדמית,3,,CEFR-J v1.5
tin,noun,B1,2,ליבה מורחבת,2-3,,CEFR-J v1.5
tiny,adjective,B1,2,ליבה מורחבת,2-3,,CEFR-J v1.5
tip,noun,A2,1,ליבה,1-2,,CEFR-J v1.5
tiptoe,verb,B2,3,הרחבה אקדמית,3,,CEFR-J v1.5
tire,verb,B1,2,ליבה מורחבת,2-3,,CEFR-J v1.5
tiredness,noun,B2,3,הרחבה אקדמית,3,,CEFR-J v1.5
tiresome,adjective,B2,3,הרחבה אקדמית,3,,CEFR-J v1.5
tiring,adjective,B1,2,ליבה מורחבת,2-3,,CEFR-J v1.5
tissue,noun,B1,2,ליבה מורחבת,2-3,,CEFR-J v1.5
title,noun,A2,1,ליבה,1-2,,CEFR-J v1.5
toast,noun,A2,1,ליבה,1-2,,CEFR-J v1.5
tobacco,noun,B1,2,ליבה מורחבת,2-3,,CEFR-J v1.5
toe,noun,A2,1,ליבה,1-2,,CEFR-J v1.5
toenail,noun,B2,3,הרחבה אקדמית,3,,CEFR-J v1.5
toil,verb,B2,3,הרחבה אקדמית,3,,CEFR-J v1.5
tolerant,adjective,B2,3,הרחבה אקדמית,3,,CEFR-J v1.5
tolerate,verb,B2,3,הרחבה אקדמית,3,,CEFR-J v1.5
toll,noun,B2,3,הרחבה אקדמית,3,,CEFR-J v1.5
tomb,noun,B2,3,הרחבה אקדמית,3,,CEFR-J v1.5
ton,noun,B2,3,הרחבה אקדמית,3,,CEFR-J v1.5
tone,noun,A2,1,ליבה,1-2,,CEFR-J v1.5
tongue,noun,B1,2,ליבה מורחבת,2-3,,CEFR-J v1.5
toothache,noun,A2,1,ליבה,1-2,,CEFR-J v1.5
toothbrush,noun,A2,1,ליבה,1-2,,CEFR-J v1.5
toothpaste,noun,B1,2,ליבה מורחבת,2-3,,CEFR-J v1.5
torch,noun,B2,3,הרחבה אקדמית,3,,CEFR-J v1.5
tornado,noun,B1,2,ליבה מורחבת,2-3,,CEFR-J v1.5
tortoiseshell,noun,B2,3,הרחבה אקדמית,3,,CEFR-J v1.5
torture,verb,B2,3,הרחבה אקדמית,3,,CEFR-J v1.5
toss,verb,B1,2,ליבה מורחבת,2-3,,CEFR-J v1.5
total,adjective,B1,2,ליבה מורחבת,2-3,,CEFR-J v1.5
totally,adverb,B1,2,ליבה מורחבת,2-3,,CEFR-J v1.5
tough,adjective,B2,3,הרחבה אקדמית,3,,CEFR-J v1.5
tour,noun,A2,1,ליבה,1-2,,CEFR-J v1.5
tour guide,noun,A2,1,ליבה,1-2,,CEFR-J v1.5
tourism,noun,B1,2,ליבה מורחבת,2-3,,CEFR-J v1.5
tourist,noun,A2,1,ליבה,1-2,,CEFR-J v1.5
tournament,noun,B1,2,ליבה מורחבת,2-3,,CEFR-J v1.5
toward/towards,preposition,A2,1,ליבה,1-2,true,CEFR-J v1.5
toxic,adjective,B2,3,הרחבה אקדמית,3,,CEFR-J v1.5
trace,noun,B1,2,ליבה מורחבת,2-3,,CEFR-J v1.5
track,noun,A2,1,ליבה,1-2,,CEFR-J v1.5
tracksuit,noun,B1,2,ליבה מורחבת,2-3,,CEFR-J v1.5
trade,noun,A2,1,ליבה,1-2,,CEFR-J v1.5
trader,noun,B2,3,הרחבה אקדמית,3,,CEFR-J v1.5
tradition,noun,A2,1,ליבה,1-2,,CEFR-J v1.5
traditional,adjective,A2,1,ליבה,1-2,,CEFR-J v1.5
traditionally,adverb,B1,2,ליבה מורחבת,2-3,,CEFR-J v1.5
traffic,noun,A2,1,ליבה,1-2,,CEFR-J v1.5
traffic jam,noun,B1,2,ליבה מורחבת,2-3,,CEFR-J v1.5
traffic light,noun,A2,1,ליבה,1-2,,CEFR-J v1.5
tragedy,noun,B1,2,ליבה מורחבת,2-3,,CEFR-J v1.5
tragic,adjective,B1,2,ליבה מורחבת,2-3,,CEFR-J v1.5
trail,noun,B1,2,ליבה מורחבת,2-3,,CEFR-J v1.5
trailer,noun,B2,3,הרחבה אקדמית,3,,CEFR-J v1.5
trainee,noun,B2,3,הרחבה אקדמית,3,,CEFR-J v1.5
trainer,noun,B2,3,הרחבה אקדמית,3,,CEFR-J v1.5
training,noun,A2,1,ליבה,1-2,,CEFR-J v1.5
trait,noun,B2,3,הרחבה אקדמית,3,,CEFR-J v1.5
traitor,noun,B2,3,הרחבה אקדמית,3,,CEFR-J v1.5
tram,noun,A2,1,ליבה,1-2,,CEFR-J v1.5
tramp,noun,B2,3,הרחבה אקדמית,3,,CEFR-J v1.5
trample,noun,B2,3,הרחבה אקדמית,3,,CEFR-J v1.5
transcript,noun,B2,3,הרחבה אקדמית,3,,CEFR-J v1.5
transfer,verb,B1,2,ליבה מורחבת,2-3,,CEFR-J v1.5
transform,verb,B1,2,ליבה מורחבת,2-3,,CEFR-J v1.5
transformation,noun,B1,2,ליבה מורחבת,2-3,,CEFR-J v1.5
transfusion,noun,B2,3,הרחבה אקדמית,3,,CEFR-J v1.5
transient,adjective,B2,3,הרחבה אקדמית,3,,CEFR-J v1.5
transistor,noun,B2,3,הרחבה אקדמית,3,,CEFR-J v1.5
transition,noun,B2,3,הרחבה אקדמית,3,,CEFR-J v1.5
transitional,adjective,B1,2,ליבה מורחבת,2-3,,CEFR-J v1.5
transitive,adjective,B2,3,הרחבה אקדמית,3,,CEFR-J v1.5
translate,verb,B1,2,ליבה מורחבת,2-3,,CEFR-J v1.5
translation,noun,B2,3,הרחבה אקדמית,3,,CEFR-J v1.5
translator,noun,B2,3,הרחבה אקדמית,3,,CEFR-J v1.5
transmission,noun,B2,3,הרחבה אקדמית,3,,CEFR-J v1.5
transmit,verb,B2,3,הרחבה אקדמית,3,,CEFR-J v1.5
transparent,adjective,B2,3,הרחבה אקדמית,3,,CEFR-J v1.5
transport,noun,B1,2,ליבה מורחבת,2-3,,CEFR-J v1.5
transportation,noun,B1,2,ליבה מורחבת,2-3,,CEFR-J v1.5
trap,noun,A2,1,ליבה,1-2,,CEFR-J v1.5
trash,noun,B1,2,ליבה מורחבת,2-3,,CEFR-J v1.5
travel agent,noun,B1,2,ליבה מורחבת,2-3,,CEFR-J v1.5
traveler/traveller,noun,A2,1,ליבה,1-2,,CEFR-J v1.5
traverse,noun,B2,3,הרחבה אקדמית,3,,CEFR-J v1.5
tray,noun,B2,3,הרחבה אקדמית,3,,CEFR-J v1.5
tread,verb,B2,3,הרחבה אקדמית,3,,CEFR-J v1.5
treasure,noun,A2,1,ליבה,1-2,,CEFR-J v1.5
treat,noun,B1,2,ליבה מורחבת,2-3,,CEFR-J v1.5
treatment,noun,B1,2,ליבה מורחבת,2-3,,CEFR-J v1.5
treaty,noun,B2,3,הרחבה אקדמית,3,,CEFR-J v1.5
trek,noun,B2,3,הרחבה אקדמית,3,,CEFR-J v1.5
tremble,verb,B1,2,ליבה מורחבת,2-3,,CEFR-J v1.5
tremendous,adjective,B1,2,ליבה מורחבת,2-3,,CEFR-J v1.5
tremendously,adverb,B2,3,הרחבה אקדמית,3,,CEFR-J v1.5
tremor,noun,B2,3,הרחבה אקדמית,3,,CEFR-J v1.5
trend,noun,B1,2,ליבה מורחבת,2-3,,CEFR-J v1.5
trial,noun,B2,3,הרחבה אקדמית,3,,CEFR-J v1.5
triangle,noun,B2,3,הרחבה אקדמית,3,,CEFR-J v1.5
tribe,noun,B2,3,הרחבה אקדמית,3,,CEFR-J v1.5
trick,noun,A2,1,ליבה,1-2,,CEFR-J v1.5
tricky,adjective,B2,3,הרחבה אקדמית,3,,CEFR-J v1.5
trigger,noun,B1,2,ליבה מורחבת,2-3,,CEFR-J v1.5
trim,noun,B1,2,ליבה מורחבת,2-3,,CEFR-J v1.5
trio,noun,B2,3,הרחבה אקדמית,3,,CEFR-J v1.5
triumph,noun,B1,2,ליבה מורחבת,2-3,,CEFR-J v1.5
trivial,adjective,B2,3,הרחבה אקדמית,3,,CEFR-J v1.5
trolley,noun,B2,3,הרחבה אקדמית,3,,CEFR-J v1.5
troop,noun,B2,3,הרחבה אקדמית,3,,CEFR-J v1.5
trophy,noun,B2,3,הרחבה אקדמית,3,,CEFR-J v1.5
tropic,adjective,B2,3,הרחבה אקדמית,3,,CEFR-J v1.5
tropical,adjective,B1,2,ליבה מורחבת,2-3,,CEFR-J v1.5
trouble,noun,A2,1,ליבה,1-2,,CEFR-J v1.5
troublesome,adjective,B2,3,הרחבה אקדמית,3,,CEFR-J v1.5
truly,adverb,A2,1,ליבה,1-2,,CEFR-J v1.5
trumpet,noun,B1,2,ליבה מורחבת,2-3,,CEFR-J v1.5
trunk,noun,B2,3,הרחבה אקדמית,3,,CEFR-J v1.5
trust,verb,A2,1,ליבה,1-2,,CEFR-J v1.5
trustworthy,adjective,B1,2,ליבה מורחבת,2-3,,CEFR-J v1.5
trusty,adjective,B2,3,הרחבה אקדמית,3,,CEFR-J v1.5
truth,noun,A2,1,ליבה,1-2,,CEFR-J v1.5
truthful,adjective,B2,3,הרחבה אקדמית,3,,CEFR-J v1.5
truthfulness,noun,B2,3,הרחבה אקדמית,3,,CEFR-J v1.5
tub,noun,B2,3,הרחבה אקדמית,3,,CEFR-J v1.5
tuberculosis,noun,B2,3,הרחבה אקדמית,3,,CEFR-J v1.5
tug,noun,B2,3,הרחבה אקדמית,3,,CEFR-J v1.5
tuition,noun,B2,3,הרחבה אקדמית,3,,CEFR-J v1.5
tulip,noun,B2,3,הרחבה אקדמית,3,,CEFR-J v1.5
tumble,verb,B1,2,ליבה מורחבת,2-3,,CEFR-J v1.5
tumor/tumour,noun,B2,3,הרחבה אקדמית,3,,CEFR-J v1.5
tuna,noun,B1,2,ליבה מורחבת,2-3,,CEFR-J v1.5
tune,noun,A2,1,ליבה,1-2,,CEFR-J v1.5
tunnel,noun,B2,3,הרחבה אקדמית,3,,CEFR-J v1.5
turbulence,noun,B1,2,ליבה מורחבת,2-3,,CEFR-J v1.5
turbulent,adjective,B2,3,הרחבה אקדמית,3,,CEFR-J v1.5
turning,noun,B1,2,ליבה מורחבת,2-3,,CEFR-J v1.5
turtle,noun,B1,2,ליבה מורחבת,2-3,,CEFR-J v1.5
tutor,noun,B2,3,הרחבה אקדמית,3,,CEFR-J v1.5
twice,adverb,A2,1,ליבה,1-2,,CEFR-J v1.5
twin,noun,B1,2,ליבה מורחבת,2-3,,CEFR-J v1.5
twinkle,noun,B2,3,הרחבה אקדמית,3,,CEFR-J v1.5
twist,noun,B1,2,ליבה מורחבת,2-3,,CEFR-J v1.5
twisted,adjective,B2,3,הרחבה אקדמית,3,,CEFR-J v1.5
typhoid,noun,B2,3,הרחבה אקדמית,3,,CEFR-J v1.5
typical,adjective,B1,2,ליבה מורחבת,2-3,,CEFR-J v1.5
typically,adverb,B1,2,ליבה מורחבת,2-3,,CEFR-J v1.5
tyranny,noun,B2,3,הרחבה אקדמית,3,,CEFR-J v1.5
tyrant,noun,B2,3,הרחבה אקדמית,3,,CEFR-J v1.5
ultimate,adjective,B2,3,הרחבה אקדמית,3,,CEFR-J v1.5
ultimately,adverb,B2,3,הרחבה אקדמית,3,,CEFR-J v1.5
unable,adjective,B1,2,ליבה מורחבת,2-3,,CEFR-J v1.5
unacceptable,adjective,B2,3,הרחבה אקדמית,3,,CEFR-J v1.5
unafraid,adjective,B1,2,ליבה מורחבת,2-3,,CEFR-J v1.5
unashamedly,adverb,B2,3,הרחבה אקדמית,3,,CEFR-J v1.5
unattractive,adjective,B2,3,הרחבה אקדמית,3,,CEFR-J v1.5
unauthorized/unauthorised,adjective,B2,3,הרחבה אקדמית,3,,CEFR-J v1.5
unavailable,adjective,B2,3,הרחבה אקדמית,3,,CEFR-J v1.5
unaware,adjective,B2,3,הרחבה אקדמית,3,,CEFR-J v1.5
unbearable,adjective,B2,3,הרחבה אקדמית,3,,CEFR-J v1.5
unbeatable,adjective,B2,3,הרחבה אקדמית,3,,CEFR-J v1.5
unbelievable,adjective,B1,2,ליבה מורחבת,2-3,,CEFR-J v1.5
uncertain,adjective,A2,1,ליבה,1-2,,CEFR-J v1.5
uncertainty,noun,B1,2,ליבה מורחבת,2-3,,CEFR-J v1.5
unchanged,adjective,B2,3,הרחבה אקדמית,3,,CEFR-J v1.5
uncharacteristic,adjective,B2,3,הרחבה אקדמית,3,,CEFR-J v1.5
unclear,adjective,B1,2,ליבה מורחבת,2-3,,CEFR-J v1.5
unclearly,adverb,B2,3,הרחבה אקדמית,3,,CEFR-J v1.5
uncomfortable,adjective,A2,1,ליבה,1-2,,CEFR-J v1.5
uncomfortably,adverb,B2,3,הרחבה אקדמית,3,,CEFR-J v1.5
uncommon,adjective,B2,3,הרחבה אקדמית,3,,CEFR-J v1.5
unconcerned,adjective,B2,3,הרחבה אקדמית,3,,CEFR-J v1.5
unconscious,adjective,B2,3,הרחבה אקדמית,3,,CEFR-J v1.5
uncontrollable,adjective,B1,2,ליבה מורחבת,2-3,,CEFR-J v1.5
uncover,verb,B1,2,ליבה מורחבת,2-3,,CEFR-J v1.5
underage,adjective,B1,2,ליבה מורחבת,2-3,,CEFR-J v1.5
underestimate,verb,B2,3,הרחבה אקדמית,3,,CEFR-J v1.5
undergo,verb,B1,2,ליבה מורחבת,2-3,,CEFR-J v1.5
undergraduate,noun,B2,3,הרחבה אקדמית,3,,CEFR-J v1.5
underground,adjective,B2,3,הרחבה אקדמית,3,,CEFR-J v1.5
underneath,preposition,B1,2,ליבה מורחבת,2-3,true,CEFR-J v1.5
underpants,noun,B1,2,ליבה מורחבת,2-3,,CEFR-J v1.5
undersea,adjective,B2,3,הרחבה אקדמית,3,,CEFR-J v1.5
understand,verb,A2,1,ליבה,1-2,,CEFR-J v1.5
understandable,adjective,B2,3,הרחבה אקדמית,3,,CEFR-J v1.5
understanding,adjective,B2,3,הרחבה אקדמית,3,,CEFR-J v1.5
undertake,verb,B2,3,הרחבה אקדמית,3,,CEFR-J v1.5
underwater,adjective,A2,1,ליבה,1-2,,CEFR-J v1.5
underwear,noun,B2,3,הרחבה אקדמית,3,,CEFR-J v1.5
undo,verb,B1,2,ליבה מורחבת,2-3,,CEFR-J v1.5
undoubtedly,adverb,B2,3,הרחבה אקדמית,3,,CEFR-J v1.5
undreamed,adjective,B2,3,הרחבה אקדמית,3,,CEFR-J v1.5
undress,verb,B1,2,ליבה מורחבת,2-3,,CEFR-J v1.5
undressed,adjective,B2,3,הרחבה אקדמית,3,,CEFR-J v1.5
unease,noun,B2,3,הרחבה אקדמית,3,,CEFR-J v1.5
uneasily,adverb,B2,3,הרחבה אקדמית,3,,CEFR-J v1.5
uneasy,adjective,A2,1,ליבה,1-2,,CEFR-J v1.5
unemployed,adjective,B1,2,ליבה מורחבת,2-3,,CEFR-J v1.5
unemployment,noun,B1,2,ליבה מורחבת,2-3,,CEFR-J v1.5
unenthusiastic,adjective,B2,3,הרחבה אקדמית,3,,CEFR-J v1.5
uneven,adjective,B2,3,הרחבה אקדמית,3,,CEFR-J v1.5
unexpected,adjective,B1,2,ליבה מורחבת,2-3,,CEFR-J v1.5
unexpectedly,adverb,B1,2,ליבה מורחבת,2-3,,CEFR-J v1.5
unfair,adjective,A2,1,ליבה,1-2,,CEFR-J v1.5
unfairly,adverb,B1,2,ליבה מורחבת,2-3,,CEFR-J v1.5
unfamiliar,adjective,B2,3,הרחבה אקדמית,3,,CEFR-J v1.5
unfashionable,adjective,B2,3,הרחבה אקדמית,3,,CEFR-J v1.5
unfit,adjective,B1,2,ליבה מורחבת,2-3,,CEFR-J v1.5
unfold,verb,B1,2,ליבה מורחבת,2-3,,CEFR-J v1.5
unforeseen,adjective,B2,3,הרחבה אקדמית,3,,CEFR-J v1.5
unforgettable,adjective,A2,1,ליבה,1-2,,CEFR-J v1.5
unfortunate,adjective,B1,2,ליבה מורחבת,2-3,,CEFR-J v1.5
unfortunately,adverb,A2,1,ליבה,1-2,,CEFR-J v1.5
unfriendly,adjective,B1,2,ליבה מורחבת,2-3,,CEFR-J v1.5
ungodly,adjective,B2,3,הרחבה אקדמית,3,,CEFR-J v1.5
unhappiness,noun,B2,3,הרחבה אקדמית,3,,CEFR-J v1.5
unhappy,adjective,A2,1,ליבה,1-2,,CEFR-J v1.5
unhealthy,adjective,A2,1,ליבה,1-2,,CEFR-J v1.5
unheard,adjective,B1,2,ליבה מורחבת,2-3,,CEFR-J v1.5
unhelpful,adjective,B2,3,הרחבה אקדמית,3,,CEFR-J v1.5
uniform,adjective,A2,1,ליבה,1-2,,CEFR-J v1.5
unify,verb,B1,2,ליבה מורחבת,2-3,,CEFR-J v1.5
unimaginable,adjective,B2,3,הרחבה אקדמית,3,,CEFR-J v1.5
unimaginably,adverb,B2,3,הרחבה אקדמית,3,,CEFR-J v1.5
unimportant,adjective,A2,1,ליבה,1-2,,CEFR-J v1.5
uninterested,adjective,B1,2,ליבה מורחבת,2-3,,CEFR-J v1.5
uninteresting,adjective,B1,2,ליבה מורחבת,2-3,,CEFR-J v1.5
union,noun,B1,2,ליבה מורחבת,2-3,,CEFR-J v1.5
unique,adjective,B1,2,ליבה מורחבת,2-3,,CEFR-J v1.5
unit,noun,A2,1,ליבה,1-2,,CEFR-J v1.5
unite,verb,B1,2,ליבה מורחבת,2-3,,CEFR-J v1.5
united,adjective,B2,3,הרחבה אקדמית,3,,CEFR-J v1.5
universal,adjective,B2,3,הרחבה אקדמית,3,,CEFR-J v1.5
universe,noun,B1,2,ליבה מורחבת,2-3,,CEFR-J v1.5
university,noun,A2,1,ליבה,1-2,,CEFR-J v1.5
unjustly,adverb,B2,3,הרחבה אקדמית,3,,CEFR-J v1.5
unkind,adjective,B2,3,הרחבה אקדמית,3,,CEFR-J v1.5
unknown,adjective,A2,1,ליבה,1-2,,CEFR-J v1.5
unless,conjunction,B1,2,ליבה מורחבת,2-3,true,CEFR-J v1.5
unlike,adjective,A2,1,ליבה,1-2,true,CEFR-J v1.5
unlikely,adjective,B1,2,ליבה מורחבת,2-3,,CEFR-J v1.5
unlimited,adjective,B2,3,הרחבה אקדמית,3,,CEFR-J v1.5
unload,verb,B2,3,הרחבה אקדמית,3,,CEFR-J v1.5
unlock,verb,B2,3,הרחבה אקדמית,3,,CEFR-J v1.5
unlucky,adjective,B1,2,ליבה מורחבת,2-3,,CEFR-J v1.5
unmistakable,adjective,B2,3,הרחבה אקדמית,3,,CEFR-J v1.5
unmistakably,adverb,B2,3,הרחבה אקדמית,3,,CEFR-J v1.5
unnatural,adjective,B2,3,הרחבה אקדמית,3,,CEFR-J v1.5
unnecessary,adjective,A2,1,ליבה,1-2,,CEFR-J v1.5
unofficial,adjective,B2,3,הרחבה אקדמית,3,,CEFR-J v1.5
unpack,verb,B1,2,ליבה מורחבת,2-3,,CEFR-J v1.5
unpleasant,adjective,A2,1,ליבה,1-2,,CEFR-J v1.5
unpopular,adjective,B2,3,הרחבה אקדמית,3,,CEFR-J v1.5
unpredictable,adjective,B1,2,ליבה מורחבת,2-3,,CEFR-J v1.5
unrealistic,adjective,B2,3,הרחבה אקדמית,3,,CEFR-J v1.5
unreasonable,adjective,B2,3,הרחבה אקדמית,3,,CEFR-J v1.5
unrelated,adjective,B1,2,ליבה מורחבת,2-3,,CEFR-J v1.5
unreliable,adjective,B2,3,הרחבה אקדמית,3,,CEFR-J v1.5
unrest,noun,B2,3,הרחבה אקדמית,3,,CEFR-J v1.5
unsafe,adjective,B2,3,הרחבה אקדמית,3,,CEFR-J v1.5
unsatisfactory,adjective,B2,3,הרחבה אקדמית,3,,CEFR-J v1.5
unselfish,adjective,B2,3,הרחבה אקדמית,3,,CEFR-J v1.5
unstoppable,adjective,B2,3,הרחבה אקדמית,3,,CEFR-J v1.5
unsuccessful,adjective,B2,3,הרחבה אקדמית,3,,CEFR-J v1.5
unsuitable,adjective,B2,3,הרחבה אקדמית,3,,CEFR-J v1.5
unsure,adjective,B2,3,הרחבה אקדמית,3,,CEFR-J v1.5
untalented,adjective,B2,3,הרחבה אקדמית,3,,CEFR-J v1.5
unthinkably,adverb,B2,3,הרחבה אקדמית,3,,CEFR-J v1.5
untidy,adjective,B1,2,ליבה מורחבת,2-3,,CEFR-J v1.5
untie,verb,B2,3,הרחבה אקדמית,3,,CEFR-J v1.5
unto,preposition,B2,3,הרחבה אקדמית,3,true,CEFR-J v1.5
untreated,adjective,B2,3,הרחבה אקדמית,3,,CEFR-J v1.5
untrimmed,adjective,B2,3,הרחבה אקדמית,3,,CEFR-J v1.5
unusual,adjective,A2,1,ליבה,1-2,,CEFR-J v1.5
unusually,adverb,B1,2,ליבה מורחבת,2-3,,CEFR-J v1.5
unusualness,noun,B2,3,הרחבה אקדמית,3,,CEFR-J v1.5
unwanted,adjective,B1,2,ליבה מורחבת,2-3,,CEFR-J v1.5
unwell,adjective,B1,2,ליבה מורחבת,2-3,,CEFR-J v1.5
unwilling,adjective,B2,3,הרחבה אקדמית,3,,CEFR-J v1.5
unwise,adjective,B2,3,הרחבה אקדמית,3,,CEFR-J v1.5
unworldly,adjective,B2,3,הרחבה אקדמית,3,,CEFR-J v1.5
upbringing,noun,B2,3,הרחבה אקדמית,3,,CEFR-J v1.5
update,verb,B1,2,ליבה מורחבת,2-3,,CEFR-J v1.5
upgrade,noun,B2,3,הרחבה אקדמית,3,,CEFR-J v1.5
uplifted,adjective,B1,2,ליבה מורחבת,2-3,,CEFR-J v1.5
upload,verb,B1,2,ליבה מורחבת,2-3,,CEFR-J v1.5
upon,preposition,A2,1,ליבה,1-2,true,CEFR-J v1.5
upper,adjective,B1,2,ליבה מורחבת,2-3,,CEFR-J v1.5
upright,adjective,B2,3,הרחבה אקדמית,3,,CEFR-J v1.5
upset,adjective,A2,1,ליבה,1-2,,CEFR-J v1.5
upside down,adjective,B2,3,הרחבה אקדמית,3,,CEFR-J v1.5
upstairs,adverb,A2,1,ליבה,1-2,,CEFR-J v1.5
up-to-date,adjective,B1,2,ליבה מורחבת,2-3,,CEFR-J v1.5
upward,adjective,B1,2,ליבה מורחבת,2-3,,CEFR-J v1.5
urban,adjective,B2,3,הרחבה אקדמית,3,,CEFR-J v1.5
urge,noun,B1,2,ליבה מורחבת,2-3,,CEFR-J v1.5
urgent,adjective,B1,2,ליבה מורחבת,2-3,,CEFR-J v1.5
urgently,adverb,B2,3,הרחבה אקדמית,3,,CEFR-J v1.5
usage,noun,B1,2,ליבה מורחבת,2-3,,CEFR-J v1.5
used,adjective,A2,1,ליבה,1-2,,CEFR-J v1.5
used to,modal auxiliary,B1,2,ליבה מורחבת,2-3,,CEFR-J v1.5
useful,adjective,A2,1,ליבה,1-2,,CEFR-J v1.5
useless,adjective,B1,2,ליבה מורחבת,2-3,,CEFR-J v1.5
user,noun,B2,3,הרחבה אקדמית,3,,CEFR-J v1.5
usher,verb,B2,3,הרחבה אקדמית,3,,CEFR-J v1.5
usual,adjective,A2,1,ליבה,1-2,,CEFR-J v1.5
utility,noun,B2,3,הרחבה אקדמית,3,,CEFR-J v1.5
utilize/utilise,verb,B2,3,הרחבה אקדמית,3,,CEFR-J v1.5
utter,verb,B2,3,הרחבה אקדמית,3,,CEFR-J v1.5
utterly,adverb,B2,3,הרחבה אקדמית,3,,CEFR-J v1.5
vacancy,noun,B1,2,ליבה מורחבת,2-3,,CEFR-J v1.5
vacant,adjective,B2,3,הרחבה אקדמית,3,,CEFR-J v1.5
vaccine,noun,B2,3,הרחבה אקדמית,3,,CEFR-J v1.5
vague,adjective,B1,2,ליבה מורחבת,2-3,,CEFR-J v1.5
vain,adjective,B1,2,ליבה מורחבת,2-3,,CEFR-J v1.5
valentine,noun,B2,3,הרחבה אקדמית,3,,CEFR-J v1.5
valid,adjective,B2,3,הרחבה אקדמית,3,,CEFR-J v1.5
valley,noun,A2,1,ליבה,1-2,,CEFR-J v1.5
valuable,adjective,B1,2,ליבה מורחבת,2-3,,CEFR-J v1.5
value,noun,A2,1,ליבה,1-2,,CEFR-J v1.5
van,noun,B1,2,ליבה מורחבת,2-3,,CEFR-J v1.5
vanish,verb,B2,3,הרחבה אקדמית,3,,CEFR-J v1.5
vanity,noun,B2,3,הרחבה אקדמית,3,,CEFR-J v1.5
variation,noun,B2,3,הרחבה אקדמית,3,,CEFR-J v1.5
varied,adjective,B2,3,הרחבה אקדמית,3,,CEFR-J v1.5
variety,noun,B1,2,ליבה מורחבת,2-3,,CEFR-J v1.5
various,adjective,B1,2,ליבה מורחבת,2-3,,CEFR-J v1.5
vary,verb,B1,2,ליבה מורחבת,2-3,,CEFR-J v1.5
vast,adjective,B1,2,ליבה מורחבת,2-3,,CEFR-J v1.5
vegetarian,adjective,B1,2,ליבה מורחבת,2-3,,CEFR-J v1.5
vehicle,noun,B1,2,ליבה מורחבת,2-3,,CEFR-J v1.5
vein,noun,B1,2,ליבה מורחבת,2-3,,CEFR-J v1.5
venture,noun,B2,3,הרחבה אקדמית,3,,CEFR-J v1.5
venue,noun,B2,3,הרחבה אקדמית,3,,CEFR-J v1.5
verb,noun,A2,1,ליבה,1-2,,CEFR-J v1.5
verbal,adjective,B2,3,הרחבה אקדמית,3,,CEFR-J v1.5
verbally,adverb,B2,3,הרחבה אקדמית,3,,CEFR-J v1.5
verse,noun,B2,3,הרחבה אקדמית,3,,CEFR-J v1.5
version,noun,B2,3,הרחבה אקדמית,3,,CEFR-J v1.5
versus,preposition,B2,3,הרחבה אקדמית,3,true,CEFR-J v1.5
vessel,noun,B1,2,ליבה מורחבת,2-3,,CEFR-J v1.5
vet,noun,B1,2,ליבה מורחבת,2-3,,CEFR-J v1.5
veteran,noun,B2,3,הרחבה אקדמית,3,,CEFR-J v1.5
via,preposition,B1,2,ליבה מורחבת,2-3,true,CEFR-J v1.5
vibrate,verb,B2,3,הרחבה אקדמית,3,,CEFR-J v1.5
vibration,noun,B2,3,הרחבה אקדמית,3,,CEFR-J v1.5
vice,adjective,B1,2,ליבה מורחבת,2-3,,CEFR-J v1.5
vice president,noun,B1,2,ליבה מורחבת,2-3,,CEFR-J v1.5
victim,noun,B1,2,ליבה מורחבת,2-3,,CEFR-J v1.5
victory,noun,B1,2,ליבה מורחבת,2-3,,CEFR-J v1.5
video clip,noun,B1,2,ליבה מורחבת,2-3,,CEFR-J v1.5
video game,noun,A2,1,ליבה,1-2,,CEFR-J v1.5
view,noun,A2,1,ליבה,1-2,,CEFR-J v1.5
viewer,noun,B2,3,הרחבה אקדמית,3,,CEFR-J v1.5
viewpoint,noun,B1,2,ליבה מורחבת,2-3,,CEFR-J v1.5
vigor/vigour,noun,B2,3,הרחבה אקדמית,3,,CEFR-J v1.5
vigorous,adjective,B2,3,הרחבה אקדמית,3,,CEFR-J v1.5
vigorously,adverb,B2,3,הרחבה אקדמית,3,,CEFR-J v1.5
villa,noun,B2,3,הרחבה אקדמית,3,,CEFR-J v1.5
village,noun,A2,1,ליבה,1-2,,CEFR-J v1.5
villager,noun,B2,3,הרחבה אקדמית,3,,CEFR-J v1.5
vinegar,noun,B2,3,הרחבה אקדמית,3,,CEFR-J v1.5
violate,verb,B2,3,הרחבה אקדמית,3,,CEFR-J v1.5
violence,noun,B1,2,ליבה מורחבת,2-3,,CEFR-J v1.5
violent,adjective,A2,1,ליבה,1-2,,CEFR-J v1.5
violently,adverb,B1,2,ליבה מורחבת,2-3,,CEFR-J v1.5
violin,noun,A2,1,ליבה,1-2,,CEFR-J v1.5
virtual,adjective,B1,2,ליבה מורחבת,2-3,,CEFR-J v1.5
virtual reality,noun,B2,3,הרחבה אקדמית,3,,CEFR-J v1.5
virtually,adverb,B2,3,הרחבה אקדמית,3,,CEFR-J v1.5
virtue,noun,B2,3,הרחבה אקדמית,3,,CEFR-J v1.5
virus,noun,B1,2,ליבה מורחבת,2-3,,CEFR-J v1.5
visa,noun,B1,2,ליבה מורחבת,2-3,,CEFR-J v1.5
visible,adjective,B1,2,ליבה מורחבת,2-3,,CEFR-J v1.5
visibly,adverb,B2,3,הרחבה אקדמית,3,,CEFR-J v1.5
vision,noun,B1,2,ליבה מורחבת,2-3,,CEFR-J v1.5
visitor,noun,A2,1,ליבה,1-2,,CEFR-J v1.5
visual,adjective,B1,2,ליבה מורחבת,2-3,,CEFR-J v1.5
visually,adverb,B1,2,ליבה מורחבת,2-3,,CEFR-J v1.5
vital,adjective,B2,3,הרחבה אקדמית,3,,CEFR-J v1.5
vitamin,noun,B2,3,הרחבה אקדמית,3,,CEFR-J v1.5
vivid,adjective,B1,2,ליבה מורחבת,2-3,,CEFR-J v1.5
vividly,adverb,B1,2,ליבה מורחבת,2-3,,CEFR-J v1.5
vocabulary,noun,A2,1,ליבה,1-2,,CEFR-J v1.5
vocalist,noun,B2,3,הרחבה אקדמית,3,,CEFR-J v1.5
voice,noun,A2,1,ליבה,1-2,,CEFR-J v1.5
volcano,noun,B1,2,ליבה מורחבת,2-3,,CEFR-J v1.5
volume,noun,B1,2,ליבה מורחבת,2-3,,CEFR-J v1.5
volunteer,verb,B1,2,ליבה מורחבת,2-3,,CEFR-J v1.5
vomit,noun,B2,3,הרחבה אקדמית,3,,CEFR-J v1.5
voter,noun,B2,3,הרחבה אקדמית,3,,CEFR-J v1.5
vow,noun,B2,3,הרחבה אקדמית,3,,CEFR-J v1.5
vowel,noun,B1,2,ליבה מורחבת,2-3,,CEFR-J v1.5
voyage,noun,B1,2,ליבה מורחבת,2-3,,CEFR-J v1.5
wage,noun,B2,3,הרחבה אקדמית,3,,CEFR-J v1.5
wagon,noun,B1,2,ליבה מורחבת,2-3,,CEFR-J v1.5
waist,noun,B2,3,הרחבה אקדמית,3,,CEFR-J v1.5
waistcoat,noun,B2,3,הרחבה אקדמית,3,,CEFR-J v1.5
walkabout,noun,B2,3,הרחבה אקדמית,3,,CEFR-J v1.5
walker,noun,B2,3,הרחבה אקדמית,3,,CEFR-J v1.5
walking,noun,A2,1,ליבה,1-2,,CEFR-J v1.5
wallboard,noun,B2,3,הרחבה אקדמית,3,,CEFR-J v1.5
wallet,noun,A2,1,ליבה,1-2,,CEFR-J v1.5
walnut,noun,B2,3,הרחבה אקדמית,3,,CEFR-J v1.5
wander,verb,A2,1,ליבה,1-2,,CEFR-J v1.5
ward,noun,B1,2,ליבה מורחבת,2-3,,CEFR-J v1.5
wardrobe,noun,B1,2,ליבה מורחבת,2-3,,CEFR-J v1.5
warmly,adverb,B1,2,ליבה מורחבת,2-3,,CEFR-J v1.5
warmth,noun,B1,2,ליבה מורחבת,2-3,,CEFR-J v1.5
warn,verb,B1,2,ליבה מורחבת,2-3,,CEFR-J v1.5
warning,noun,B1,2,ליבה מורחבת,2-3,,CEFR-J v1.5
warranty,noun,B1,2,ליבה מורחבת,2-3,,CEFR-J v1.5
warrior,noun,B1,2,ליבה מורחבת,2-3,,CEFR-J v1.5
warship,noun,B2,3,הרחבה אקדמית,3,,CEFR-J v1.5
wartime,noun,B2,3,הרחבה אקדמית,3,,CEFR-J v1.5
washbowl,noun,B1,2,ליבה מורחבת,2-3,,CEFR-J v1.5
washing machine,noun,A2,1,ליבה,1-2,,CEFR-J v1.5
washing-up,noun,A2,1,ליבה,1-2,,CEFR-J v1.5
wasp,noun,B2,3,הרחבה אקדמית,3,,CEFR-J v1.5
waste,adjective,B1,2,ליבה מורחבת,2-3,,CEFR-J v1.5
wasteful,adjective,B1,2,ליבה מורחבת,2-3,,CEFR-J v1.5
waterfall,noun,B1,2,ליבה מורחבת,2-3,,CEFR-J v1.5
waterproof,adjective,B2,3,הרחבה אקדמית,3,,CEFR-J v1.5
wave,noun,A2,1,ליבה,1-2,,CEFR-J v1.5
wax,noun,B1,2,ליבה מורחבת,2-3,,CEFR-J v1.5
weak,adjective,A2,1,ליבה,1-2,,CEFR-J v1.5
weaken,verb,B2,3,הרחבה אקדמית,3,,CEFR-J v1.5
weakly,adverb,B2,3,הרחבה אקדמית,3,,CEFR-J v1.5
weakness,noun,B1,2,ליבה מורחבת,2-3,,CEFR-J v1.5
wealth,noun,A2,1,ליבה,1-2,,CEFR-J v1.5
wealthy,adjective,B2,3,הרחבה אקדמית,3,,CEFR-J v1.5
weapon,noun,B1,2,ליבה מורחבת,2-3,,CEFR-J v1.5
wearisome,adjective,B2,3,הרחבה אקדמית,3,,CEFR-J v1.5
weary,adjective,B2,3,הרחבה אקדמית,3,,CEFR-J v1.5
weather forecast,noun,B1,2,ליבה מורחבת,2-3,,CEFR-J v1.5
weave,noun,B2,3,הרחבה אקדמית,3,,CEFR-J v1.5
web,noun,A2,1,ליבה,1-2,,CEFR-J v1.5
web page,noun,A2,1,ליבה,1-2,,CEFR-J v1.5
webcam,noun,B1,2,ליבה מורחבת,2-3,,CEFR-J v1.5
website,noun,A2,1,ליבה,1-2,,CEFR-J v1.5
wed,verb,B2,3,הרחבה אקדמית,3,,CEFR-J v1.5
wedding,noun,A2,1,ליבה,1-2,,CEFR-J v1.5
weed,noun,B2,3,הרחבה אקדמית,3,,CEFR-J v1.5
weekday,noun,A2,1,ליבה,1-2,,CEFR-J v1.5
weekly,adjective,A2,1,ליבה,1-2,,CEFR-J v1.5
weep,noun,A2,1,ליבה,1-2,,CEFR-J v1.5
weigh,verb,A2,1,ליבה,1-2,,CEFR-J v1.5
weight,noun,A2,1,ליבה,1-2,,CEFR-J v1.5
weird,adjective,B1,2,ליבה מורחבת,2-3,,CEFR-J v1.5
welfare,noun,B2,3,הרחבה אקדמית,3,,CEFR-J v1.5
well-balanced,adjective,B2,3,הרחבה אקדמית,3,,CEFR-J v1.5
well-built,adjective,B2,3,הרחבה אקדמית,3,,CEFR-J v1.5
well-dressed,adjective,B1,2,ליבה מורחבת,2-3,,CEFR-J v1.5
well-known,adjective,A2,1,ליבה,1-2,,CEFR-J v1.5
well-organized/well-organised,adjective,B2,3,הרחבה אקדמית,3,,CEFR-J v1.5
well-paid,adjective,B2,3,הרחבה אקדמית,3,,CEFR-J v1.5
west,adjective,A2,1,ליבה,1-2,,CEFR-J v1.5
western,adjective,B2,3,הרחבה אקדמית,3,,CEFR-J v1.5
westward,adverb,B1,2,ליבה מורחבת,2-3,,CEFR-J v1.5
wet,adjective,A2,1,ליבה,1-2,,CEFR-J v1.5
wetland,noun,B1,2,ליבה מורחבת,2-3,,CEFR-J v1.5
whale,noun,B1,2,ליבה מורחבת,2-3,,CEFR-J v1.5
whatever,determiner,A2,1,ליבה,1-2,,CEFR-J v1.5
wheat,noun,B2,3,הרחבה אקדמית,3,,CEFR-J v1.5
wheelchair,noun,A2,1,ליבה,1-2,,CEFR-J v1.5
whenever,adverb,B1,2,ליבה מורחבת,2-3,true,CEFR-J v1.5
whereas,conjunction,B2,3,הרחבה אקדמית,3,true,CEFR-J v1.5
wherever,conjunction,B1,2,ליבה מורחבת,2-3,true,CEFR-J v1.5
whether,conjunction,B1,2,ליבה מורחבת,2-3,true,CEFR-J v1.5
whichever,determiner,B1,2,ליבה מורחבת,2-3,,CEFR-J v1.5
while,conjunction,A2,1,ליבה,1-2,true,CEFR-J v1.5
whip,verb,B2,3,הרחבה אקדמית,3,,CEFR-J v1.5
whiskey/whisky,noun,B2,3,הרחבה אקדמית,3,,CEFR-J v1.5
whisper,noun,B1,2,ליבה מורחבת,2-3,,CEFR-J v1.5
whistle,noun,B1,2,ליבה מורחבת,2-3,,CEFR-J v1.5
whoever,pronoun,B1,2,ליבה מורחבת,2-3,,CEFR-J v1.5
whole,adjective,A2,1,ליבה,1-2,,CEFR-J v1.5
whom,pronoun,A2,1,ליבה,1-2,,CEFR-J v1.5
wide,adjective,A2,1,ליבה,1-2,,CEFR-J v1.5
widely,adverb,A2,1,ליבה,1-2,,CEFR-J v1.5
widen,verb,B2,3,הרחבה אקדמית,3,,CEFR-J v1.5
widespread,adjective,B1,2,ליבה מורחבת,2-3,,CEFR-J v1.5
widow,noun,B2,3,הרחבה אקדמית,3,,CEFR-J v1.5
width,noun,B2,3,הרחבה אקדמית,3,,CEFR-J v1.5
wild,adjective,A2,1,ליבה,1-2,,CEFR-J v1.5
wilderness,noun,B2,3,הרחבה אקדמית,3,,CEFR-J v1.5
wildlife,noun,B1,2,ליבה מורחבת,2-3,,CEFR-J v1.5
wildly,adverb,B1,2,ליבה מורחבת,2-3,,CEFR-J v1.5
willing,adjective,B2,3,הרחבה אקדמית,3,,CEFR-J v1.5
willingly,adverb,B2,3,הרחבה אקדמית,3,,CEFR-J v1.5
willingness,noun,B1,2,ליבה מורחבת,2-3,,CEFR-J v1.5
winding,adjective,B2,3,הרחבה אקדמית,3,,CEFR-J v1.5
windscreen,noun,B1,2,ליבה מורחבת,2-3,,CEFR-J v1.5
windshield,noun,B2,3,הרחבה אקדמית,3,,CEFR-J v1.5
windsurfing,noun,B1,2,ליבה מורחבת,2-3,,CEFR-J v1.5
windy,adjective,A2,1,ליבה,1-2,,CEFR-J v1.5
wine,noun,A2,1,ליבה,1-2,,CEFR-J v1.5
wing,noun,B1,2,ליבה מורחבת,2-3,,CEFR-J v1.5
wink,noun,B2,3,הרחבה אקדמית,3,,CEFR-J v1.5
winner,noun,A2,1,ליבה,1-2,,CEFR-J v1.5
wipe,verb,B2,3,הרחבה אקדמית,3,,CEFR-J v1.5
wire,noun,B1,2,ליבה מורחבת,2-3,,CEFR-J v1.5
wisdom,noun,A2,1,ליבה,1-2,,CEFR-J v1.5
wise,adjective,A2,1,ליבה,1-2,,CEFR-J v1.5
wit,noun,B2,3,הרחבה אקדמית,3,,CEFR-J v1.5
withdraw,verb,B2,3,הרחבה אקדמית,3,,CEFR-J v1.5
withdrawal,noun,B2,3,הרחבה אקדמית,3,,CEFR-J v1.5
wither,verb,B1,2,ליבה מורחבת,2-3,,CEFR-J v1.5
within,preposition,A2,1,ליבה,1-2,true,CEFR-J v1.5
without,preposition,A2,1,ליבה,1-2,true,CEFR-J v1.5
witness,verb,B1,2,ליבה מורחבת,2-3,,CEFR-J v1.5
witty,adjective,B2,3,הרחבה אקדמית,3,,CEFR-J v1.5
wizard,adjective,B1,2,ליבה מורחבת,2-3,,CEFR-J v1.5
wolf,noun,B2,3,הרחבה אקדמית,3,,CEFR-J v1.5
wonder,verb,A2,1,ליבה,1-2,,CEFR-J v1.5
wondrous,adjective,B2,3,הרחבה אקדמית,3,,CEFR-J v1.5
wood,noun,A2,1,ליבה,1-2,,CEFR-J v1.5
woodcarving,noun,B2,3,הרחבה אקדמית,3,,CEFR-J v1.5
wooden,adjective,A2,1,ליבה,1-2,,CEFR-J v1.5
wool,noun,A2,1,ליבה,1-2,,CEFR-J v1.5
wordlessly,adverb,B2,3,הרחבה אקדמית,3,,CEFR-J v1.5
workaholic,adjective,B2,3,הרחבה אקדמית,3,,CEFR-J v1.5
workbench,noun,B2,3,הרחבה אקדמית,3,,CEFR-J v1.5
working,adjective,B1,2,ליבה מורחבת,2-3,,CEFR-J v1.5
workman,noun,B2,3,הרחבה אקדמית,3,,CEFR-J v1.5
workout,noun,B1,2,ליבה מורחבת,2-3,,CEFR-J v1.5
workplace,noun,B1,2,ליבה מורחבת,2-3,,CEFR-J v1.5
workshop,noun,B1,2,ליבה מורחבת,2-3,,CEFR-J v1.5
worktable,noun,B2,3,הרחבה אקדמית,3,,CEFR-J v1.5
worldly,adjective,B2,3,הרחבה אקדמית,3,,CEFR-J v1.5
worldview,noun,B2,3,הרחבה אקדמית,3,,CEFR-J v1.5
worldwide,adverb,A2,1,ליבה,1-2,,CEFR-J v1.5
worm,noun,B2,3,הרחבה אקדמית,3,,CEFR-J v1.5
worn,adjective,B1,2,ליבה מורחבת,2-3,,CEFR-J v1.5
wornout/worn out/worn-out,adjective,B2,3,הרחבה אקדמית,3,,CEFR-J v1.5
worried,adjective,A2,1,ליבה,1-2,,CEFR-J v1.5
worrying,adjective,B2,3,הרחבה אקדמית,3,,CEFR-J v1.5
worse,adjective,A2,1,ליבה,1-2,,CEFR-J v1.5
worsen,verb,B2,3,הרחבה אקדמית,3,,CEFR-J v1.5
worship,noun,B2,3,הרחבה אקדמית,3,,CEFR-J v1.5
worst,adjective,A2,1,ליבה,1-2,,CEFR-J v1.5
worth,adjective,B1,2,ליבה מורחבת,2-3,,CEFR-J v1.5
worthless,adjective,B2,3,הרחבה אקדמית,3,,CEFR-J v1.5
worthwhile,adjective,B1,2,ליבה מורחבת,2-3,,CEFR-J v1.5
worthy,adjective,B1,2,ליבה מורחבת,2-3,,CEFR-J v1.5
wound,noun,B1,2,ליבה מורחבת,2-3,,CEFR-J v1.5
wrap,noun,B1,2,ליבה מורחבת,2-3,,CEFR-J v1.5
wrapping,noun,B1,2,ליבה מורחבת,2-3,,CEFR-J v1.5
wreck,noun,B2,3,הרחבה אקדמית,3,,CEFR-J v1.5
wrist,noun,B1,2,ליבה מורחבת,2-3,,CEFR-J v1.5
wristwatch,noun,B1,2,ליבה מורחבת,2-3,,CEFR-J v1.5
writing,noun,A2,1,ליבה,1-2,,CEFR-J v1.5
written,adjective,B1,2,ליבה מורחבת,2-3,,CEFR-J v1.5
wrongly,adverb,B2,3,הרחבה אקדמית,3,,CEFR-J v1.5
X-ray,noun,B2,3,הרחבה אקדמית,3,,CEFR-J v1.5
yacht,noun,B2,3,הרחבה אקדמית,3,,CEFR-J v1.5
yawn,noun,B2,3,הרחבה אקדמית,3,,CEFR-J v1.5
yeah,adverb,A2,1,ליבה,1-2,,CEFR-J v1.5
yearn,verb,B2,3,הרחבה אקדמית,3,,CEFR-J v1.5
yell,noun,B1,2,ליבה מורחבת,2-3,,CEFR-J v1.5
yield,verb,B2,3,הרחבה אקדמית,3,,CEFR-J v1.5
yoga,noun,B1,2,ליבה מורחבת,2-3,,CEFR-J v1.5
youth,noun,A2,1,ליבה,1-2,,CEFR-J v1.5
youthful,adjective,B2,3,הרחבה אקדמית,3,,CEFR-J v1.5
yummy,adjective,B2,3,הרחבה אקדמית,3,,CEFR-J v1.5
zebra,noun,B2,3,הרחבה אקדמית,3,,CEFR-J v1.5
zip,noun,B2,3,הרחבה אקדמית,3,,CEFR-J v1.5
zone,noun,A2,1,ליבה,1-2,,CEFR-J v1.5
zoom,noun,B2,3,הרחבה אקדמית,3,,CEFR-J v1.5
exterior,noun,C1,4,רמת פטור,4,,Octanove v1.0
cloak,noun,C1,4,רמת פטור,4,,Octanove v1.0
timid,adjective,C1,4,רמת פטור,4,,Octanove v1.0
reluctantly,adverb,C1,4,רמת פטור,4,,Octanove v1.0
concur,verb,C1,4,רמת פטור,4,,Octanove v1.0
avid,adjective,C1,4,רמת פטור,4,,Octanove v1.0
marvel,verb,C1,4,רמת פטור,4,,Octanove v1.0
enviable,adverb,C1,4,רמת פטור,4,,Octanove v1.0
organizational,adjective,C1,4,רמת פטור,4,,Octanove v1.0
psychiatrist,noun,C1,4,רמת פטור,4,,Octanove v1.0
psychiatric,adjective,C1,4,רמת פטור,4,,Octanove v1.0
clinical,adjective,C1,4,רמת פטור,4,,Octanove v1.0
corps,noun,C1,4,רמת פטור,4,,Octanove v1.0
forensic,adjective,C1,4,רמת פטור,4,,Octanove v1.0
juvenile,noun,C1,4,רמת פטור,4,,Octanove v1.0
jurisdiction,noun,C1,4,רמת פטור,4,,Octanove v1.0
accustomed,adjective,C1,4,רמת פטור,4,,Octanove v1.0
trauma,noun,C1,4,רמת פטור,4,,Octanove v1.0
traumatic,adjective,C1,4,רמת פטור,4,,Octanove v1.0
constraint,noun,C1,4,רמת פטור,4,,Octanove v1.0
revealing,adjective,C1,4,רמת פטור,4,,Octanove v1.0
eccentric,adjective,C1,4,רמת פטור,4,,Octanove v1.0
sanctity,noun,C1,4,רמת פטור,4,,Octanove v1.0
conform,verb,C1,4,רמת פטור,4,,Octanove v1.0
norms,noun,C1,4,רמת פטור,4,,Octanove v1.0
quirk,noun,C1,4,רמת פטור,4,,Octanove v1.0
oddity,noun,C1,4,רמת פטור,4,,Octanove v1.0
compel,verb,C1,4,רמת פטור,4,,Octanove v1.0
compulsion,noun,C1,4,רמת פטור,4,,Octanove v1.0
assertion,noun,C1,4,רמת פטור,4,,Octanove v1.0
individuality,noun,C1,4,רמת פטור,4,,Octanove v1.0
psyche,noun,C1,4,רמת פטור,4,,Octanove v1.0
conformity,noun,C1,4,רמת פטור,4,,Octanove v1.0
unconventional,adjective,C1,4,רמת פטור,4,,Octanove v1.0
congregate,verb,C1,4,רמת פטור,4,,Octanove v1.0
resent,verb,C1,4,רמת פטור,4,,Octanove v1.0
self-conscious,adjective,C1,4,רמת פטור,4,,Octanove v1.0
wary,adjective,C1,4,רמת פטור,4,,Octanove v1.0
stoke,verb,C1,4,רמת פטור,4,,Octanove v1.0
dynamically,adverb,C1,4,רמת פטור,4,,Octanove v1.0
hostess,noun,C1,4,רמת פטור,4,,Octanove v1.0
perpetuate,verb,C1,4,רמת פטור,4,,Octanove v1.0
naturalness,noun,C1,4,רמת פטור,4,,Octanove v1.0
exhibitionist,noun,C1,4,רמת פטור,4,,Octanove v1.0
isolate,verb,C1,4,רמת פטור,4,,Octanove v1.0
isolated,adjective,C1,4,רמת פטור,4,,Octanove v1.0
refreshingly,adverb,C1,4,רמת פטור,4,,Octanove v1.0
effortless,adjective,C1,4,רמת פטור,4,,Octanove v1.0
vegetation,noun,C1,4,רמת פטור,4,,Octanove v1.0
respite,noun,C1,4,רמת פטור,4,,Octanove v1.0
suffice,verb,C1,4,רמת פטור,4,,Octanove v1.0
purity,noun,C1,4,רמת פטור,4,,Octanove v1.0
gruelling,adjective,C1,4,רמת פטור,4,,Octanove v1.0
comprise,verb,C1,4,רמת פטור,4,,Octanove v1.0
plaster,noun,C1,4,רמת פטור,4,,Octanove v1.0
darkroom,noun,C1,4,רמת פטור,4,,Octanove v1.0
induct,verb,C1,4,רמת פטור,4,,Octanove v1.0
induction,noun,C1,4,רמת פטור,4,,Octanove v1.0
fossil,noun,C1,4,רמת פטור,4,,Octanove v1.0
geological,adjective,C1,4,רמת פטור,4,,Octanove v1.0
geologically,adverb,C1,4,רמת פטור,4,,Octanove v1.0
specimen,noun,C1,4,רמת פטור,4,,Octanove v1.0
enormously,adverb,C1,4,רמת פטור,4,,Octanove v1.0
gem,noun,C1,4,רמת פטור,4,,Octanove v1.0
explanatory,adjective,C1,4,רמת פטור,4,,Octanove v1.0
vertical,adjective,C1,4,רמת פטור,4,,Octanove v1.0
knowledgeable,adjective,C1,4,רמת פטור,4,,Octanove v1.0
ordinarily,adverb,C1,4,רמת פטור,4,,Octanove v1.0
formulate,verb,C1,4,רמת פטור,4,,Octanove v1.0
resin,noun,C1,4,רמת פטור,4,,Octanove v1.0
sacrifice,noun,C1,4,רמת פטור,4,,Octanove v1.0
cleanly,adverb,C1,4,רמת פטור,4,,Octanove v1.0
endorsement,noun,C1,4,רמת פטור,4,,Octanove v1.0
stretching,noun,C1,4,רמת פטור,4,,Octanove v1.0
continuity,noun,C1,4,רמת פטור,4,,Octanove v1.0
shambles,noun,C1,4,רמת פטור,4,,Octanove v1.0
claustrophobic,adjective,C1,4,רמת פטור,4,,Octanove v1.0
claustrophobia,noun,C1,4,רמת פטור,4,,Octanove v1.0
headstrong,adjective,C1,4,רמת פטור,4,,Octanove v1.0
tact,noun,C1,4,רמת פטור,4,,Octanove v1.0
tactful,adjective,C1,4,רמת פטור,4,,Octanove v1.0
tactfully,adverb,C1,4,רמת פטור,4,,Octanove v1.0
blister,noun,C1,4,רמת פטור,4,,Octanove v1.0
sponsorship,noun,C1,4,רמת פטור,4,,Octanove v1.0
ego,noun,C1,4,רמת פטור,4,,Octanove v1.0
saloon,noun,C1,4,רמת פטור,4,,Octanove v1.0
beforehand,adverb,C1,4,רמת פטור,4,,Octanove v1.0
slob,noun,C1,4,רמת פטור,4,,Octanove v1.0
coverage,noun,C1,4,רמת פטור,4,,Octanove v1.0
unplug,verb,C1,4,רמת פטור,4,,Octanove v1.0
gadget,noun,C1,4,רמת פטור,4,,Octanove v1.0
rediscover,verb,C1,4,רמת פטור,4,,Octanove v1.0
subtly,adverb,C1,4,רמת פטור,4,,Octanove v1.0
brainwash,verb,C1,4,רמת פטור,4,,Octanove v1.0
brainwashing,noun,C1,4,רמת פטור,4,,Octanove v1.0
implicate,verb,C1,4,רמת פטור,4,,Octanove v1.0
malfunction,verb,C1,4,רמת פטור,4,,Octanove v1.0
wayside,noun,C1,4,רמת פטור,4,,Octanove v1.0
expire,verb,C1,4,רמת פטור,4,,Octanove v1.0
con,verb,C1,4,רמת פטור,4,,Octanove v1.0
damply,adverb,C1,4,רמת פטור,4,,Octanove v1.0
ghostly,adjective,C1,4,רמת פטור,4,,Octanove v1.0
carrier,noun,C1,4,רמת פטור,4,,Octanove v1.0
washtub,noun,C1,4,רמת פטור,4,,Octanove v1.0
apt,adjective,C1,4,רמת פטור,4,,Octanove v1.0
apt to,verb,C1,4,רמת פטור,4,,Octanove v1.0
portable,adjective,C1,4,רמת פטור,4,,Octanove v1.0
ornamental,adjective,C1,4,רמת פטור,4,,Octanove v1.0
placid,adjective,C1,4,רמת פטור,4,,Octanove v1.0
placidly,adverb,C1,4,רמת פטור,4,,Octanove v1.0
unmanageable,adjective,C1,4,רמת פטור,4,,Octanove v1.0
appliance,noun,C1,4,רמת פטור,4,,Octanove v1.0
relinquish,verb,C1,4,רמת פטור,4,,Octanove v1.0
tedious,adjective,C1,4,רמת פטור,4,,Octanove v1.0
tedium,noun,C1,4,רמת פטור,4,,Octanove v1.0
exert,verb,C1,4,רמת פטור,4,,Octanove v1.0
extortion,noun,C1,4,רמת פטור,4,,Octanove v1.0
alleviate,verb,C1,4,רמת פטור,4,,Octanove v1.0
elaborate,adjective,C1,4,רמת פטור,4,,Octanove v1.0
elaboration,noun,C1,4,רמת פטור,4,,Octanove v1.0
detest,verb,C1,4,רמת פטור,4,,Octanove v1.0
detestable,adjective,C1,4,רמת פטור,4,,Octanove v1.0
suds,noun,C1,4,רמת פטור,4,,Octanove v1.0
agreeable,adjective,C1,4,רמת פטור,4,,Octanove v1.0
prowl,verb,C1,4,רמת פטור,4,,Octanove v1.0
speculate,verb,C1,4,רמת פטור,4,,Octanove v1.0
speculation,noun,C1,4,רמת פטור,4,,Octanove v1.0
speculative,adjective,C1,4,רמת פטור,4,,Octanove v1.0
peacock,noun,C1,4,רמת פטור,4,,Octanove v1.0
disdain,noun,C1,4,רמת פטור,4,,Octanove v1.0
reenact,verb,C1,4,רמת פטור,4,,Octanove v1.0
torment,verb,C1,4,רמת פטור,4,,Octanove v1.0
extravagance,noun,C1,4,רמת פטור,4,,Octanove v1.0
exploitation,noun,C1,4,רמת פטור,4,,Octanove v1.0
mechanism,noun,C1,4,רמת פטור,4,,Octanove v1.0
hence,adverb,C1,4,רמת פטור,4,,Octanove v1.0
offspring,noun,C1,4,רמת פטור,4,,Octanove v1.0
oblige,verb,C1,4,רמת פטור,4,,Octanove v1.0
collaborate,verb,C1,4,רמת פטור,4,,Octanove v1.0
collaborator,noun,C1,4,רמת פטור,4,,Octanove v1.0
collaboration,noun,C1,4,רמת פטור,4,,Octanove v1.0
collaborative,adjective,C1,4,רמת פטור,4,,Octanove v1.0
showy,adjective,C1,4,רמת פטור,4,,Octanove v1.0
wrangle,verb,C1,4,רמת פטור,4,,Octanove v1.0
premise,noun,C1,4,רמת פטור,4,,Octanove v1.0
advantageous,adjective,C1,4,רמת פטור,4,,Octanove v1.0
parasite,noun,C1,4,רמת פטור,4,,Octanove v1.0
fanciful,adjective,C1,4,רמת פטור,4,,Octanove v1.0
poise,noun,C1,4,רמת פטור,4,,Octanove v1.0
customary,adjective,C1,4,רמת פטור,4,,Octanove v1.0
insightful,adjective,C1,4,רמת פטור,4,,Octanove v1.0
notable,adjective,C1,4,רמת פטור,4,,Octanove v1.0
vicious,adjective,C1,4,רמת פטור,4,,Octanove v1.0
viciously,adverb,C1,4,רמת פטור,4,,Octanove v1.0
withdrawn,adjective,C1,4,רמת פטור,4,,Octanove v1.0
torturous,adjective,C1,4,רמת פטור,4,,Octanove v1.0
depict,verb,C1,4,רמת פטור,4,,Octanove v1.0
depiction,noun,C1,4,רמת פטור,4,,Octanove v1.0
upheaval,noun,C1,4,רמת פטור,4,,Octanove v1.0
shortlist,verb,C1,4,רמת פטור,4,,Octanove v1.0
uneventful,adjective,C1,4,רמת פטור,4,,Octanove v1.0
pertinent,adjective,C1,4,רמת פטור,4,,Octanove v1.0
pertain to,verb,C1,4,רמת פטור,4,,Octanove v1.0
daydream,noun,C1,4,רמת פטור,4,,Octanove v1.0
protagonist,noun,C1,4,רמת פטור,4,,Octanove v1.0
simplicity,noun,C1,4,רמת פטור,4,,Octanove v1.0
blockbuster,noun,C1,4,רמת פטור,4,,Octanove v1.0
resonate,verb,C1,4,רמת פטור,4,,Octanove v1.0
sequel,noun,C1,4,רמת פטור,4,,Octanove v1.0
irony,noun,C1,4,רמת פטור,4,,Octanove v1.0
acidic,adjective,C1,4,רמת פטור,4,,Octanove v1.0
align,verb,C1,4,רמת פטור,4,,Octanove v1.0
alignment,noun,C1,4,רמת פטור,4,,Octanove v1.0
manipulation,noun,C1,4,רמת פטור,4,,Octanove v1.0
suitor,noun,C1,4,רמת פטור,4,,Octanove v1.0
deceit,noun,C1,4,רמת פטור,4,,Octanove v1.0
alienate,verb,C1,4,רמת פטור,4,,Octanove v1.0
persuasively,adverb,C1,4,רמת פטור,4,,Octanove v1.0
confinement,noun,C1,4,רמת פטור,4,,Octanove v1.0
minutiae,noun,C1,4,רמת פטור,4,,Octanove v1.0
peasant,noun,C1,4,רמת פטור,4,,Octanove v1.0
inexplicable,adjective,C1,4,רמת פטור,4,,Octanove v1.0
inexplicably,adverb,C1,4,רמת פטור,4,,Octanove v1.0
pigeon,noun,C1,4,רמת פטור,4,,Octanove v1.0
harass,verb,C1,4,רמת פטור,4,,Octanove v1.0
harassment,noun,C1,4,רמת פטור,4,,Octanove v1.0
believably,adverb,C1,4,רמת פטור,4,,Octanove v1.0
readable,adjective,C1,4,רמת פטור,4,,Octanove v1.0
cleverness,noun,C1,4,רמת פטור,4,,Octanove v1.0
persecute,verb,C1,4,רמת פטור,4,,Octanove v1.0
persecution,noun,C1,4,רמת פטור,4,,Octanove v1.0
smug,adjective,C1,4,רמת פטור,4,,Octanove v1.0
smugly,adverb,C1,4,רמת פטור,4,,Octanove v1.0
ferocious,adjective,C1,4,רמת פטור,4,,Octanove v1.0
ferociously,adverb,C1,4,רמת פטור,4,,Octanove v1.0
hostile,adjective,C1,4,רמת פטור,4,,Octanove v1.0
hostility,noun,C1,4,רמת פטור,4,,Octanove v1.0
dismay,verb,C1,4,רמת פטור,4,,Octanove v1.0
methodical,adjective,C1,4,רמת פטור,4,,Octanove v1.0
ruthless,adjective,C1,4,רמת פטור,4,,Octanove v1.0
ruthlessness,noun,C1,4,רמת פטור,4,,Octanove v1.0
clan,noun,C1,4,רמת פטור,4,,Octanove v1.0
privileged,adjective,C1,4,רמת פטור,4,,Octanove v1.0
crumble,verb,C1,4,רמת פטור,4,,Octanove v1.0
crumb,noun,C1,4,רמת פטור,4,,Octanove v1.0
closeness,noun,C1,4,רמת פטור,4,,Octanove v1.0
rarity,noun,C1,4,רמת פטור,4,,Octanove v1.0
evoke,verb,C1,4,רמת פטור,4,,Octanove v1.0
repel,verb,C1,4,רמת פטור,4,,Octanove v1.0
repellant,noun,C1,4,רמת פטור,4,,Octanove v1.0
aqua,adjective,C1,4,רמת פטור,4,,Octanove v1.0
aquarium,noun,C1,4,רמת פטור,4,,Octanove v1.0
insightfully,adverb,C1,4,רמת פטור,4,,Octanove v1.0
flashback,noun,C1,4,רמת פטור,4,,Octanove v1.0
self-worth,noun,C1,4,רמת פטור,4,,Octanove v1.0
agonize,verb,C1,4,רמת פטור,4,,Octanove v1.0
cite,verb,C1,4,רמת פטור,4,,Octanove v1.0
citation,noun,C1,4,רמת פטור,4,,Octanove v1.0
ecstatically,adverb,C1,4,רמת פטור,4,,Octanove v1.0
pleasurable,adjective,C1,4,רמת פטור,4,,Octanove v1.0
substantially,adverb,C1,4,רמת פטור,4,,Octanove v1.0
favorably/favourably,adverb,C1,4,רמת פטור,4,,Octanove v1.0
diversity,noun,C1,4,רמת פטור,4,,Octanove v1.0
elitist,noun,C1,4,רמת פטור,4,,Octanove v1.0
grumble,verb,C1,4,רמת פטור,4,,Octanove v1.0
rumble,verb,C1,4,רמת פטור,4,,Octanove v1.0
neglectful,adjective,C1,4,רמת פטור,4,,Octanove v1.0
roundup,noun,C1,4,רמת פטור,4,,Octanove v1.0
conscientious,adjective,C1,4,רמת פטור,4,,Octanove v1.0
conscientiously,adverb,C1,4,רמת פטור,4,,Octanove v1.0
indefinite,adjective,C1,4,רמת פטור,4,,Octanove v1.0
indefinitely,adverb,C1,4,רמת פטור,4,,Octanove v1.0
atmospheric,adjective,C1,4,רמת פטור,4,,Octanove v1.0
fuse,verb,C1,4,רמת פטור,4,,Octanove v1.0
fusion,noun,C1,4,רמת פטור,4,,Octanove v1.0
robust,adjective,C1,4,רמת פטור,4,,Octanove v1.0
robustly,adverb,C1,4,רמת פטור,4,,Octanove v1.0
dismal,adjective,C1,4,רמת פטור,4,,Octanove v1.0
dismally,adverb,C1,4,רמת פטור,4,,Octanove v1.0
crave,verb,C1,4,רמת פטור,4,,Octanove v1.0
craving,noun,C1,4,רמת פטור,4,,Octanove v1.0
prospective,adjective,C1,4,רמת פטור,4,,Octanove v1.0
swap,verb,C1,4,רמת פטור,4,,Octanove v1.0
remotely,adverb,C1,4,רמת פטור,4,,Octanove v1.0
violet,adjective,C1,4,רמת פטור,4,,Octanove v1.0
bubbly,adjective,C1,4,רמת פטור,4,,Octanove v1.0
chaotically,adverb,C1,4,רמת פטור,4,,Octanove v1.0
apprehensive,adjective,C1,4,רמת פטור,4,,Octanove v1.0
settee,noun,C1,4,רמת פטור,4,,Octanove v1.0
trampoline,noun,C1,4,רמת פטור,4,,Octanove v1.0
stamina,noun,C1,4,רמת פטור,4,,Octanove v1.0
ploy,noun,C1,4,רמת פטור,4,,Octanove v1.0
dither,verb,C1,4,רמת פטור,4,,Octanove v1.0
overalls,noun,C1,4,רמת פטור,4,,Octanove v1.0
unison,noun,C1,4,רמת פטור,4,,Octanove v1.0
snail,noun,C1,4,רמת פטור,4,,Octanove v1.0
bliss,noun,C1,4,רמת פטור,4,,Octanove v1.0
inexhaustible,adjective,C1,4,רמת פטור,4,,Octanove v1.0
acre,noun,C1,4,רמת פטור,4,,Octanove v1.0
heifer,noun,C1,4,רמת פטור,4,,Octanove v1.0
ewe,noun,C1,4,רמת פטור,4,,Octanove v1.0
adversary,noun,C1,4,רמת פטור,4,,Octanove v1.0
victorious,adjective,C1,4,רמת פטור,4,,Octanove v1.0
victoriously,adverb,C1,4,רמת פטור,4,,Octanove v1.0
profound,adjective,C1,4,רמת פטור,4,,Octanove v1.0
profoundly,adverb,C1,4,רמת פטור,4,,Octanove v1.0
baldly,adverb,C1,4,רמת פטור,4,,Octanove v1.0
bearded,adjective,C1,4,רמת פטור,4,,Octanove v1.0
professionalism,noun,C1,4,רמת פטור,4,,Octanove v1.0
artistically,adverb,C1,4,רמת פטור,4,,Octanove v1.0
popularization,noun,C1,4,רמת פטור,4,,Octanove v1.0
pendulum,noun,C1,4,רמת פטור,4,,Octanove v1.0
predecessor,noun,C1,4,רמת פטור,4,,Octanove v1.0
lapse,noun,C1,4,רמת פטור,4,,Octanove v1.0
ceaseless,adjective,C1,4,רמת פטור,4,,Octanove v1.0
ceaselessly,adverb,C1,4,רמת פטור,4,,Octanove v1.0
climax,noun,C1,4,רמת פטור,4,,Octanove v1.0
climactic,adjective,C1,4,רמת פטור,4,,Octanove v1.0
anticlimactic,adjective,C1,4,רמת פטור,4,,Octanove v1.0
forfeit,verb,C1,4,רמת פטור,4,,Octanove v1.0
twitch,verb,C1,4,רמת פטור,4,,Octanove v1.0
intellect,noun,C1,4,רמת פטור,4,,Octanove v1.0
descent,noun,C1,4,רמת פטור,4,,Octanove v1.0
exodus,noun,C1,4,רמת פטור,4,,Octanove v1.0
immortalize,verb,C1,4,רמת פטור,4,,Octanove v1.0
genome,noun,C1,4,רמת פטור,4,,Octanove v1.0
fraction,noun,C1,4,רמת פטור,4,,Octanove v1.0
faction,noun,C1,4,רמת פטור,4,,Octanove v1.0
physique,noun,C1,4,רמת פטור,4,,Octanove v1.0
utensil,noun,C1,4,רמת פטור,4,,Octanove v1.0
otter,noun,C1,4,רמת פטור,4,,Octanove v1.0
clammy,adjective,C1,4,רמת פטור,4,,Octanove v1.0
dispense,verb,C1,4,רמת פטור,4,,Octanove v1.0
dispensary,noun,C1,4,רמת פטור,4,,Octanove v1.0
diverge,verb,C1,4,רמת פטור,4,,Octanove v1.0
divergence,noun,C1,4,רמת פטור,4,,Octanove v1.0
divergent,adjective,C1,4,רמת פטור,4,,Octanove v1.0
superficial,adjective,C1,4,רמת פטור,4,,Octanove v1.0
superficially,adverb,C1,4,רמת פטור,4,,Octanove v1.0
aesthetic,adjective,C1,4,רמת פטור,4,,Octanove v1.0
aesthetically,adverb,C1,4,רמת פטור,4,,Octanove v1.0
scrutinize/scrutinise,verb,C1,4,רמת פטור,4,,Octanove v1.0
scrutiny,noun,C1,4,רמת פטור,4,,Octanove v1.0
quip,noun,C1,4,רמת פטור,4,,Octanove v1.0
woo,verb,C1,4,רמת פטור,4,,Octanove v1.0
criteria,noun,C1,4,רמת פטור,4,,Octanove v1.0
plausible,adjective,C1,4,רמת פטור,4,,Octanove v1.0
plausibility,noun,C1,4,רמת פטור,4,,Octanove v1.0
plausibly,adverb,C1,4,רמת פטור,4,,Octanove v1.0
instinctive,adjective,C1,4,רמת פטור,4,,Octanove v1.0
instinctively,adverb,C1,4,רמת פטור,4,,Octanove v1.0
stylistic,adjective,C1,4,רמת פטור,4,,Octanove v1.0
stylistically,adverb,C1,4,רמת פטור,4,,Octanove v1.0
inheritance,noun,C1,4,רמת פטור,4,,Octanove v1.0
inherent,adjective,C1,4,רמת פטור,4,,Octanove v1.0
inherently,adverb,C1,4,רמת פטור,4,,Octanove v1.0
spontaneous,adjective,C1,4,רמת פטור,4,,Octanove v1.0
spontaneously,adverb,C1,4,רמת פטור,4,,Octanove v1.0
honk,verb,C1,4,רמת פטור,4,,Octanove v1.0
goose,noun,C1,4,רמת פטור,4,,Octanove v1.0
innovate,verb,C1,4,רמת פטור,4,,Octanove v1.0
connoisseur,noun,C1,4,רמת פטור,4,,Octanove v1.0
abstraction,noun,C1,4,רמת פטור,4,,Octanove v1.0
tantrum,noun,C1,4,רמת פטור,4,,Octanove v1.0
discard,verb,C1,4,רמת פטור,4,,Octanove v1.0
fatality,noun,C1,4,רמת פטור,4,,Octanove v1.0
stiffen,verb,C1,4,רמת פטור,4,,Octanove v1.0
wooded,adjective,C1,4,רמת פטור,4,,Octanove v1.0
flatter,verb,C1,4,רמת פטור,4,,Octanove v1.0
flattery,noun,C1,4,רמת פטור,4,,Octanove v1.0
aimless,adjective,C1,4,רמת פטור,4,,Octanove v1.0
aimlessly,adverb,C1,4,רמת פטור,4,,Octanove v1.0
meaningless,adjective,C1,4,רמת פטור,4,,Octanove v1.0
meaninglessly,adverb,C1,4,רמת פטור,4,,Octanove v1.0
candid,adjective,C1,4,רמת פטור,4,,Octanove v1.0
candidly,adverb,C1,4,רמת פטור,4,,Octanove v1.0
vitality,noun,C1,4,רמת פטור,4,,Octanove v1.0
provoke,verb,C1,4,רמת פטור,4,,Octanove v1.0
provocative,adjective,C1,4,רמת פטור,4,,Octanove v1.0
provocatively,adverb,C1,4,רמת פטור,4,,Octanove v1.0
clench,verb,C1,4,רמת פטור,4,,Octanove v1.0
haggle,verb,C1,4,רמת פטור,4,,Octanove v1.0
scorn,noun,C1,4,רמת פטור,4,,Octanove v1.0
scornful,adjective,C1,4,רמת פטור,4,,Octanove v1.0
scornfully,adverb,C1,4,רמת פטור,4,,Octanove v1.0
animatedly,adverb,C1,4,רמת פטור,4,,Octanove v1.0
obscure,verb,C1,4,רמת פטור,4,,Octanove v1.0
obscurely,adverb,C1,4,רמת פטור,4,,Octanove v1.0
elevate,verb,C1,4,רמת פטור,4,,Octanove v1.0
elevation,noun,C1,4,רמת פטור,4,,Octanove v1.0
tediously,adverb,C1,4,רמת פטור,4,,Octanove v1.0
succession,noun,C1,4,רמת פטור,4,,Octanove v1.0
formality,noun,C1,4,רמת פטור,4,,Octanove v1.0
mountaineer,noun,C1,4,רמת פטור,4,,Octanove v1.0
pioneer,verb,C1,4,רמת פטור,4,,Octanove v1.0
quest,noun,C1,4,רמת פטור,4,,Octanove v1.0
transatlantic,adjective,C1,4,רמת פטור,4,,Octanove v1.0
rudiments,noun,C1,4,רמת פטור,4,,Octanove v1.0
rudimentary,adjective,C1,4,רמת פטור,4,,Octanove v1.0
immense,adjective,C1,4,רמת פטור,4,,Octanove v1.0
immensely,adverb,C1,4,רמת פטור,4,,Octanove v1.0
advisory,adjective,C1,4,רמת פטור,4,,Octanove v1.0
trying,adjective,C1,4,רמת פטור,4,,Octanove v1.0
adrenaline,noun,C1,4,רמת פטור,4,,Octanove v1.0
tinker,verb,C1,4,רמת פטור,4,,Octanove v1.0
lavatory,noun,C1,4,רמת פטור,4,,Octanove v1.0
pinnacle,noun,C1,4,רמת פטור,4,,Octanove v1.0
insecure,adjective,C1,4,רמת פטור,4,,Octanove v1.0
insecurely,adverb,C1,4,רמת פטור,4,,Octanove v1.0
reassure,verb,C1,4,רמת פטור,4,,Octanove v1.0
reassurance,noun,C1,4,רמת פטור,4,,Octanove v1.0
insensitive,adjective,C1,4,רמת פטור,4,,Octanove v1.0
insensitively,adverb,C1,4,רמת פטור,4,,Octanove v1.0
profess,verb,C1,4,רמת פטור,4,,Octanove v1.0
drawback,noun,C1,4,רמת פטור,4,,Octanove v1.0
oversee,verb,C1,4,רמת פטור,4,,Octanove v1.0
overseer,noun,C1,4,רמת פטור,4,,Octanove v1.0
estimation,noun,C1,4,רמת פטור,4,,Octanove v1.0
liaison,noun,C1,4,רמת פטור,4,,Octanove v1.0
stressfully,adverb,C1,4,רמת פטור,4,,Octanove v1.0
loom,verb,C1,4,רמת פטור,4,,Octanove v1.0
notwithstanding,preposition,C1,4,רמת פטור,4,true,Octanove v1.0
structurally,adverb,C1,4,רמת פטור,4,,Octanove v1.0
structural,adjective,C1,4,רמת פטור,4,,Octanove v1.0
chauffer,noun,C1,4,רמת פטור,4,,Octanove v1.0
sedentary,adjective,C1,4,רמת פטור,4,,Octanove v1.0
rapport,noun,C1,4,רמת פטור,4,,Octanove v1.0
consultation,noun,C1,4,רמת פטור,4,,Octanove v1.0
consultancy,noun,C1,4,רמת פטור,4,,Octanove v1.0
retention,noun,C1,4,רמת פטור,4,,Octanove v1.0
quarry,noun,C1,4,רמת פטור,4,,Octanove v1.0
specification,noun,C1,4,רמת פטור,4,,Octanove v1.0
contractor,noun,C1,4,רמת פטור,4,,Octanove v1.0
possessor,noun,C1,4,רמת פטור,4,,Octanove v1.0
chill,verb,C1,4,רמת פטור,4,,Octanove v1.0
chilly,adjective,C1,4,רמת פטור,4,,Octanove v1.0
frosty,adjective,C1,4,רמת פטור,4,,Octanove v1.0
frostily,adverb,C1,4,רמת פטור,4,,Octanove v1.0
unmanned,adjective,C1,4,רמת פטור,4,,Octanove v1.0
impersonal,adjective,C1,4,רמת פטור,4,,Octanove v1.0
impersonally,adverb,C1,4,רמת פטור,4,,Octanove v1.0
impersonate,verb,C1,4,רמת פטור,4,,Octanove v1.0
impersonator,noun,C1,4,רמת פטור,4,,Octanove v1.0
impersonation,noun,C1,4,רמת פטור,4,,Octanove v1.0
buzzer,noun,C1,4,רמת פטור,4,,Octanove v1.0
desertion,noun,C1,4,רמת פטור,4,,Octanove v1.0
unoccupied,adjective,C1,4,רמת פטור,4,,Octanove v1.0
stuffy,adjective,C1,4,רמת פטור,4,,Octanove v1.0
stuffily,adverb,C1,4,רמת פטור,4,,Octanove v1.0
stuffiness,noun,C1,4,רמת פטור,4,,Octanove v1.0
gape,verb,C1,4,רמת פטור,4,,Octanove v1.0
repute,verb,C1,4,רמת פטור,4,,Octanove v1.0
toughness,noun,C1,4,רמת פטור,4,,Octanove v1.0
plumbing,noun,C1,4,רמת פטור,4,,Octanove v1.0
glum,adjective,C1,4,רמת פטור,4,,Octanove v1.0
glumly,adverb,C1,4,רמת פטור,4,,Octanove v1.0
gamely,adverb,C1,4,רמת פטור,4,,Octanove v1.0
dissect,verb,C1,4,רמת פטור,4,,Octanove v1.0
dissection,noun,C1,4,רמת פטור,4,,Octanove v1.0
commend,verb,C1,4,רמת פטור,4,,Octanove v1.0
commendation,noun,C1,4,רמת פטור,4,,Octanove v1.0
thereby,adverb,C1,4,רמת פטור,4,,Octanove v1.0
flick,verb,C1,4,רמת פטור,4,,Octanove v1.0
flicker,noun,C1,4,רמת פטור,4,,Octanove v1.0
unenviable,adjective,C1,4,רמת פטור,4,,Octanove v1.0
unenviably,adverb,C1,4,רמת פטור,4,,Octanove v1.0
allege,verb,C1,4,רמת פטור,4,,Octanove v1.0
bribe,verb,C1,4,רמת פטור,4,,Octanove v1.0
bribery,noun,C1,4,רמת פטור,4,,Octanove v1.0
inclusion,noun,C1,4,רמת פטור,4,,Octanove v1.0
inclusive,adjective,C1,4,רמת פטור,4,,Octanove v1.0
inclusively,adverb,C1,4,רמת פטור,4,,Octanove v1.0
unconvincing,adjective,C1,4,רמת פטור,4,,Octanove v1.0
unconvincingly,adverb,C1,4,רמת פטור,4,,Octanove v1.0
recharge,verb,C1,4,רמת פטור,4,,Octanove v1.0
facilitation,noun,C1,4,רמת פטור,4,,Octanove v1.0
conditional,adjective,C1,4,רמת פטור,4,,Octanove v1.0
conditionally,adverb,C1,4,רמת פטור,4,,Octanove v1.0
supple,adjective,C1,4,רמת פטור,4,,Octanove v1.0
manicure,noun,C1,4,רמת פטור,4,,Octanove v1.0
pedicure,noun,C1,4,רמת פטור,4,,Octanove v1.0
facial,adjective,C1,4,רמת פטור,4,,Octanove v1.0
bouquet,noun,C1,4,רמת פטור,4,,Octanove v1.0
refurbish,verb,C1,4,רמת פטור,4,,Octanove v1.0
refurbishment,noun,C1,4,רמת פטור,4,,Octanove v1.0
grounds,noun,C1,4,רמת פטור,4,,Octanove v1.0
lethargy,noun,C1,4,רמת פטור,4,,Octanove v1.0
lethargic,adjective,C1,4,רמת פטור,4,,Octanove v1.0
lethargically,adverb,C1,4,רמת פטור,4,,Octanove v1.0
stately,adjective,C1,4,רמת פטור,4,,Octanove v1.0
conserve,verb,C1,4,רמת פטור,4,,Octanove v1.0
conservatory,noun,C1,4,רמת פטור,4,,Octanove v1.0
disquieting,adjective,C1,4,רמת פטור,4,,Octanove v1.0
fiercely,adverb,C1,4,רמת פטור,4,,Octanove v1.0
grapefruit,noun,C1,4,רמת פטור,4,,Octanove v1.0
exotically,adverb,C1,4,רמת פטור,4,,Octanove v1.0
flask,noun,C1,4,רמת פטור,4,,Octanove v1.0
spacious,adjective,C1,4,רמת פטור,4,,Octanove v1.0
gourmet,adjective,C1,4,רמת פטור,4,,Octanove v1.0
conjure,verb,C1,4,רמת פטור,4,,Octanove v1.0
creamy,adjective,C1,4,רמת פטור,4,,Octanove v1.0
sauna,noun,C1,4,רמת פטור,4,,Octanove v1.0
remedial,adjective,C1,4,רמת פטור,4,,Octanove v1.0
posture,noun,C1,4,רמת פטור,4,,Octanove v1.0
sedate,verb,C1,4,רמת פטור,4,,Octanove v1.0
sedately,adverb,C1,4,רמת פטור,4,,Octanove v1.0
clutch,verb,C1,4,רמת פטור,4,,Octanove v1.0
staggering,adjective,C1,4,רמת פטור,4,,Octanove v1.0
dutiful,adjective,C1,4,רמת פטור,4,,Octanove v1.0
dutifully,adverb,C1,4,רמת פטור,4,,Octanove v1.0
calorie,noun,C1,4,רמת פטור,4,,Octanove v1.0
fabulously,adverb,C1,4,רמת פטור,4,,Octanove v1.0
premises,noun,C1,4,רמת פטור,4,,Octanove v1.0
eclectic,adjective,C1,4,רמת פטור,4,,Octanove v1.0
eclectically,adverb,C1,4,רמת פטור,4,,Octanove v1.0
revere,verb,C1,4,רמת פטור,4,,Octanove v1.0
recognizable/recognisable,adjective,C1,4,רמת פטור,4,,Octanove v1.0
recognizably/recognisably,adverb,C1,4,רמת פטור,4,,Octanove v1.0
batter,verb,C1,4,רמת פטור,4,,Octanove v1.0
unreliably,adverb,C1,4,רמת פטור,4,,Octanove v1.0
waterfront,noun,C1,4,רמת פטור,4,,Octanove v1.0
amply,adverb,C1,4,רמת פטור,4,,Octanove v1.0
amplification,noun,C1,4,רמת פטור,4,,Octanove v1.0
battered,adjective,C1,4,רמת פטור,4,,Octanove v1.0
comply,verb,C1,4,רמת פטור,4,,Octanove v1.0
compliance,noun,C1,4,רמת פטור,4,,Octanove v1.0
compliant,adjective,C1,4,רמת פטור,4,,Octanove v1.0
compliantly,adverb,C1,4,רמת פטור,4,,Octanove v1.0
blankness,noun,C1,4,רמת פטור,4,,Octanove v1.0
exuberant,adjective,C1,4,רמת פטור,4,,Octanove v1.0
exuberance,noun,C1,4,רמת פטור,4,,Octanove v1.0
exuberantly,adverb,C1,4,רמת פטור,4,,Octanove v1.0
linear,adjective,C1,4,רמת פטור,4,,Octanove v1.0
linearly,adverb,C1,4,רמת פטור,4,,Octanove v1.0
flourish,noun,C1,4,רמת פטור,4,,Octanove v1.0
anchored,adjective,C1,4,רמת פטור,4,,Octanove v1.0
domination,noun,C1,4,רמת פטור,4,,Octanove v1.0
dominant,adjective,C1,4,רמת פטור,4,,Octanove v1.0
dominantly,adverb,C1,4,רמת פטור,4,,Octanove v1.0
interject,verb,C1,4,רמת פטור,4,,Octanove v1.0
interjection,noun,C1,4,רמת פטור,4,,Octanove v1.0
gush,verb,C1,4,רמת פטור,4,,Octanove v1.0
gushing,adjective,C1,4,רמת פטור,4,,Octanove v1.0
gushingly,adverb,C1,4,רמת פטור,4,,Octanove v1.0
voracious,adjective,C1,4,רמת פטור,4,,Octanove v1.0
voraciously,adverb,C1,4,רמת פטור,4,,Octanove v1.0
sketchbook,noun,C1,4,רמת פטור,4,,Octanove v1.0
prop,verb,C1,4,רמת פטור,4,,Octanove v1.0
imp,noun,C1,4,רמת פטור,4,,Octanove v1.0
impish,adjective,C1,4,רמת פטור,4,,Octanove v1.0
impishly,adverb,C1,4,רמת פטור,4,,Octanove v1.0
wicked,adjective,C1,4,רמת פטור,4,,Octanove v1.0
wickedly,adverb,C1,4,רמת פטור,4,,Octanove v1.0
macabre,adjective,C1,4,רמת פטור,4,,Octanove v1.0
gusto,noun,C1,4,רמת פטור,4,,Octanove v1.0
tantamount,adjective,C1,4,רמת פטור,4,,Octanove v1.0
antics,noun,C1,4,רמת פטור,4,,Octanove v1.0
relapse,verb,C1,4,רמת פטור,4,,Octanove v1.0
impede,verb,C1,4,רמת פטור,4,,Octanove v1.0
impediment,noun,C1,4,רמת פטור,4,,Octanove v1.0
taut,adjective,C1,4,רמת פטור,4,,Octanove v1.0
tautly,adverb,C1,4,רמת פטור,4,,Octanove v1.0
jersey,noun,C1,4,רמת פטור,4,,Octanove v1.0
startling,adjective,C1,4,רמת פטור,4,,Octanove v1.0
startlingly,adverb,C1,4,רמת פטור,4,,Octanove v1.0
slack,verb,C1,4,רמת פטור,4,,Octanove v1.0
slackly,adverb,C1,4,רמת פטור,4,,Octanove v1.0
unwavering,adjective,C1,4,רמת פטור,4,,Octanove v1.0
unwaveringly,adverb,C1,4,רמת פטור,4,,Octanove v1.0
removed,adjective,C1,4,רמת פטור,4,,Octanove v1.0
buffoon,noun,C1,4,רמת פטור,4,,Octanove v1.0
beguiling,adjective,C1,4,רמת פטור,4,,Octanove v1.0
beguilingly,adverb,C1,4,רמת פטור,4,,Octanove v1.0
blithely,adverb,C1,4,רמת פטור,4,,Octanove v1.0
stray,verb,C1,4,רמת פטור,4,,Octanove v1.0
mythological,adjective,C1,4,רמת פטור,4,,Octanove v1.0
mythology,noun,C1,4,רמת פטור,4,,Octanove v1.0
venerate,verb,C1,4,רמת פטור,4,,Octanove v1.0
veneration,noun,C1,4,רמת פטור,4,,Octanove v1.0
ethical,adjective,C1,4,רמת פטור,4,,Octanove v1.0
ethically,adverb,C1,4,רמת פטור,4,,Octanove v1.0
heroine,noun,C1,4,רמת פטור,4,,Octanove v1.0
refreshing,adjective,C1,4,רמת פטור,4,,Octanove v1.0
zany,adjective,C1,4,רמת פטור,4,,Octanove v1.0
devotee,noun,C1,4,רמת פטור,4,,Octanove v1.0
salve,noun,C1,4,רמת פטור,4,,Octanove v1.0
salvation,noun,C1,4,רמת פטור,4,,Octanove v1.0
salvage,verb,C1,4,רמת פטור,4,,Octanove v1.0
staccato,adjective,C1,4,רמת פטור,4,,Octanove v1.0
verve,noun,C1,4,רמת פטור,4,,Octanove v1.0
motley,adjective,C1,4,רמת פטור,4,,Octanove v1.0
preach,verb,C1,4,רמת פטור,4,,Octanove v1.0
preacher,noun,C1,4,רמת פטור,4,,Octanove v1.0
justly,adverb,C1,4,רמת פטור,4,,Octanove v1.0
wry,adjective,C1,4,רמת פטור,4,,Octanove v1.0
wryly,adverb,C1,4,רמת פטור,4,,Octanove v1.0
poetess,noun,C1,4,רמת פטור,4,,Octanove v1.0
confide,verb,C1,4,רמת פטור,4,,Octanove v1.0
sentient,adjective,C1,4,רמת פטור,4,,Octanove v1.0
sentiment,noun,C1,4,רמת פטור,4,,Octanove v1.0
sentimental,adjective,C1,4,רמת פטור,4,,Octanove v1.0
sentimentally,adverb,C1,4,רמת פטור,4,,Octanove v1.0
tangle,verb,C1,4,רמת פטור,4,,Octanove v1.0
tangled,adjective,C1,4,רמת פטור,4,,Octanove v1.0
untangle,verb,C1,4,רמת פטור,4,,Octanove v1.0
untangled,adjective,C1,4,רמת פטור,4,,Octanove v1.0
perceptive,adjective,C1,4,רמת פטור,4,,Octanove v1.0
perceptively,adverb,C1,4,רמת פטור,4,,Octanove v1.0
outset,noun,C1,4,רמת פטור,4,,Octanove v1.0
tycoon,noun,C1,4,רמת פטור,4,,Octanove v1.0
engross,verb,C1,4,רמת פטור,4,,Octanove v1.0
engrossing,adjective,C1,4,רמת פטור,4,,Octanove v1.0
detritus,noun,C1,4,רמת פטור,4,,Octanove v1.0
detriment,noun,C1,4,רמת פטור,4,,Octanove v1.0
detrimental,adjective,C1,4,רמת פטור,4,,Octanove v1.0
detrimentally,adverb,C1,4,רמת פטור,4,,Octanove v1.0
domestically,adverb,C1,4,רמת פטור,4,,Octanove v1.0
domesticate,verb,C1,4,רמת פטור,4,,Octanove v1.0
domestication,noun,C1,4,רמת פטור,4,,Octanove v1.0
eccentrically,adverb,C1,4,רמת פטור,4,,Octanove v1.0
render,verb,C1,4,רמת פטור,4,,Octanove v1.0
rendering,noun,C1,4,רמת פטור,4,,Octanove v1.0
pathos,noun,C1,4,רמת פטור,4,,Octanove v1.0
tailor,noun,C1,4,רמת פטור,4,,Octanove v1.0
personalize/personalise,verb,C1,4,רמת פטור,4,,Octanove v1.0
personalization/personalisation,noun,C1,4,רמת פטור,4,,Octanove v1.0
limitless,adjective,C1,4,רמת פטור,4,,Octanove v1.0
apprentice,noun,C1,4,רמת פטור,4,,Octanove v1.0
apprenticeship,noun,C1,4,רמת פטור,4,,Octanove v1.0
precision,noun,C1,4,רמת פטור,4,,Octanove v1.0
silhouette,noun,C1,4,רמת פטור,4,,Octanove v1.0
nondescript,adjective,C1,4,רמת פטור,4,,Octanove v1.0
negligible,adjective,C1,4,רמת פטור,4,,Octanove v1.0
negligent,adjective,C1,4,רמת פטור,4,,Octanove v1.0
negligently,adverb,C1,4,רמת פטור,4,,Octanove v1.0
principally,adverb,C1,4,רמת פטור,4,,Octanove v1.0
altruism,noun,C1,4,רמת פטור,4,,Octanove v1.0
altruistic,adjective,C1,4,רמת פטור,4,,Octanove v1.0
scenario,noun,C1,4,רמת פטור,4,,Octanove v1.0
voluntary,adjective,C1,4,רמת פטור,4,,Octanove v1.0
voluntarily,adverb,C1,4,רמת פטור,4,,Octanove v1.0
reap,verb,C1,4,רמת פטור,4,,Octanove v1.0
paternal,adjective,C1,4,רמת פטור,4,,Octanove v1.0
maternal,adjective,C1,4,רמת פטור,4,,Octanove v1.0
maternalistic,adjective,C1,4,רמת פטור,4,,Octanove v1.0
paternalistic,adjective,C1,4,רמת פטור,4,,Octanove v1.0
provisions,noun,C1,4,רמת פטור,4,,Octanove v1.0
injustice,noun,C1,4,רמת פטור,4,,Octanove v1.0
impoverished,adjective,C1,4,רמת פטור,4,,Octanove v1.0
unsustainable,adjective,C1,4,רמת פטור,4,,Octanove v1.0
unsustainably,adverb,C1,4,רמת פטור,4,,Octanove v1.0
sustainable,adjective,C1,4,רמת פטור,4,,Octanove v1.0
sustainably,adverb,C1,4,רמת פטור,4,,Octanove v1.0
bypass,verb,C1,4,רמת פטור,4,,Octanove v1.0
cynic,noun,C1,4,רמת פטור,4,,Octanove v1.0
cynical,adjective,C1,4,רמת פטור,4,,Octanove v1.0
cynically,adverb,C1,4,רמת פטור,4,,Octanove v1.0
cynicism,noun,C1,4,רמת פטור,4,,Octanove v1.0
sarcasm,noun,C1,4,רמת פטור,4,,Octanove v1.0
sarcastic,adjective,C1,4,רמת פטור,4,,Octanove v1.0
sarcastically,adverb,C1,4,רמת פטור,4,,Octanove v1.0
misplace,verb,C1,4,רמת פטור,4,,Octanove v1.0
symptomatic,adjective,C1,4,רמת פטור,4,,Octanove v1.0
degrade,verb,C1,4,רמת פטור,4,,Octanove v1.0
degrading,adjective,C1,4,רמת פטור,4,,Octanove v1.0
degradation,noun,C1,4,רמת פטור,4,,Octanove v1.0
discourse,noun,C1,4,רמת פטור,4,,Octanove v1.0
amid,preposition,C1,4,רמת פטור,4,true,Octanove v1.0
hedgehog,noun,C1,4,רמת פטור,4,,Octanove v1.0
nocturnal,adjective,C1,4,רמת פטור,4,,Octanove v1.0
hibernate,verb,C1,4,רמת פטור,4,,Octanove v1.0
hibernation,noun,C1,4,רמת פטור,4,,Octanove v1.0
convict,verb,C1,4,רמת פטור,4,,Octanove v1.0
conviction,noun,C1,4,רמת פטור,4,,Octanove v1.0
latent,adjective,C1,4,רמת פטור,4,,Octanove v1.0
snooze,verb,C1,4,רמת פטור,4,,Octanove v1.0
classy,adjective,C1,4,רמת פטור,4,,Octanove v1.0
wrench,verb,C1,4,רמת פטור,4,,Octanove v1.0
reminisce,verb,C1,4,רמת פטור,4,,Octanove v1.0
reminiscent,adjective,C1,4,רמת פטור,4,,Octanove v1.0
intuit,verb,C1,4,רמת פטור,4,,Octanove v1.0
intuition,noun,C1,4,רמת פטור,4,,Octanove v1.0
intuitive,adjective,C1,4,רמת פטור,4,,Octanove v1.0
intuitively,adverb,C1,4,רמת פטור,4,,Octanove v1.0
marginal,adjective,C1,4,רמת פטור,4,,Octanove v1.0
marginally,adverb,C1,4,רמת פטור,4,,Octanove v1.0
crude,adjective,C1,4,רמת פטור,4,,Octanove v1.0
crudely,adverb,C1,4,רמת פטור,4,,Octanove v1.0
strap,noun,C1,4,רמת פטור,4,,Octanove v1.0
strapping,adjective,C1,4,רמת פטור,4,,Octanove v1.0
scoff,verb,C1,4,רמת פטור,4,,Octanove v1.0
fiddly,adjective,C1,4,רמת פטור,4,,Octanove v1.0
fiddler,noun,C1,4,רמת פטור,4,,Octanove v1.0
fiddle,verb,C1,4,רמת פטור,4,,Octanove v1.0
unmusical,adjective,C1,4,רמת פטור,4,,Octanove v1.0
unmusically,adverb,C1,4,רמת פטור,4,,Octanove v1.0
repertory,noun,C1,4,רמת פטור,4,,Octanove v1.0
concerto,noun,C1,4,רמת פטור,4,,Octanove v1.0
premier,adjective,C1,4,רמת פטור,4,,Octanove v1.0
fanatic,noun,C1,4,רמת פטור,4,,Octanove v1.0
fanatically,adverb,C1,4,רמת פטור,4,,Octanove v1.0
acoustically,adverb,C1,4,רמת פטור,4,,Octanove v1.0
acoustic,adjective,C1,4,רמת פטור,4,,Octanove v1.0
acoustics,noun,C1,4,רמת פטור,4,,Octanove v1.0
compromised,adjective,C1,4,רמת פטור,4,,Octanove v1.0
daunt,verb,C1,4,רמת פטור,4,,Octanove v1.0
daunting,adjective,C1,4,רמת פטור,4,,Octanove v1.0
realist,noun,C1,4,רמת פטור,4,,Octanove v1.0
realism,noun,C1,4,רמת פטור,4,,Octanove v1.0
recess,noun,C1,4,רמת פטור,4,,Octanove v1.0
recessive,adjective,C1,4,רמת פטור,4,,Octanove v1.0
prolific,adjective,C1,4,רמת פטור,4,,Octanove v1.0
prolifically,adverb,C1,4,רמת פטור,4,,Octanove v1.0
proliferate,verb,C1,4,רמת פטור,4,,Octanove v1.0
fragmentation,noun,C1,4,רמת פטור,4,,Octanove v1.0
astray,adverb,C1,4,רמת פטור,4,,Octanove v1.0
duration,noun,C1,4,רמת פטור,4,,Octanove v1.0
durable,adjective,C1,4,רמת פטור,4,,Octanove v1.0
likelihood,noun,C1,4,רמת פטור,4,,Octanove v1.0
naive,adjective,C1,4,רמת פטור,4,,Octanove v1.0
naively,adverb,C1,4,רמת פטור,4,,Octanove v1.0
naivety,noun,C1,4,רמת פטור,4,,Octanove v1.0
impervious,adjective,C1,4,רמת פטור,4,,Octanove v1.0
ludicrous,adjective,C1,4,רמת פטור,4,,Octanove v1.0
ludicrously,adverb,C1,4,רמת פטור,4,,Octanove v1.0
cost-effective,adjective,C1,4,רמת פטור,4,,Octanove v1.0
gruesome,adjective,C1,4,רמת פטור,4,,Octanove v1.0
gruesomely,adverb,C1,4,רמת פטור,4,,Octanove v1.0
envisage,verb,C1,4,רמת פטור,4,,Octanove v1.0
screenwriter,noun,C1,4,רמת פטור,4,,Octanove v1.0
mingle,verb,C1,4,רמת פטור,4,,Octanove v1.0
churn,verb,C1,4,רמת פטור,4,,Octanove v1.0
buffer,verb,C1,4,רמת פטור,4,,Octanove v1.0
irate,adjective,C1,4,רמת פטור,4,,Octanove v1.0
irately,adverb,C1,4,רמת פטור,4,,Octanove v1.0
docile,adjective,C1,4,רמת פטור,4,,Octanove v1.0
docilely,adverb,C1,4,רמת פטור,4,,Octanove v1.0
fiend,noun,C1,4,רמת פטור,4,,Octanove v1.0
fiendish,adjective,C1,4,רמת פטור,4,,Octanove v1.0
fiendishly,adverb,C1,4,רמת פטור,4,,Octanove v1.0
transfix,verb,C1,4,רמת פטור,4,,Octanove v1.0
gypsy,noun,C1,4,רמת פטור,4,,Octanove v1.0
temperament,noun,C1,4,רמת פטור,4,,Octanove v1.0
temperamental,adjective,C1,4,רמת פטור,4,,Octanove v1.0
temperamentally,adverb,C1,4,רמת פטור,4,,Octanove v1.0
screenplay,noun,C1,4,רמת פטור,4,,Octanove v1.0
disillusionment,noun,C1,4,רמת פטור,4,,Octanove v1.0
demise,noun,C1,4,רמת פטור,4,,Octanove v1.0
raunchy,adjective,C1,4,רמת פטור,4,,Octanove v1.0
raunchily,adverb,C1,4,רמת פטור,4,,Octanove v1.0
overdraft,verb,C1,4,רמת פטור,4,,Octanove v1.0
synopsis,noun,C1,4,רמת פטור,4,,Octanove v1.0
renown,noun,C1,4,רמת פטור,4,,Octanove v1.0
contested,adjective,C1,4,רמת פטור,4,,Octanove v1.0
verandah,noun,C1,4,רמת פטור,4,,Octanove v1.0
occupational,adjective,C1,4,רמת פטור,4,,Octanove v1.0
verdict,noun,C1,4,רמת פטור,4,,Octanove v1.0
ventilate,verb,C1,4,רמת פטור,4,,Octanove v1.0
ventilation,noun,C1,4,רמת פטור,4,,Octanove v1.0
occupant,noun,C1,4,רמת פטור,4,,Octanove v1.0
radiator,noun,C1,4,רמת פטור,4,,Octanove v1.0
homely,adjective,C1,4,רמת פטור,4,,Octanove v1.0
bureaucratic,adjective,C1,4,רמת פטור,4,,Octanove v1.0
bureaucratically,adverb,C1,4,רמת פטור,4,,Octanove v1.0
adjustable,adjective,C1,4,רמת פטור,4,,Octanove v1.0
fatigue,noun,C1,4,רמת פטור,4,,Octanove v1.0
muscular,adjective,C1,4,רמת פטור,4,,Octanove v1.0
versatile,adjective,C1,4,רמת פטור,4,,Octanove v1.0
versatility,noun,C1,4,רמת פטור,4,,Octanove v1.0
stimuli,noun,C1,4,רמת פטור,4,,Octanove v1.0
uninspiring,adjective,C1,4,רמת פטור,4,,Octanove v1.0
mutually,adverb,C1,4,רמת פטור,4,,Octanove v1.0
somber/sombre,adjective,C1,4,רמת פטור,4,,Octanove v1.0
somberly/sombrely,adverb,C1,4,רמת פטור,4,,Octanove v1.0
clutter,noun,C1,4,רמת פטור,4,,Octanove v1.0
dislodge,verb,C1,4,רמת פטור,4,,Octanove v1.0
carpenter,noun,C1,4,רמת פטור,4,,Octanove v1.0
carpentry,noun,C1,4,רמת פטור,4,,Octanove v1.0
transit,noun,C1,4,רמת פטור,4,,Octanove v1.0
plummet,verb,C1,4,רמת פטור,4,,Octanove v1.0
circulate,verb,C1,4,רמת פטור,4,,Octanove v1.0
circulation,noun,C1,4,רמת פטור,4,,Octanove v1.0
demography,noun,C1,4,רמת פטור,4,,Octanove v1.0
demographic,adjective,C1,4,רמת פטור,4,,Octanove v1.0
demographically,adverb,C1,4,רמת פטור,4,,Octanove v1.0
phenomenal,adjective,C1,4,רמת פטור,4,,Octanove v1.0
phenomenally,adverb,C1,4,רמת פטור,4,,Octanove v1.0
prophet,noun,C1,4,רמת פטור,4,,Octanove v1.0
prophetic,adjective,C1,4,רמת פטור,4,,Octanove v1.0
paywall,noun,C1,4,רמת פטור,4,,Octanove v1.0
firewall,noun,C1,4,רמת פטור,4,,Octanove v1.0
invoice,noun,C1,4,רמת פטור,4,,Octanove v1.0
demolition,noun,C1,4,רמת פטור,4,,Octanove v1.0
demo,noun,C1,4,רמת פטור,4,,Octanove v1.0
gig,noun,C1,4,רמת פטור,4,,Octanove v1.0
socialization,noun,C1,4,רמת פטור,4,,Octanove v1.0
antiquity,noun,C1,4,רמת פטור,4,,Octanove v1.0
antiquated,adjective,C1,4,רמת פטור,4,,Octanove v1.0
restoration,noun,C1,4,רמת פטור,4,,Octanove v1.0
restorative,adjective,C1,4,רמת פטור,4,,Octanove v1.0
rotate,verb,C1,4,רמת פטור,4,,Octanove v1.0
coupled,adjective,C1,4,רמת פטור,4,,Octanove v1.0
itinerary,noun,C1,4,רמת פטור,4,,Octanove v1.0
charter,verb,C1,4,רמת פטור,4,,Octanove v1.0
terrain,noun,C1,4,רמת פטור,4,,Octanove v1.0
resilient,adjective,C1,4,רמת פטור,4,,Octanove v1.0
resilience,noun,C1,4,רמת פטור,4,,Octanove v1.0
enterprising,adjective,C1,4,רמת פטור,4,,Octanove v1.0
integral,adjective,C1,4,רמת פטור,4,,Octanove v1.0
canoe,noun,C1,4,רמת פטור,4,,Octanove v1.0
magnetic,adjective,C1,4,רמת פטור,4,,Octanove v1.0
magnetism,noun,C1,4,רמת פטור,4,,Octanove v1.0
magnetically,adverb,C1,4,רמת פטור,4,,Octanove v1.0
credible,adjective,C1,4,רמת פטור,4,,Octanove v1.0
credibly,adverb,C1,4,רמת פטור,4,,Octanove v1.0
credibility,noun,C1,4,רמת פטור,4,,Octanove v1.0
credential,noun,C1,4,רמת פטור,4,,Octanove v1.0
acutely,adverb,C1,4,רמת פטור,4,,Octanove v1.0
prohibitive,adjective,C1,4,רמת פטור,4,,Octanove v1.0
prohibitively,adverb,C1,4,רמת פטור,4,,Octanove v1.0
fissure,noun,C1,4,רמת פטור,4,,Octanove v1.0
pendulous,adjective,C1,4,רמת פטור,4,,Octanove v1.0
suspension,noun,C1,4,רמת פטור,4,,Octanove v1.0
anthropology,noun,C1,4,רמת פטור,4,,Octanove v1.0
anthropologist,noun,C1,4,רמת פטור,4,,Octanove v1.0
squander,verb,C1,4,רמת פטור,4,,Octanove v1.0
munch,verb,C1,4,רמת פטור,4,,Octanove v1.0
adjoin,verb,C1,4,רמת פטור,4,,Octanove v1.0
adjoining,adjective,C1,4,רמת פטור,4,,Octanove v1.0
wizened,adjective,C1,4,רמת פטור,4,,Octanove v1.0
graft,verb,C1,4,רמת פטור,4,,Octanove v1.0
orchard,noun,C1,4,רמת פטור,4,,Octanove v1.0
seedling,noun,C1,4,רמת פטור,4,,Octanove v1.0
tract,noun,C1,4,רמת פטור,4,,Octanove v1.0
folktale,noun,C1,4,רמת פטור,4,,Octanove v1.0
sprout,verb,C1,4,רמת פטור,4,,Octanove v1.0
hypocrisy,noun,C1,4,רמת פטור,4,,Octanove v1.0
hypocrite,noun,C1,4,רמת פטור,4,,Octanove v1.0
hypocritical,adjective,C1,4,רמת פטור,4,,Octanove v1.0
hypocritically,adverb,C1,4,רמת פטור,4,,Octanove v1.0
midwife,noun,C1,4,רמת פטור,4,,Octanove v1.0
commercially,adverb,C1,4,רמת פטור,4,,Octanove v1.0
uniformity,noun,C1,4,רמת פטור,4,,Octanove v1.0
numb,adjective,C1,4,רמת פטור,4,,Octanove v1.0
tastebud,noun,C1,4,רמת פטור,4,,Octanove v1.0
amateur,noun,C1,4,רמת פטור,4,,Octanove v1.0
retrace,verb,C1,4,רמת פטור,4,,Octanove v1.0
insubordinate,adjective,C1,4,רמת פטור,4,,Octanove v1.0
insubordination,noun,C1,4,רמת פטור,4,,Octanove v1.0
insubordinately,adverb,C1,4,רמת פטור,4,,Octanove v1.0
subordinate,noun,C1,4,רמת פטור,4,,Octanove v1.0
primitively,adverb,C1,4,רמת פטור,4,,Octanove v1.0
embark,verb,C1,4,רמת פטור,4,,Octanove v1.0
expedite,verb,C1,4,רמת פטור,4,,Octanove v1.0
contextual,adjective,C1,4,רמת פטור,4,,Octanove v1.0
contextually,adverb,C1,4,רמת פטור,4,,Octanove v1.0
whilst,conjunction,C1,4,רמת פטור,4,true,Octanove v1.0
maneuver/manoeuvre,verb,C1,4,רמת פטור,4,,Octanove v1.0
riveting,adjective,C1,4,רמת פטור,4,,Octanove v1.0
plunge,verb,C1,4,רמת פטור,4,,Octanove v1.0
debut,noun,C1,4,רמת פטור,4,,Octanove v1.0
turmoil,noun,C1,4,רמת פטור,4,,Octanove v1.0
scathing,adjective,C1,4,רמת פטור,4,,Octanove v1.0
unscathing,adjective,C1,4,רמת פטור,4,,Octanove v1.0
convoluted,adjective,C1,4,רמת פטור,4,,Octanove v1.0
undaunted,adjective,C1,4,רמת פטור,4,,Octanove v1.0
gutsy,adjective,C1,4,רמת פטור,4,,Octanove v1.0
deprivation,noun,C1,4,רמת פטור,4,,Octanove v1.0
farce,noun,C1,4,רמת פטור,4,,Octanove v1.0
portray,verb,C1,4,רמת פטור,4,,Octanove v1.0
portrayal,noun,C1,4,רמת פטור,4,,Octanove v1.0
elusive,adjective,C1,4,רמת פטור,4,,Octanove v1.0
elude,verb,C1,4,רמת פטור,4,,Octanove v1.0
incisor,noun,C1,4,רמת פטור,4,,Octanove v1.0
incision,noun,C1,4,רמת פטור,4,,Octanove v1.0
chisel,verb,C1,4,רמת פטור,4,,Octanove v1.0
chiselled,adjective,C1,4,רמת פטור,4,,Octanove v1.0
gnaw,verb,C1,4,רמת פטור,4,,Octanove v1.0
elongate,verb,C1,4,רמת פטור,4,,Octanove v1.0
telltale,adjective,C1,4,רמת פטור,4,,Octanove v1.0
cavity,noun,C1,4,רמת פטור,4,,Octanove v1.0
rustle,verb,C1,4,רמת פטור,4,,Octanove v1.0
glean,verb,C1,4,רמת פטור,4,,Octanove v1.0
niche,noun,C1,4,רמת פטור,4,,Octanove v1.0
somersault,noun,C1,4,רמת פטור,4,,Octanove v1.0
exhilarate,verb,C1,4,רמת פטור,4,,Octanove v1.0
exhilarating,adjective,C1,4,רמת פטור,4,,Octanove v1.0
exhilaration,noun,C1,4,רמת פטור,4,,Octanove v1.0
physicality,noun,C1,4,רמת פטור,4,,Octanove v1.0
hack,verb,C1,4,רמת פטור,4,,Octanove v1.0
lust,noun,C1,4,רמת פטור,4,,Octanove v1.0
unsettling,adjective,C1,4,רמת פטור,4,,Octanove v1.0
unsettle,verb,C1,4,רמת פטור,4,,Octanove v1.0
suburban,adjective,C1,4,רמת פטור,4,,Octanove v1.0
suburbia,noun,C1,4,רמת פטור,4,,Octanove v1.0
dramatist,noun,C1,4,רמת פטור,4,,Octanove v1.0
characterization/characterisation,noun,C1,4,רמת פטור,4,,Octanove v1.0
quirky,adjective,C1,4,רמת פטור,4,,Octanove v1.0
sprawl,noun,C1,4,רמת פטור,4,,Octanove v1.0
ingenuity,noun,C1,4,רמת פטור,4,,Octanove v1.0
panorama,noun,C1,4,רמת פטור,4,,Octanove v1.0
panoramic,adjective,C1,4,רמת פטור,4,,Octanove v1.0
benign,adjective,C1,4,רמת פטור,4,,Octanove v1.0
benignly,adverb,C1,4,רמת פטור,4,,Octanove v1.0
explosively,adverb,C1,4,רמת פטור,4,,Octanove v1.0
bequeath,verb,C1,4,רמת פטור,4,,Octanove v1.0
legacy,noun,C1,4,רמת פטור,4,,Octanove v1.0
synthetic,adjective,C1,4,רמת פטור,4,,Octanove v1.0
synthetically,adverb,C1,4,רמת פטור,4,,Octanove v1.0
lackluster/lacklustre,adjective,C1,4,רמת פטור,4,,Octanove v1.0
elastic,noun,C1,4,רמת פטור,4,,Octanove v1.0
appall/appal,verb,C1,4,רמת פטור,4,,Octanove v1.0
appalling,adjective,C1,4,רמת פטור,4,,Octanove v1.0
appallingly,adverb,C1,4,רמת פטור,4,,Octanove v1.0
pounce,verb,C1,4,רמת פטור,4,,Octanove v1.0
abound,verb,C1,4,רמת פטור,4,,Octanove v1.0
sap,noun,C1,4,רמת פטור,4,,Octanove v1.0
monotonous,adjective,C1,4,רמת פטור,4,,Octanove v1.0
monotonously,adverb,C1,4,רמת פטור,4,,Octanove v1.0
monotony,noun,C1,4,רמת פטור,4,,Octanove v1.0
turn to,verb,C1,4,רמת פטור,4,,Octanove v1.0
ingenious,adjective,C1,4,רמת פטור,4,,Octanove v1.0
plaque,noun,C1,4,רמת פטור,4,,Octanove v1.0
neutralize/neutralise,verb,C1,4,רמת פטור,4,,Octanove v1.0
neutralization/neutralisation,noun,C1,4,רמת פטור,4,,Octanove v1.0
salivate,verb,C1,4,רמת פטור,4,,Octanove v1.0
cessation,noun,C1,4,רמת פטור,4,,Octanove v1.0
remorse,noun,C1,4,רמת פטור,4,,Octanove v1.0
remorseless,adjective,C1,4,רמת פטור,4,,Octanove v1.0
remorsefully,adverb,C1,4,רמת פטור,4,,Octanove v1.0
remorselessly,adverb,C1,4,רמת פטור,4,,Octanove v1.0
inexcusable,adjective,C1,4,רמת פטור,4,,Octanove v1.0
inexcusably,adverb,C1,4,רמת פטור,4,,Octanove v1.0
unassisted,adjective,C1,4,רמת פטור,4,,Octanove v1.0
heighten,verb,C1,4,רמת פטור,4,,Octanove v1.0
fixture,noun,C1,4,רמת פטור,4,,Octanove v1.0
bulk,noun,C1,4,רמת פטור,4,,Octanove v1.0
bulky,adjective,C1,4,רמת פטור,4,,Octanove v1.0
bulk up,verb,C1,4,רמת פטור,4,,Octanove v1.0
digitalize/digitalise,verb,C1,4,רמת פטור,4,,Octanove v1.0
digitalization/digitalisation,noun,C1,4,רמת פטור,4,,Octanove v1.0
mark-up,noun,C1,4,רמת פטור,4,,Octanove v1.0
complementary,adjective,C1,4,רמת פטור,4,,Octanove v1.0
complimentary,adjective,C1,4,רמת פטור,4,,Octanove v1.0
staple,noun,C1,4,רמת פטור,4,,Octanove v1.0
wares,noun,C1,4,רמת פטור,4,,Octanove v1.0
testament,noun,C1,4,רמת פטור,4,,Octanove v1.0
succulent,noun,C1,4,רמת פטור,4,,Octanove v1.0
succulently,adverb,C1,4,רמת פטור,4,,Octanove v1.0
tranquil,adjective,C1,4,רמת פטור,4,,Octanove v1.0
tranquility,noun,C1,4,רמת פטור,4,,Octanove v1.0
spartan,adjective,C1,4,רמת פטור,4,,Octanove v1.0
peninsula,noun,C1,4,רמת פטור,4,,Octanove v1.0
billiards,noun,C1,4,רמת פטור,4,,Octanove v1.0
